defect_type,n_samples,n_pos,n_neg,accuracy,precision,recall,f1,roc_auc,pr_auc,tp,fp,tn,fn
bruciato,144,120,24,1.0,1.0,1.0,1.0,1.0,0.9999999999999998,120,0,24,0
crudo,144,136,8,0.7430555555555556,1.0,0.7279411764705882,0.8425531914893617,0.9889705882352942,0.9993285461989714,99,0,8,37
marcio,120,120,0,0.8083333333333333,1.0,0.8083333333333333,0.8940092165898618,,,97,0,0,23
ammuffito,32,16,16,1.0,1.0,1.0,1.0,1.0,1.0,16,0,16,0
insetti,8,8,0,0.0,0.0,0.0,0.0,,,0,0,0,8
