{
  "aggregation": "mean",
  "n_photos": 221,
  "original_threshold": {
    "threshold": 0.6500000000000001,
    "n_photos": 221,
    "n_positive": 50.0,
    "n_negative": 171.0,
    "accuracy": 0.9049773755656109,
    "precision": 0.7735849056603774,
    "recall": 0.82,
    "f1": 0.7961165048543689,
    "roc_auc": 0.9694736842105264,
    "pr_auc": 0.9136861407915824,
    "tn": 159,
    "fp": 12,
    "fn": 9,
    "tp": 41
  },
  "optimal_f1_threshold": {
    "threshold": 0.2,
    "n_photos": 221,
    "n_positive": 50.0,
    "n_negative": 171.0,
    "accuracy": 0.8778280542986425,
    "precision": 0.6666666666666666,
    "recall": 0.92,
    "f1": 0.773109243697479,
    "roc_auc": 0.9694736842105264,
    "pr_auc": 0.9136861407915824,
    "tn": 148,
    "fp": 23,
    "fn": 4,
    "tp": 46
  },
  "optimal_precision_threshold": {
    "threshold": 0.2,
    "n_photos": 221,
    "n_positive": 50.0,
    "n_negative": 171.0,
    "accuracy": 0.8778280542986425,
    "precision": 0.6666666666666666,
    "recall": 0.92,
    "f1": 0.773109243697479,
    "roc_auc": 0.9694736842105264,
    "pr_auc": 0.9136861407915824,
    "tn": 148,
    "fp": 23,
    "fn": 4,
    "tp": 46
  },
  "consistency": {
    "avg_std": 0.018920561233950955,
    "median_std": 0.0026591599453234353,
    "max_std": 0.18189695527469077,
    "photos_std_lt_0.01": 47.0,
    "photos_std_lt_0.02": 57.0,
    "photos_std_lt_0.05": 63.0,
    "pct_std_lt_0.05": 28.50678733031674
  }
}