path,y_true,y_prob,y_pred,source,quality,food_category,defect_type,generator
/content/drive/MyDrive/DatasetVerifoto/images/platsim_whatsapp_vale_id/modificate/altro/insetti/gpt_image_1_mini/eaqahksl_altro_buono_gpt_image_1_mini.jpg,1,0.021911643,0,modificate,,altro,insetti,gpt_image_1_mini
/content/drive/MyDrive/DatasetVerifoto/images/platsim_whatsapp_vale_id/modificate/altro/insetti/gpt_image_1_5/ztu4nswa_altro_buono_gpt_image_1_5.jpg,1,0.9785542,1,modificate,,altro,insetti,gpt_image_1_5
/content/drive/MyDrive/DatasetVerifoto/images/platsim_whatsapp_vale_id/modificate/altro/insetti/gpt_image_1_5/eaqahksl_altro_buono_gpt_image_1_5.jpg,1,0.10993462,0,modificate,,altro,insetti,gpt_image_1_5
/content/drive/MyDrive/DatasetVerifoto/images/platsim_whatsapp_vale_id/modificate/altro/bruciato/gpt_image_1_5/3ibv5meg_altro_buono_gpt_image_1_5.jpg,1,0.98507196,1,modificate,,altro,bruciato,gpt_image_1_5
/content/drive/MyDrive/DatasetVerifoto/images/platsim_whatsapp_vale_id/modificate/altro/bruciato/gpt_image_1_5/3ny4ybrn_altro_buono_gpt_image_1_5.jpg,1,0.8405992,1,modificate,,altro,bruciato,gpt_image_1_5
/content/drive/MyDrive/DatasetVerifoto/images/platsim_whatsapp_vale_id/modificate/altro/bruciato/gpt_image_1_5/eggrfhgy_altro_buono_gpt_image_1_5.jpg,1,0.9892231,1,modificate,,altro,bruciato,gpt_image_1_5
/content/drive/MyDrive/DatasetVerifoto/images/platsim_whatsapp_vale_id/modificate/altro/bruciato/gpt_image_1_5/v272ozug_altro_buono_gpt_image_1_5.jpg,1,0.017904101,0,modificate,,altro,bruciato,gpt_image_1_5
/content/drive/MyDrive/DatasetVerifoto/images/platsim_whatsapp_vale_id/modificate/altro/bruciato/gpt_image_1_5/pb426xgw_altro_buono_gpt_image_1_5.jpg,1,0.49455616,1,modificate,,altro,bruciato,gpt_image_1_5
/content/drive/MyDrive/DatasetVerifoto/images/platsim_whatsapp_vale_id/modificate/altro/bruciato/gpt_image_1_5/qposus4o_altro_buono_gpt_image_1_5.jpg,1,0.017359331,0,modificate,,altro,bruciato,gpt_image_1_5
/content/drive/MyDrive/DatasetVerifoto/images/platsim_whatsapp_vale_id/modificate/altro/bruciato/gpt_image_1_5/uprvh6oz_altro_buono_gpt_image_1_5.jpg,1,0.9279877,1,modificate,,altro,bruciato,gpt_image_1_5
/content/drive/MyDrive/DatasetVerifoto/images/platsim_whatsapp_vale_id/modificate/altro/bruciato/gpt_image_1_5/merbyufk_altro_buono_gpt_image_1_5.jpg,1,0.009917163,0,modificate,,altro,bruciato,gpt_image_1_5
/content/drive/MyDrive/DatasetVerifoto/images/platsim_whatsapp_vale_id/modificate/altro/bruciato/gpt_image_1_5/buakq3ew_altro_buono_gpt_image_1_5.jpg,1,0.99122345,1,modificate,,altro,bruciato,gpt_image_1_5
/content/drive/MyDrive/DatasetVerifoto/images/platsim_whatsapp_vale_id/modificate/altro/bruciato/gpt_image_1_5/lk5uuzmn_altro_buono_gpt_image_1_5.jpg,1,0.9837445,1,modificate,,altro,bruciato,gpt_image_1_5
/content/drive/MyDrive/DatasetVerifoto/images/platsim_whatsapp_vale_id/modificate/altro/bruciato/gpt_image_1_5/bpoz7nxx_altro_buono_gpt_image_1_5.jpg,1,0.9743815,1,modificate,,altro,bruciato,gpt_image_1_5
/content/drive/MyDrive/DatasetVerifoto/images/platsim_whatsapp_vale_id/modificate/altro/bruciato/gpt_image_1_5/zpu56j2e_altro_buono_gpt_image_1_5.jpg,1,0.9746122,1,modificate,,altro,bruciato,gpt_image_1_5
/content/drive/MyDrive/DatasetVerifoto/images/platsim_whatsapp_vale_id/modificate/altro/bruciato/gpt_image_1_5/vqw3jetg_altro_buono_gpt_image_1_5.jpg,1,0.859235,1,modificate,,altro,bruciato,gpt_image_1_5
/content/drive/MyDrive/DatasetVerifoto/images/platsim_whatsapp_vale_id/modificate/altro/bruciato/gpt_image_1_5/yws6lzb7_altro_buono_gpt_image_1_5.jpg,1,0.98753524,1,modificate,,altro,bruciato,gpt_image_1_5
/content/drive/MyDrive/DatasetVerifoto/images/platsim_whatsapp_vale_id/modificate/altro/bruciato/gpt_image_1_5/wd3lojvd_altro_buono_gpt_image_1_5.jpg,1,0.01990185,0,modificate,,altro,bruciato,gpt_image_1_5
/content/drive/MyDrive/DatasetVerifoto/images/platsim_whatsapp_vale_id/modificate/altro/bruciato/gpt_image_1_5/wid2gozj_altro_buono_gpt_image_1_5.jpg,1,0.9935967,1,modificate,,altro,bruciato,gpt_image_1_5
/content/drive/MyDrive/DatasetVerifoto/images/platsim_whatsapp_vale_id/modificate/altro/bruciato/gpt_image_1_5/wsko4qco_altro_dubbio_gpt_image_1_5.jpg,1,0.92485857,1,modificate,,altro,bruciato,gpt_image_1_5
/content/drive/MyDrive/DatasetVerifoto/images/platsim_whatsapp_vale_id/modificate/altro/bruciato/gpt_image_1_mini/vqw3jetg_altro_buono_gpt_image_1_mini.jpg,1,0.9932354,1,modificate,,altro,bruciato,gpt_image_1_mini
/content/drive/MyDrive/DatasetVerifoto/images/platsim_whatsapp_vale_id/modificate/altro/bruciato/gpt_image_1_mini/bpoz7nxx_altro_buono_gpt_image_1_mini.jpg,1,0.9649103,1,modificate,,altro,bruciato,gpt_image_1_mini
/content/drive/MyDrive/DatasetVerifoto/images/platsim_whatsapp_vale_id/modificate/altro/bruciato/gpt_image_1_mini/v272ozug_altro_buono_gpt_image_1_mini.jpg,1,0.9916853,1,modificate,,altro,bruciato,gpt_image_1_mini
/content/drive/MyDrive/DatasetVerifoto/images/platsim_whatsapp_vale_id/modificate/altro/bruciato/gpt_image_1_mini/qposus4o_altro_buono_gpt_image_1_mini.jpg,1,0.70155126,1,modificate,,altro,bruciato,gpt_image_1_mini
/content/drive/MyDrive/DatasetVerifoto/images/platsim_whatsapp_vale_id/modificate/altro/marcio/gpt_image_1_mini/3ouebiyo_altro_buono_gpt_image_1_mini.jpg,1,0.9938446,1,modificate,,altro,marcio,gpt_image_1_mini
/content/drive/MyDrive/DatasetVerifoto/images/platsim_whatsapp_vale_id/modificate/altro/marcio/gpt_image_1_mini/qposus4o_altro_buono_gpt_image_1_mini.jpg,1,0.06951185,0,modificate,,altro,marcio,gpt_image_1_mini
/content/drive/MyDrive/DatasetVerifoto/images/platsim_whatsapp_vale_id/modificate/altro/marcio/gpt_image_1_mini/v272ozug_altro_buono_gpt_image_1_mini.jpg,1,0.39185095,1,modificate,,altro,marcio,gpt_image_1_mini
/content/drive/MyDrive/DatasetVerifoto/images/platsim_whatsapp_vale_id/modificate/altro/marcio/gpt_image_1_mini/eaqahksl_altro_buono_gpt_image_1_mini.jpg,1,0.020129096,0,modificate,,altro,marcio,gpt_image_1_mini
/content/drive/MyDrive/DatasetVerifoto/images/platsim_whatsapp_vale_id/modificate/altro/marcio/gpt_image_1_mini/yodxel7a_altro_buono_gpt_image_1_mini.jpg,1,0.99019754,1,modificate,,altro,marcio,gpt_image_1_mini
/content/drive/MyDrive/DatasetVerifoto/images/platsim_whatsapp_vale_id/modificate/altro/marcio/gpt_image_1_5/3ouebiyo_altro_buono_gpt_image_1_5.jpg,1,0.95919335,1,modificate,,altro,marcio,gpt_image_1_5
/content/drive/MyDrive/DatasetVerifoto/images/platsim_whatsapp_vale_id/modificate/altro/marcio/gpt_image_1_5/gul7rtua_altro_buono_gpt_image_1_5.jpg,1,0.9940507,1,modificate,,altro,marcio,gpt_image_1_5
/content/drive/MyDrive/DatasetVerifoto/images/platsim_whatsapp_vale_id/modificate/altro/marcio/gpt_image_1_5/eaqahksl_altro_buono_gpt_image_1_5.jpg,1,0.03769776,0,modificate,,altro,marcio,gpt_image_1_5
/content/drive/MyDrive/DatasetVerifoto/images/platsim_whatsapp_vale_id/modificate/altro/marcio/gpt_image_1_5/avk5mamu_altro_buono_gpt_image_1_5.jpg,1,0.9529101,1,modificate,,altro,marcio,gpt_image_1_5
/content/drive/MyDrive/DatasetVerifoto/images/platsim_whatsapp_vale_id/modificate/altro/marcio/gpt_image_1_5/5r4hbtsa_altro_buono_gpt_image_1_5.jpg,1,0.009336235,0,modificate,,altro,marcio,gpt_image_1_5
/content/drive/MyDrive/DatasetVerifoto/images/platsim_whatsapp_vale_id/modificate/altro/marcio/gpt_image_1_5/3ny4ybrn_altro_buono_gpt_image_1_5.jpg,1,0.032846946,0,modificate,,altro,marcio,gpt_image_1_5
/content/drive/MyDrive/DatasetVerifoto/images/platsim_whatsapp_vale_id/modificate/altro/marcio/gpt_image_1_5/3ibv5meg_altro_buono_gpt_image_1_5.jpg,1,0.9910116,1,modificate,,altro,marcio,gpt_image_1_5
/content/drive/MyDrive/DatasetVerifoto/images/platsim_whatsapp_vale_id/modificate/altro/marcio/gpt_image_1_5/buqukcd4_altro_buono_gpt_image_1_5.jpg,1,0.8653844,1,modificate,,altro,marcio,gpt_image_1_5
/content/drive/MyDrive/DatasetVerifoto/images/platsim_whatsapp_vale_id/modificate/altro/marcio/gpt_image_1_5/buakq3ew_altro_buono_gpt_image_1_5.jpg,1,0.9872355,1,modificate,,altro,marcio,gpt_image_1_5
/content/drive/MyDrive/DatasetVerifoto/images/platsim_whatsapp_vale_id/modificate/altro/marcio/gpt_image_1_5/q3qd5clw_altro_buono_gpt_image_1_5.jpg,1,0.9908173,1,modificate,,altro,marcio,gpt_image_1_5
/content/drive/MyDrive/DatasetVerifoto/images/platsim_whatsapp_vale_id/modificate/altro/marcio/gpt_image_1_5/k4ikqfrz_altro_buono_gpt_image_1_5.jpg,1,0.10206367,0,modificate,,altro,marcio,gpt_image_1_5
/content/drive/MyDrive/DatasetVerifoto/images/platsim_whatsapp_vale_id/modificate/altro/marcio/gpt_image_1_5/uprvh6oz_altro_buono_gpt_image_1_5.jpg,1,0.43771973,1,modificate,,altro,marcio,gpt_image_1_5
/content/drive/MyDrive/DatasetVerifoto/images/platsim_whatsapp_vale_id/modificate/altro/marcio/gpt_image_1_5/ztu4nswa_altro_buono_gpt_image_1_5.jpg,1,0.9730452,1,modificate,,altro,marcio,gpt_image_1_5
/content/drive/MyDrive/DatasetVerifoto/images/platsim_whatsapp_vale_id/modificate/altro/marcio/gpt_image_1_5/yodxel7a_altro_buono_gpt_image_1_5.jpg,1,0.48720047,1,modificate,,altro,marcio,gpt_image_1_5
/content/drive/MyDrive/DatasetVerifoto/images/platsim_whatsapp_vale_id/modificate/altro/marcio/gpt_image_1_5/u4mtz5r3_altro_buono_gpt_image_1_5.jpg,1,0.054841496,0,modificate,,altro,marcio,gpt_image_1_5
/content/drive/MyDrive/DatasetVerifoto/images/platsim_whatsapp_vale_id/modificate/altro/marcio/gpt_image_1_5/v272ozug_altro_buono_gpt_image_1_5.jpg,1,0.014832825,0,modificate,,altro,marcio,gpt_image_1_5
/content/drive/MyDrive/DatasetVerifoto/images/platsim_whatsapp_vale_id/modificate/altro/marcio/gpt_image_1_5/pewnxqer_altro_buono_gpt_image_1_5.jpg,1,0.037525527,0,modificate,,altro,marcio,gpt_image_1_5
/content/drive/MyDrive/DatasetVerifoto/images/platsim_whatsapp_vale_id/modificate/altro/marcio/gpt_image_1_5/ylo6pug6_altro_buono_gpt_image_1_5.jpg,1,0.040375907,0,modificate,,altro,marcio,gpt_image_1_5
/content/drive/MyDrive/DatasetVerifoto/images/platsim_whatsapp_vale_id/modificate/altro/marcio/gpt_image_1_5/jgrgz7xu_altro_buono_gpt_image_1_5.jpg,1,0.38667879,1,modificate,,altro,marcio,gpt_image_1_5
/content/drive/MyDrive/DatasetVerifoto/images/platsim_whatsapp_vale_id/modificate/altro/marcio/gpt_image_1_5/qposus4o_altro_buono_gpt_image_1_5.jpg,1,0.023476683,0,modificate,,altro,marcio,gpt_image_1_5
/content/drive/MyDrive/DatasetVerifoto/images/platsim_whatsapp_vale_id/modificate/altro/marcio/gpt_image_1_5/zpu56j2e_altro_buono_gpt_image_1_5.jpg,1,0.8408094,1,modificate,,altro,marcio,gpt_image_1_5
/content/drive/MyDrive/DatasetVerifoto/images/platsim_whatsapp_vale_id/modificate/altro/crudo/gpt_image_1_mini/bpoz7nxx_altro_buono_gpt_image_1_mini.jpg,1,0.98574114,1,modificate,,altro,crudo,gpt_image_1_mini
/content/drive/MyDrive/DatasetVerifoto/images/platsim_whatsapp_vale_id/modificate/altro/crudo/gpt_image_1_mini/yodxel7a_altro_buono_gpt_image_1_mini.jpg,1,0.032243956,0,modificate,,altro,crudo,gpt_image_1_mini
/content/drive/MyDrive/DatasetVerifoto/images/platsim_whatsapp_vale_id/modificate/altro/crudo/gpt_image_1_mini/vqw3jetg_altro_buono_gpt_image_1_mini.jpg,1,0.12151142,0,modificate,,altro,crudo,gpt_image_1_mini
/content/drive/MyDrive/DatasetVerifoto/images/platsim_whatsapp_vale_id/modificate/altro/crudo/gpt_image_1_5/b5jckknv_altro_buono_gpt_image_1_5.jpg,1,0.14532234,0,modificate,,altro,crudo,gpt_image_1_5
/content/drive/MyDrive/DatasetVerifoto/images/platsim_whatsapp_vale_id/modificate/altro/crudo/gpt_image_1_5/buqukcd4_altro_buono_gpt_image_1_5.jpg,1,0.013637264,0,modificate,,altro,crudo,gpt_image_1_5
/content/drive/MyDrive/DatasetVerifoto/images/platsim_whatsapp_vale_id/modificate/altro/crudo/gpt_image_1_5/bpoz7nxx_altro_buono_gpt_image_1_5.jpg,1,0.955059,1,modificate,,altro,crudo,gpt_image_1_5
/content/drive/MyDrive/DatasetVerifoto/images/platsim_whatsapp_vale_id/modificate/altro/crudo/gpt_image_1_5/5r4hbtsa_altro_buono_gpt_image_1_5.jpg,1,0.007138952,0,modificate,,altro,crudo,gpt_image_1_5
/content/drive/MyDrive/DatasetVerifoto/images/platsim_whatsapp_vale_id/modificate/altro/crudo/gpt_image_1_5/avk5mamu_altro_buono_gpt_image_1_5.jpg,1,0.7836255,1,modificate,,altro,crudo,gpt_image_1_5
/content/drive/MyDrive/DatasetVerifoto/images/platsim_whatsapp_vale_id/modificate/altro/crudo/gpt_image_1_5/wsko4qco_altro_dubbio_gpt_image_1_5.jpg,1,0.96159,1,modificate,,altro,crudo,gpt_image_1_5
/content/drive/MyDrive/DatasetVerifoto/images/platsim_whatsapp_vale_id/modificate/altro/crudo/gpt_image_1_5/jgrgz7xu_altro_buono_gpt_image_1_5.jpg,1,0.60573447,1,modificate,,altro,crudo,gpt_image_1_5
/content/drive/MyDrive/DatasetVerifoto/images/platsim_whatsapp_vale_id/modificate/altro/crudo/gpt_image_1_5/merbyufk_altro_buono_gpt_image_1_5.jpg,1,0.0100626005,0,modificate,,altro,crudo,gpt_image_1_5
/content/drive/MyDrive/DatasetVerifoto/images/platsim_whatsapp_vale_id/modificate/altro/crudo/gpt_image_1_5/yodxel7a_altro_buono_gpt_image_1_5.jpg,1,0.01882216,0,modificate,,altro,crudo,gpt_image_1_5
/content/drive/MyDrive/DatasetVerifoto/images/platsim_whatsapp_vale_id/modificate/altro/crudo/gpt_image_1_5/yws6lzb7_altro_buono_gpt_image_1_5.jpg,1,0.9575605,1,modificate,,altro,crudo,gpt_image_1_5
/content/drive/MyDrive/DatasetVerifoto/images/platsim_whatsapp_vale_id/modificate/altro/crudo/gpt_image_1_5/wid2gozj_altro_buono_gpt_image_1_5.jpg,1,0.95691174,1,modificate,,altro,crudo,gpt_image_1_5
/content/drive/MyDrive/DatasetVerifoto/images/platsim_whatsapp_vale_id/modificate/altro/crudo/gpt_image_1_5/vqw3jetg_altro_buono_gpt_image_1_5.jpg,1,0.92390954,1,modificate,,altro,crudo,gpt_image_1_5
/content/drive/MyDrive/DatasetVerifoto/images/platsim_whatsapp_vale_id/modificate/altro/crudo/gpt_image_1_5/wd3lojvd_altro_buono_gpt_image_1_5.jpg,1,0.015364931,0,modificate,,altro,crudo,gpt_image_1_5
/content/drive/MyDrive/DatasetVerifoto/images/platsim_whatsapp_vale_id/modificate/altro/crudo/gpt_image_1_5/pb426xgw_altro_buono_gpt_image_1_5.jpg,1,0.9664767,1,modificate,,altro,crudo,gpt_image_1_5
/content/drive/MyDrive/DatasetVerifoto/images/platsim_whatsapp_vale_id/modificate/altro/crudo/gpt_image_1_5/eggrfhgy_altro_buono_gpt_image_1_5.jpg,1,0.89616865,1,modificate,,altro,crudo,gpt_image_1_5
/content/drive/MyDrive/DatasetVerifoto/images/platsim_whatsapp_vale_id/modificate/altro/crudo/gpt_image_1_5/ylo6pug6_altro_buono_gpt_image_1_5.jpg,1,0.888835,1,modificate,,altro,crudo,gpt_image_1_5
/content/drive/MyDrive/DatasetVerifoto/images/platsim_whatsapp_vale_id/modificate/burger/panino/crudo/gpt_image_1_5/4er2jqz2_burger_panino_buono_gpt_image_1_5.jpg,1,0.9686193,1,modificate,,burger,panino,crudo
/content/drive/MyDrive/DatasetVerifoto/images/platsim_whatsapp_vale_id/modificate/burger/panino/crudo/gpt_image_1_5/5b7ml2rn_burger_panino_buono_gpt_image_1_5.jpg,1,0.98993134,1,modificate,,burger,panino,crudo
/content/drive/MyDrive/DatasetVerifoto/images/platsim_whatsapp_vale_id/modificate/burger/panino/crudo/gpt_image_1_5/7v274iku_burger_panino_buono_gpt_image_1_5.jpg,1,0.9914717,1,modificate,,burger,panino,crudo
/content/drive/MyDrive/DatasetVerifoto/images/platsim_whatsapp_vale_id/modificate/burger/panino/crudo/gpt_image_1_5/yomeyzcw_burger_panino_buono_gpt_image_1_5.jpg,1,0.9910315,1,modificate,,burger,panino,crudo
/content/drive/MyDrive/DatasetVerifoto/images/platsim_whatsapp_vale_id/modificate/burger/panino/crudo/gpt_image_1_5/vnsaljpo_burger_panino_buono_gpt_image_1_5.jpg,1,0.019243551,0,modificate,,burger,panino,crudo
/content/drive/MyDrive/DatasetVerifoto/images/platsim_whatsapp_vale_id/modificate/burger/panino/crudo/gpt_image_1_5/sjcafoo3_burger_panino_buono_gpt_image_1_5.jpg,1,0.9938368,1,modificate,,burger,panino,crudo
/content/drive/MyDrive/DatasetVerifoto/images/platsim_whatsapp_vale_id/modificate/burger/panino/crudo/gpt_image_1_5/eranznxa_burger_panino_buono_gpt_image_1_5.jpg,1,0.025360826,0,modificate,,burger,panino,crudo
/content/drive/MyDrive/DatasetVerifoto/images/platsim_whatsapp_vale_id/modificate/burger/panino/crudo/gpt_image_1_5/hzt5uwka_burger_panino_dubbio_gpt_image_1_5.jpg,1,0.9843667,1,modificate,,burger,panino,crudo
/content/drive/MyDrive/DatasetVerifoto/images/platsim_whatsapp_vale_id/modificate/burger/panino/crudo/gpt_image_1_5/b67bcfvb_burger_panino_buono_gpt_image_1_5.jpg,1,0.9934255,1,modificate,,burger,panino,crudo
/content/drive/MyDrive/DatasetVerifoto/images/platsim_whatsapp_vale_id/modificate/burger/panino/crudo/gpt_image_1_5/okfr7ke3_burger_panino_buono_gpt_image_1_5.jpg,1,0.98820704,1,modificate,,burger,panino,crudo
/content/drive/MyDrive/DatasetVerifoto/images/platsim_whatsapp_vale_id/modificate/burger/panino/crudo/gpt_image_1_5/tmdn4jjm_burger_panino_buono_gpt_image_1_5.jpg,1,0.9930754,1,modificate,,burger,panino,crudo
/content/drive/MyDrive/DatasetVerifoto/images/platsim_whatsapp_vale_id/modificate/burger/panino/crudo/gpt_image_1_5/gngfmahz_burger_panino_buono_gpt_image_1_5.jpg,1,0.99296665,1,modificate,,burger,panino,crudo
/content/drive/MyDrive/DatasetVerifoto/images/platsim_whatsapp_vale_id/modificate/burger/panino/crudo/gpt_image_1_mini/vnsaljpo_burger_panino_buono_gpt_image_1_mini.jpg,1,0.030592734,0,modificate,,burger,panino,crudo
/content/drive/MyDrive/DatasetVerifoto/images/platsim_whatsapp_vale_id/modificate/burger/panino/crudo/gpt_image_1_mini/eranznxa_burger_panino_buono_gpt_image_1_mini.jpg,1,0.97893894,1,modificate,,burger,panino,crudo
/content/drive/MyDrive/DatasetVerifoto/images/platsim_whatsapp_vale_id/modificate/burger/panino/crudo/gpt_image_1_mini/yomeyzcw_burger_panino_buono_gpt_image_1_mini.jpg,1,0.9959556,1,modificate,,burger,panino,crudo
/content/drive/MyDrive/DatasetVerifoto/images/platsim_whatsapp_vale_id/modificate/burger/panino/crudo/gpt_image_1_mini/gngfmahz_burger_panino_buono_gpt_image_1_mini.jpg,1,0.994251,1,modificate,,burger,panino,crudo
/content/drive/MyDrive/DatasetVerifoto/images/platsim_whatsapp_vale_id/modificate/burger/panino/crudo/gpt_image_1_mini/hzt5uwka_burger_panino_dubbio_gpt_image_1_mini.jpg,1,0.9915411,1,modificate,,burger,panino,crudo
/content/drive/MyDrive/DatasetVerifoto/images/platsim_whatsapp_vale_id/modificate/burger/panino/bruciato/gpt_image_1_5/eranznxa_burger_panino_buono_gpt_image_1_5.jpg,1,0.102793515,0,modificate,,burger,panino,bruciato
/content/drive/MyDrive/DatasetVerifoto/images/platsim_whatsapp_vale_id/modificate/burger/panino/bruciato/gpt_image_1_5/gngfmahz_burger_panino_buono_gpt_image_1_5.jpg,1,0.9953685,1,modificate,,burger,panino,bruciato
/content/drive/MyDrive/DatasetVerifoto/images/platsim_whatsapp_vale_id/modificate/burger/panino/bruciato/gpt_image_1_5/tmdn4jjm_burger_panino_buono_gpt_image_1_5.jpg,1,0.96344835,1,modificate,,burger,panino,bruciato
/content/drive/MyDrive/DatasetVerifoto/images/platsim_whatsapp_vale_id/modificate/burger/panino/bruciato/gpt_image_1_5/7v274iku_burger_panino_buono_gpt_image_1_5.jpg,1,0.82016516,1,modificate,,burger,panino,bruciato
/content/drive/MyDrive/DatasetVerifoto/images/platsim_whatsapp_vale_id/modificate/burger/panino/bruciato/gpt_image_1_5/4er2jqz2_burger_panino_buono_gpt_image_1_5.jpg,1,0.9673045,1,modificate,,burger,panino,bruciato
/content/drive/MyDrive/DatasetVerifoto/images/platsim_whatsapp_vale_id/modificate/burger/panino/bruciato/gpt_image_1_5/hzt5uwka_burger_panino_dubbio_gpt_image_1_5.jpg,1,0.03683815,0,modificate,,burger,panino,bruciato
/content/drive/MyDrive/DatasetVerifoto/images/platsim_whatsapp_vale_id/modificate/burger/panino/bruciato/gpt_image_1_mini/hzt5uwka_burger_panino_dubbio_gpt_image_1_mini.jpg,1,0.91204286,1,modificate,,burger,panino,bruciato
/content/drive/MyDrive/DatasetVerifoto/images/platsim_whatsapp_vale_id/modificate/burger/panino/bruciato/gpt_image_1_mini/eranznxa_burger_panino_buono_gpt_image_1_mini.jpg,1,0.94975334,1,modificate,,burger,panino,bruciato
/content/drive/MyDrive/DatasetVerifoto/images/platsim_whatsapp_vale_id/modificate/burger/panino/bruciato/gpt_image_1_mini/gngfmahz_burger_panino_buono_gpt_image_1_mini.jpg,1,0.9952781,1,modificate,,burger,panino,bruciato
/content/drive/MyDrive/DatasetVerifoto/images/platsim_whatsapp_vale_id/modificate/burger/panino/insetti/gpt_image_1_5/sjcafoo3_burger_panino_buono_gpt_image_1_5.jpg,1,0.28996792,1,modificate,,burger,panino,insetti
/content/drive/MyDrive/DatasetVerifoto/images/platsim_whatsapp_vale_id/modificate/burger/panino/insetti/gpt_image_1_5/j2tkevht_burger_panino_dubbio_gpt_image_1_5.jpg,1,0.84857064,1,modificate,,burger,panino,insetti
/content/drive/MyDrive/DatasetVerifoto/images/platsim_whatsapp_vale_id/modificate/burger/panino/marcio/gpt_image_1_5/yomeyzcw_burger_panino_buono_gpt_image_1_5.jpg,1,0.95225376,1,modificate,,burger,panino,marcio
/content/drive/MyDrive/DatasetVerifoto/images/platsim_whatsapp_vale_id/modificate/burger/panino/marcio/gpt_image_1_5/5b7ml2rn_burger_panino_buono_gpt_image_1_5.jpg,1,0.06230618,0,modificate,,burger,panino,marcio
/content/drive/MyDrive/DatasetVerifoto/images/platsim_whatsapp_vale_id/modificate/burger/panino/marcio/gpt_image_1_5/j2tkevht_burger_panino_dubbio_gpt_image_1_5.jpg,1,0.03755817,0,modificate,,burger,panino,marcio
/content/drive/MyDrive/DatasetVerifoto/images/platsim_whatsapp_vale_id/modificate/burger/panino/marcio/gpt_image_1_5/vnsaljpo_burger_panino_buono_gpt_image_1_5.jpg,1,0.75113964,1,modificate,,burger,panino,marcio
/content/drive/MyDrive/DatasetVerifoto/images/platsim_whatsapp_vale_id/modificate/burger/panino/marcio/gpt_image_1_5/b67bcfvb_burger_panino_buono_gpt_image_1_5.jpg,1,0.99024755,1,modificate,,burger,panino,marcio
/content/drive/MyDrive/DatasetVerifoto/images/platsim_whatsapp_vale_id/modificate/burger/panino/marcio/gpt_image_1_mini/vnsaljpo_burger_panino_buono_gpt_image_1_mini.jpg,1,0.9397798,1,modificate,,burger,panino,marcio
/content/drive/MyDrive/DatasetVerifoto/images/platsim_whatsapp_vale_id/modificate/burger/panino/marcio/gpt_image_1_mini/yomeyzcw_burger_panino_buono_gpt_image_1_mini.jpg,1,0.9782536,1,modificate,,burger,panino,marcio
/content/drive/MyDrive/DatasetVerifoto/images/platsim_whatsapp_vale_id/modificate/carne/crudo/gpt_image_1_5/s6pkncaj_carne_buono_gpt_image_1_5.jpg,1,0.9276322,1,modificate,,carne,crudo,gpt_image_1_5
/content/drive/MyDrive/DatasetVerifoto/images/platsim_whatsapp_vale_id/modificate/carne/crudo/gpt_image_1_5/lxcdeyho_carne_dubbio_gpt_image_1_5.jpg,1,0.53552324,1,modificate,,carne,crudo,gpt_image_1_5
/content/drive/MyDrive/DatasetVerifoto/images/platsim_whatsapp_vale_id/modificate/carne/crudo/gpt_image_1_5/hxz26ddn_carne_buono_gpt_image_1_5.jpg,1,0.8570702,1,modificate,,carne,crudo,gpt_image_1_5
/content/drive/MyDrive/DatasetVerifoto/images/platsim_whatsapp_vale_id/modificate/carne/crudo/gpt_image_1_5/nb4af4w6_carne_buono_gpt_image_1_5.jpg,1,0.99405044,1,modificate,,carne,crudo,gpt_image_1_5
/content/drive/MyDrive/DatasetVerifoto/images/platsim_whatsapp_vale_id/modificate/carne/crudo/gpt_image_1_5/inmzieee_carne_buono_gpt_image_1_5.jpg,1,0.98832047,1,modificate,,carne,crudo,gpt_image_1_5
/content/drive/MyDrive/DatasetVerifoto/images/platsim_whatsapp_vale_id/modificate/carne/crudo/gpt_image_1_5/fntev4lt_carne_buono_gpt_image_1_5.jpg,1,0.98268074,1,modificate,,carne,crudo,gpt_image_1_5
/content/drive/MyDrive/DatasetVerifoto/images/platsim_whatsapp_vale_id/modificate/carne/crudo/gpt_image_1_5/akcnhjob_carne_buono_gpt_image_1_5.jpg,1,0.020222016,0,modificate,,carne,crudo,gpt_image_1_5
/content/drive/MyDrive/DatasetVerifoto/images/platsim_whatsapp_vale_id/modificate/carne/crudo/gpt_image_1_5/sg542pgh_carne_buono_gpt_image_1_5.jpg,1,0.823686,1,modificate,,carne,crudo,gpt_image_1_5
/content/drive/MyDrive/DatasetVerifoto/images/platsim_whatsapp_vale_id/modificate/carne/crudo/gpt_image_1_5/3gzqje6t_carne_bruciato_cattivo_gpt_image_1_5.jpg,1,0.9171437,1,modificate,,carne,crudo,gpt_image_1_5
/content/drive/MyDrive/DatasetVerifoto/images/platsim_whatsapp_vale_id/modificate/carne/crudo/gpt_image_1_5/qif4j4os_carne_buono_gpt_image_1_5.jpg,1,0.14647034,0,modificate,,carne,crudo,gpt_image_1_5
/content/drive/MyDrive/DatasetVerifoto/images/platsim_whatsapp_vale_id/modificate/carne/crudo/gpt_image_1_5/75tgz63f_carne_buono_gpt_image_1_5.jpg,1,0.93431425,1,modificate,,carne,crudo,gpt_image_1_5
/content/drive/MyDrive/DatasetVerifoto/images/platsim_whatsapp_vale_id/modificate/carne/crudo/gpt_image_1_5/ir2ivmzc_carne_buono_gpt_image_1_5.jpg,1,0.9827632,1,modificate,,carne,crudo,gpt_image_1_5
/content/drive/MyDrive/DatasetVerifoto/images/platsim_whatsapp_vale_id/modificate/carne/crudo/gpt_image_1_5/tbuhtgq4_carne_buono_gpt_image_1_5.jpg,1,0.98995763,1,modificate,,carne,crudo,gpt_image_1_5
/content/drive/MyDrive/DatasetVerifoto/images/platsim_whatsapp_vale_id/modificate/carne/crudo/gpt_image_1_5/tc3kj22z_carne_buono_gpt_image_1_5.jpg,1,0.98585576,1,modificate,,carne,crudo,gpt_image_1_5
/content/drive/MyDrive/DatasetVerifoto/images/platsim_whatsapp_vale_id/modificate/carne/crudo/gpt_image_1_5/thhrvpb2_carne_bruciato_cattivo_gpt_image_1_5.jpg,1,0.92444175,1,modificate,,carne,crudo,gpt_image_1_5
/content/drive/MyDrive/DatasetVerifoto/images/platsim_whatsapp_vale_id/modificate/carne/crudo/gpt_image_1_5/vwvukcj7_carne_buono_gpt_image_1_5.jpg,1,0.992986,1,modificate,,carne,crudo,gpt_image_1_5
/content/drive/MyDrive/DatasetVerifoto/images/platsim_whatsapp_vale_id/modificate/carne/crudo/gpt_image_1_mini/vwvukcj7_carne_buono_gpt_image_1_mini.jpg,1,0.99259186,1,modificate,,carne,crudo,gpt_image_1_mini
/content/drive/MyDrive/DatasetVerifoto/images/platsim_whatsapp_vale_id/modificate/carne/crudo/gpt_image_1_mini/ir2ivmzc_carne_buono_gpt_image_1_mini.jpg,1,0.9946424,1,modificate,,carne,crudo,gpt_image_1_mini
/content/drive/MyDrive/DatasetVerifoto/images/platsim_whatsapp_vale_id/modificate/carne/crudo/gpt_image_1_mini/nb4af4w6_carne_buono_gpt_image_1_mini.jpg,1,0.9947038,1,modificate,,carne,crudo,gpt_image_1_mini
/content/drive/MyDrive/DatasetVerifoto/images/platsim_whatsapp_vale_id/modificate/carne/crudo/gpt_image_1_mini/thhrvpb2_carne_bruciato_cattivo_gpt_image_1_mini.jpg,1,0.96172404,1,modificate,,carne,crudo,gpt_image_1_mini
/content/drive/MyDrive/DatasetVerifoto/images/platsim_whatsapp_vale_id/modificate/carne/crudo/gpt_image_1_mini/3gzqje6t_carne_bruciato_cattivo_gpt_image_1_mini.jpg,1,0.98550236,1,modificate,,carne,crudo,gpt_image_1_mini
/content/drive/MyDrive/DatasetVerifoto/images/platsim_whatsapp_vale_id/modificate/carne/crudo/gpt_image_1_mini/hxz26ddn_carne_buono_gpt_image_1_mini.jpg,1,0.98967874,1,modificate,,carne,crudo,gpt_image_1_mini
/content/drive/MyDrive/DatasetVerifoto/images/platsim_whatsapp_vale_id/modificate/carne/crudo/gpt_image_1_mini/qif4j4os_carne_buono_gpt_image_1_mini.jpg,1,0.93693054,1,modificate,,carne,crudo,gpt_image_1_mini
/content/drive/MyDrive/DatasetVerifoto/images/platsim_whatsapp_vale_id/modificate/carne/crudo/gpt_image_1_mini/akcnhjob_carne_buono_gpt_image_1_mini.jpg,1,0.9882008,1,modificate,,carne,crudo,gpt_image_1_mini
/content/drive/MyDrive/DatasetVerifoto/images/platsim_whatsapp_vale_id/modificate/carne/marcio/gpt_image_1_mini/nztfcvoq_carne_buono_gpt_image_1_mini.jpg,1,0.9649919,1,modificate,,carne,marcio,gpt_image_1_mini
/content/drive/MyDrive/DatasetVerifoto/images/platsim_whatsapp_vale_id/modificate/carne/marcio/gpt_image_1_5/fxvyn6pk_carne_buono_gpt_image_1_5.jpg,1,0.9030837,1,modificate,,carne,marcio,gpt_image_1_5
/content/drive/MyDrive/DatasetVerifoto/images/platsim_whatsapp_vale_id/modificate/carne/marcio/gpt_image_1_5/tc3kj22z_carne_buono_gpt_image_1_5.jpg,1,0.93643224,1,modificate,,carne,marcio,gpt_image_1_5
/content/drive/MyDrive/DatasetVerifoto/images/platsim_whatsapp_vale_id/modificate/carne/marcio/gpt_image_1_5/hd42dw5b_carne_buono_gpt_image_1_5.jpg,1,0.9856932,1,modificate,,carne,marcio,gpt_image_1_5
/content/drive/MyDrive/DatasetVerifoto/images/platsim_whatsapp_vale_id/modificate/carne/marcio/gpt_image_1_5/sg542pgh_carne_buono_gpt_image_1_5.jpg,1,0.9856156,1,modificate,,carne,marcio,gpt_image_1_5
/content/drive/MyDrive/DatasetVerifoto/images/platsim_whatsapp_vale_id/modificate/carne/marcio/gpt_image_1_5/s47trq3s_carne_buono_gpt_image_1_5.jpg,1,0.9618408,1,modificate,,carne,marcio,gpt_image_1_5
/content/drive/MyDrive/DatasetVerifoto/images/platsim_whatsapp_vale_id/modificate/carne/marcio/gpt_image_1_5/nztfcvoq_carne_buono_gpt_image_1_5.jpg,1,0.79891473,1,modificate,,carne,marcio,gpt_image_1_5
/content/drive/MyDrive/DatasetVerifoto/images/platsim_whatsapp_vale_id/modificate/carne/marcio/gpt_image_1_5/o7qrpspp_carne_dubbio_gpt_image_1_5.jpg,1,0.8928487,1,modificate,,carne,marcio,gpt_image_1_5
/content/drive/MyDrive/DatasetVerifoto/images/platsim_whatsapp_vale_id/modificate/carne/bruciato/gpt_image_1_5/75tgz63f_carne_buono_gpt_image_1_5.jpg,1,0.06318223,0,modificate,,carne,bruciato,gpt_image_1_5
/content/drive/MyDrive/DatasetVerifoto/images/platsim_whatsapp_vale_id/modificate/carne/bruciato/gpt_image_1_5/akcnhjob_carne_buono_gpt_image_1_5.jpg,1,0.96228135,1,modificate,,carne,bruciato,gpt_image_1_5
/content/drive/MyDrive/DatasetVerifoto/images/platsim_whatsapp_vale_id/modificate/carne/bruciato/gpt_image_1_5/3gzqje6t_carne_bruciato_cattivo_gpt_image_1_5.jpg,1,0.9904373,1,modificate,,carne,bruciato,gpt_image_1_5
/content/drive/MyDrive/DatasetVerifoto/images/platsim_whatsapp_vale_id/modificate/carne/bruciato/gpt_image_1_5/thhrvpb2_carne_bruciato_cattivo_gpt_image_1_5.jpg,1,0.9876837,1,modificate,,carne,bruciato,gpt_image_1_5
/content/drive/MyDrive/DatasetVerifoto/images/platsim_whatsapp_vale_id/modificate/carne/bruciato/gpt_image_1_5/qif4j4os_carne_buono_gpt_image_1_5.jpg,1,0.97212857,1,modificate,,carne,bruciato,gpt_image_1_5
/content/drive/MyDrive/DatasetVerifoto/images/platsim_whatsapp_vale_id/modificate/carne/bruciato/gpt_image_1_5/s6pkncaj_carne_buono_gpt_image_1_5.jpg,1,0.025915802,0,modificate,,carne,bruciato,gpt_image_1_5
/content/drive/MyDrive/DatasetVerifoto/images/platsim_whatsapp_vale_id/modificate/carne/bruciato/gpt_image_1_5/nb4af4w6_carne_buono_gpt_image_1_5.jpg,1,0.98273003,1,modificate,,carne,bruciato,gpt_image_1_5
/content/drive/MyDrive/DatasetVerifoto/images/platsim_whatsapp_vale_id/modificate/carne/bruciato/gpt_image_1_5/o7qrpspp_carne_dubbio_gpt_image_1_5.jpg,1,0.98845625,1,modificate,,carne,bruciato,gpt_image_1_5
/content/drive/MyDrive/DatasetVerifoto/images/platsim_whatsapp_vale_id/modificate/carne/bruciato/gpt_image_1_5/tbuhtgq4_carne_buono_gpt_image_1_5.jpg,1,0.9876072,1,modificate,,carne,bruciato,gpt_image_1_5
/content/drive/MyDrive/DatasetVerifoto/images/platsim_whatsapp_vale_id/modificate/carne/bruciato/gpt_image_1_5/fntev4lt_carne_buono_gpt_image_1_5.jpg,1,0.99345064,1,modificate,,carne,bruciato,gpt_image_1_5
/content/drive/MyDrive/DatasetVerifoto/images/platsim_whatsapp_vale_id/modificate/carne/bruciato/gpt_image_1_5/inmzieee_carne_buono_gpt_image_1_5.jpg,1,0.99132854,1,modificate,,carne,bruciato,gpt_image_1_5
/content/drive/MyDrive/DatasetVerifoto/images/platsim_whatsapp_vale_id/modificate/carne/bruciato/gpt_image_1_5/vwvukcj7_carne_buono_gpt_image_1_5.jpg,1,0.96648675,1,modificate,,carne,bruciato,gpt_image_1_5
/content/drive/MyDrive/DatasetVerifoto/images/platsim_whatsapp_vale_id/modificate/carne/bruciato/gpt_image_1_5/ir2ivmzc_carne_buono_gpt_image_1_5.jpg,1,0.9948337,1,modificate,,carne,bruciato,gpt_image_1_5
/content/drive/MyDrive/DatasetVerifoto/images/platsim_whatsapp_vale_id/modificate/carne/bruciato/gpt_image_1_mini/akcnhjob_carne_buono_gpt_image_1_mini.jpg,1,0.9912191,1,modificate,,carne,bruciato,gpt_image_1_mini
/content/drive/MyDrive/DatasetVerifoto/images/platsim_whatsapp_vale_id/modificate/carne/bruciato/gpt_image_1_mini/nb4af4w6_carne_buono_gpt_image_1_mini.jpg,1,0.99328595,1,modificate,,carne,bruciato,gpt_image_1_mini
/content/drive/MyDrive/DatasetVerifoto/images/platsim_whatsapp_vale_id/modificate/carne/bruciato/gpt_image_1_mini/3gzqje6t_carne_bruciato_cattivo_gpt_image_1_mini.jpg,1,0.9932354,1,modificate,,carne,bruciato,gpt_image_1_mini
/content/drive/MyDrive/DatasetVerifoto/images/platsim_whatsapp_vale_id/modificate/carne/bruciato/gpt_image_1_mini/ir2ivmzc_carne_buono_gpt_image_1_mini.jpg,1,0.99117213,1,modificate,,carne,bruciato,gpt_image_1_mini
/content/drive/MyDrive/DatasetVerifoto/images/platsim_whatsapp_vale_id/modificate/carne/bruciato/gpt_image_1_mini/qif4j4os_carne_buono_gpt_image_1_mini.jpg,1,0.99309534,1,modificate,,carne,bruciato,gpt_image_1_mini
/content/drive/MyDrive/DatasetVerifoto/images/platsim_whatsapp_vale_id/modificate/carne/bruciato/gpt_image_1_mini/vwvukcj7_carne_buono_gpt_image_1_mini.jpg,1,0.9890653,1,modificate,,carne,bruciato,gpt_image_1_mini
/content/drive/MyDrive/DatasetVerifoto/images/platsim_whatsapp_vale_id/modificate/carne/bruciato/gpt_image_1_mini/thhrvpb2_carne_bruciato_cattivo_gpt_image_1_mini.jpg,1,0.99457365,1,modificate,,carne,bruciato,gpt_image_1_mini
/content/drive/MyDrive/DatasetVerifoto/images/platsim_whatsapp_vale_id/modificate/kebab/crudo/gpt_image_1_mini/wjwoxwss_kebab_buono_gpt_image_1_mini.jpg,1,0.88406473,1,modificate,,kebab,crudo,gpt_image_1_mini
/content/drive/MyDrive/DatasetVerifoto/images/platsim_whatsapp_vale_id/modificate/kebab/crudo/gpt_image_1_5/wjwoxwss_kebab_buono_gpt_image_1_5.jpg,1,0.67212355,1,modificate,,kebab,crudo,gpt_image_1_5
/content/drive/MyDrive/DatasetVerifoto/images/platsim_whatsapp_vale_id/modificate/kebab/insetti/gpt_image_1_5/wjwoxwss_kebab_buono_gpt_image_1_5.jpg,1,0.025930457,0,modificate,,kebab,insetti,gpt_image_1_5
/content/drive/MyDrive/DatasetVerifoto/images/platsim_whatsapp_vale_id/modificate/kebab/insetti/gpt_image_1_mini/wjwoxwss_kebab_buono_gpt_image_1_mini.jpg,1,0.015616276,0,modificate,,kebab,insetti,gpt_image_1_mini
/content/drive/MyDrive/DatasetVerifoto/images/platsim_whatsapp_vale_id/modificate/fritti/crudo/gpt_image_1_mini/p7faib4p_fritti_buono_gpt_image_1_mini.jpg,1,0.7268934,1,modificate,,fritti,crudo,gpt_image_1_mini
/content/drive/MyDrive/DatasetVerifoto/images/platsim_whatsapp_vale_id/modificate/fritti/crudo/gpt_image_1_mini/ccchjknu_fritti_buono_gpt_image_1_mini.jpg,1,0.98537004,1,modificate,,fritti,crudo,gpt_image_1_mini
/content/drive/MyDrive/DatasetVerifoto/images/platsim_whatsapp_vale_id/modificate/fritti/crudo/gpt_image_1_5/ccchjknu_fritti_buono_gpt_image_1_5.jpg,1,0.9889615,1,modificate,,fritti,crudo,gpt_image_1_5
/content/drive/MyDrive/DatasetVerifoto/images/platsim_whatsapp_vale_id/modificate/fritti/crudo/gpt_image_1_5/jf4uensh_fritti_buono_gpt_image_1_5.jpg,1,0.98558193,1,modificate,,fritti,crudo,gpt_image_1_5
/content/drive/MyDrive/DatasetVerifoto/images/platsim_whatsapp_vale_id/modificate/fritti/crudo/gpt_image_1_5/vglmlqeg_fritti_buono_gpt_image_1_5.jpg,1,0.9859847,1,modificate,,fritti,crudo,gpt_image_1_5
/content/drive/MyDrive/DatasetVerifoto/images/platsim_whatsapp_vale_id/modificate/fritti/crudo/gpt_image_1_5/rnoj2jyt_fritti_buono_gpt_image_1_5.jpg,1,0.9904128,1,modificate,,fritti,crudo,gpt_image_1_5
/content/drive/MyDrive/DatasetVerifoto/images/platsim_whatsapp_vale_id/modificate/fritti/crudo/gpt_image_1_5/o7ast4ev_fritti_buono_gpt_image_1_5.jpg,1,0.9769487,1,modificate,,fritti,crudo,gpt_image_1_5
/content/drive/MyDrive/DatasetVerifoto/images/platsim_whatsapp_vale_id/modificate/fritti/crudo/gpt_image_1_5/p7faib4p_fritti_buono_gpt_image_1_5.jpg,1,0.24480247,1,modificate,,fritti,crudo,gpt_image_1_5
/content/drive/MyDrive/DatasetVerifoto/images/platsim_whatsapp_vale_id/modificate/fritti/bruciato/gpt_image_1_5/jf4uensh_fritti_buono_gpt_image_1_5.jpg,1,0.99312615,1,modificate,,fritti,bruciato,gpt_image_1_5
/content/drive/MyDrive/DatasetVerifoto/images/platsim_whatsapp_vale_id/modificate/fritti/bruciato/gpt_image_1_5/o7ast4ev_fritti_buono_gpt_image_1_5.jpg,1,0.9954091,1,modificate,,fritti,bruciato,gpt_image_1_5
/content/drive/MyDrive/DatasetVerifoto/images/platsim_whatsapp_vale_id/modificate/fritti/bruciato/gpt_image_1_5/ccchjknu_fritti_buono_gpt_image_1_5.jpg,1,0.99592054,1,modificate,,fritti,bruciato,gpt_image_1_5
/content/drive/MyDrive/DatasetVerifoto/images/platsim_whatsapp_vale_id/modificate/fritti/bruciato/gpt_image_1_5/rnoj2jyt_fritti_buono_gpt_image_1_5.jpg,1,0.98471504,1,modificate,,fritti,bruciato,gpt_image_1_5
/content/drive/MyDrive/DatasetVerifoto/images/platsim_whatsapp_vale_id/modificate/fritti/bruciato/gpt_image_1_5/vglmlqeg_fritti_buono_gpt_image_1_5.jpg,1,0.9848129,1,modificate,,fritti,bruciato,gpt_image_1_5
/content/drive/MyDrive/DatasetVerifoto/images/platsim_whatsapp_vale_id/modificate/fritti/bruciato/gpt_image_1_mini/ccchjknu_fritti_buono_gpt_image_1_mini.jpg,1,0.99676955,1,modificate,,fritti,bruciato,gpt_image_1_mini
/content/drive/MyDrive/DatasetVerifoto/images/platsim_whatsapp_vale_id/modificate/dessert/altro/gpt_image_1_5/hqd6b4nc_dessert_buono_gpt_image_1_5.jpg,1,0.04116055,0,modificate,,dessert,altro,gpt_image_1_5
/content/drive/MyDrive/DatasetVerifoto/images/platsim_whatsapp_vale_id/modificate/dessert/altro/gpt_image_1_5/zzfm2gfx_dessert_buono_gpt_image_1_5.jpg,1,0.07117018,0,modificate,,dessert,altro,gpt_image_1_5
/content/drive/MyDrive/DatasetVerifoto/images/platsim_whatsapp_vale_id/modificate/dessert/altro/gpt_image_1_5/37exednt_dessert_buono_gpt_image_1_5.jpg,1,0.21122283,1,modificate,,dessert,altro,gpt_image_1_5
/content/drive/MyDrive/DatasetVerifoto/images/platsim_whatsapp_vale_id/modificate/dessert/ammuffito/gpt_image_1_5/5nsuylnm_dessert_buono_gpt_image_1_5.jpg,1,0.017672595,0,modificate,,dessert,ammuffito,gpt_image_1_5
/content/drive/MyDrive/DatasetVerifoto/images/platsim_whatsapp_vale_id/modificate/dessert/ammuffito/gpt_image_1_5/vth2k6r5_dessert_buono_gpt_image_1_5.jpg,1,0.8204073,1,modificate,,dessert,ammuffito,gpt_image_1_5
/content/drive/MyDrive/DatasetVerifoto/images/platsim_whatsapp_vale_id/modificate/dessert/ammuffito/gpt_image_1_5/husvoflj_dessert_buono_gpt_image_1_5.jpg,1,0.95381314,1,modificate,,dessert,ammuffito,gpt_image_1_5
/content/drive/MyDrive/DatasetVerifoto/images/platsim_whatsapp_vale_id/modificate/dessert/bruciato/gpt_image_1_mini/chku7snl_dessert_buono_gpt_image_1_mini.jpg,1,0.9444824,1,modificate,,dessert,bruciato,gpt_image_1_mini
/content/drive/MyDrive/DatasetVerifoto/images/platsim_whatsapp_vale_id/modificate/dessert/bruciato/gpt_image_1_mini/6mvklk2v_dessert_buono_gpt_image_1_mini.jpg,1,0.83282256,1,modificate,,dessert,bruciato,gpt_image_1_mini
/content/drive/MyDrive/DatasetVerifoto/images/platsim_whatsapp_vale_id/modificate/dessert/bruciato/gpt_image_1_mini/7fowmd6k_dessert_buono_gpt_image_1_mini.jpg,1,0.9962147,1,modificate,,dessert,bruciato,gpt_image_1_mini
/content/drive/MyDrive/DatasetVerifoto/images/platsim_whatsapp_vale_id/modificate/dessert/bruciato/gpt_image_1_mini/xjivei55_dessert_buono_gpt_image_1_mini.jpg,1,0.029712599,0,modificate,,dessert,bruciato,gpt_image_1_mini
/content/drive/MyDrive/DatasetVerifoto/images/platsim_whatsapp_vale_id/modificate/dessert/bruciato/gpt_image_1_mini/mdysvf7k_dessert_buono_gpt_image_1_mini.jpg,1,0.9934423,1,modificate,,dessert,bruciato,gpt_image_1_mini
/content/drive/MyDrive/DatasetVerifoto/images/platsim_whatsapp_vale_id/modificate/dessert/bruciato/gpt_image_1_5/3upejkx2_dessert_buono_gpt_image_1_5.jpg,1,0.9761836,1,modificate,,dessert,bruciato,gpt_image_1_5
/content/drive/MyDrive/DatasetVerifoto/images/platsim_whatsapp_vale_id/modificate/dessert/bruciato/gpt_image_1_5/7fowmd6k_dessert_buono_gpt_image_1_5.jpg,1,0.9938076,1,modificate,,dessert,bruciato,gpt_image_1_5
/content/drive/MyDrive/DatasetVerifoto/images/platsim_whatsapp_vale_id/modificate/dessert/bruciato/gpt_image_1_5/hnnnkjg5_dessert_buono_gpt_image_1_5.jpg,1,0.93795574,1,modificate,,dessert,bruciato,gpt_image_1_5
/content/drive/MyDrive/DatasetVerifoto/images/platsim_whatsapp_vale_id/modificate/dessert/bruciato/gpt_image_1_5/mdysvf7k_dessert_buono_gpt_image_1_5.jpg,1,0.041061725,0,modificate,,dessert,bruciato,gpt_image_1_5
/content/drive/MyDrive/DatasetVerifoto/images/platsim_whatsapp_vale_id/modificate/dessert/bruciato/gpt_image_1_5/6mvklk2v_dessert_buono_gpt_image_1_5.jpg,1,0.010809947,0,modificate,,dessert,bruciato,gpt_image_1_5
/content/drive/MyDrive/DatasetVerifoto/images/platsim_whatsapp_vale_id/modificate/dessert/bruciato/gpt_image_1_5/kqmkhwkw_dessert_buono_gpt_image_1_5.jpg,1,0.022654045,0,modificate,,dessert,bruciato,gpt_image_1_5
/content/drive/MyDrive/DatasetVerifoto/images/platsim_whatsapp_vale_id/modificate/dessert/bruciato/gpt_image_1_5/chku7snl_dessert_buono_gpt_image_1_5.jpg,1,0.36693034,1,modificate,,dessert,bruciato,gpt_image_1_5
/content/drive/MyDrive/DatasetVerifoto/images/platsim_whatsapp_vale_id/modificate/dessert/bruciato/gpt_image_1_5/hqd6b4nc_dessert_buono_gpt_image_1_5.jpg,1,0.99402726,1,modificate,,dessert,bruciato,gpt_image_1_5
/content/drive/MyDrive/DatasetVerifoto/images/platsim_whatsapp_vale_id/modificate/dessert/bruciato/gpt_image_1_5/rmjo3puu_dessert_buono_gpt_image_1_5.jpg,1,0.9005118,1,modificate,,dessert,bruciato,gpt_image_1_5
/content/drive/MyDrive/DatasetVerifoto/images/platsim_whatsapp_vale_id/modificate/dessert/bruciato/gpt_image_1_5/xjivei55_dessert_buono_gpt_image_1_5.jpg,1,0.68482757,1,modificate,,dessert,bruciato,gpt_image_1_5
/content/drive/MyDrive/DatasetVerifoto/images/platsim_whatsapp_vale_id/modificate/dessert/crudo/gpt_image_1_mini/6mvklk2v_dessert_buono_gpt_image_1_mini.jpg,1,0.29258406,1,modificate,,dessert,crudo,gpt_image_1_mini
/content/drive/MyDrive/DatasetVerifoto/images/platsim_whatsapp_vale_id/modificate/dessert/crudo/gpt_image_1_mini/chku7snl_dessert_buono_gpt_image_1_mini.jpg,1,0.6845822,1,modificate,,dessert,crudo,gpt_image_1_mini
/content/drive/MyDrive/DatasetVerifoto/images/platsim_whatsapp_vale_id/modificate/dessert/crudo/gpt_image_1_mini/xjivei55_dessert_buono_gpt_image_1_mini.jpg,1,0.013933529,0,modificate,,dessert,crudo,gpt_image_1_mini
/content/drive/MyDrive/DatasetVerifoto/images/platsim_whatsapp_vale_id/modificate/dessert/crudo/gpt_image_1_5/xjivei55_dessert_buono_gpt_image_1_5.jpg,1,0.9690054,1,modificate,,dessert,crudo,gpt_image_1_5
/content/drive/MyDrive/DatasetVerifoto/images/platsim_whatsapp_vale_id/modificate/dessert/crudo/gpt_image_1_5/rmjo3puu_dessert_buono_gpt_image_1_5.jpg,1,0.95713806,1,modificate,,dessert,crudo,gpt_image_1_5
/content/drive/MyDrive/DatasetVerifoto/images/platsim_whatsapp_vale_id/modificate/dessert/crudo/gpt_image_1_5/chku7snl_dessert_buono_gpt_image_1_5.jpg,1,0.031169614,0,modificate,,dessert,crudo,gpt_image_1_5
/content/drive/MyDrive/DatasetVerifoto/images/platsim_whatsapp_vale_id/modificate/dessert/crudo/gpt_image_1_5/3upejkx2_dessert_buono_gpt_image_1_5.jpg,1,0.7603937,1,modificate,,dessert,crudo,gpt_image_1_5
/content/drive/MyDrive/DatasetVerifoto/images/platsim_whatsapp_vale_id/modificate/dessert/crudo/gpt_image_1_5/6mvklk2v_dessert_buono_gpt_image_1_5.jpg,1,0.107121125,0,modificate,,dessert,crudo,gpt_image_1_5
/content/drive/MyDrive/DatasetVerifoto/images/platsim_whatsapp_vale_id/modificate/dessert/marcio/gpt_image_1_5/mdysvf7k_dessert_buono_gpt_image_1_5.jpg,1,0.9819286,1,modificate,,dessert,marcio,gpt_image_1_5
/content/drive/MyDrive/DatasetVerifoto/images/platsim_whatsapp_vale_id/modificate/dessert/marcio/gpt_image_1_5/zzfm2gfx_dessert_buono_gpt_image_1_5.jpg,1,0.13547681,0,modificate,,dessert,marcio,gpt_image_1_5
/content/drive/MyDrive/DatasetVerifoto/images/platsim_whatsapp_vale_id/modificate/dessert/marcio/gpt_image_1_5/7fowmd6k_dessert_buono_gpt_image_1_5.jpg,1,0.9748386,1,modificate,,dessert,marcio,gpt_image_1_5
/content/drive/MyDrive/DatasetVerifoto/images/platsim_whatsapp_vale_id/modificate/dessert/marcio/gpt_image_1_5/37exednt_dessert_buono_gpt_image_1_5.jpg,1,0.9873477,1,modificate,,dessert,marcio,gpt_image_1_5
/content/drive/MyDrive/DatasetVerifoto/images/platsim_whatsapp_vale_id/modificate/dessert/marcio/gpt_image_1_5/husvoflj_dessert_buono_gpt_image_1_5.jpg,1,0.40184247,1,modificate,,dessert,marcio,gpt_image_1_5
/content/drive/MyDrive/DatasetVerifoto/images/platsim_whatsapp_vale_id/modificate/dessert/marcio/gpt_image_1_5/5nsuylnm_dessert_buono_gpt_image_1_5.jpg,1,0.018700432,0,modificate,,dessert,marcio,gpt_image_1_5
/content/drive/MyDrive/DatasetVerifoto/images/platsim_whatsapp_vale_id/modificate/dessert/marcio/gpt_image_1_5/kqmkhwkw_dessert_buono_gpt_image_1_5.jpg,1,0.2396818,1,modificate,,dessert,marcio,gpt_image_1_5
/content/drive/MyDrive/DatasetVerifoto/images/platsim_whatsapp_vale_id/modificate/dessert/marcio/gpt_image_1_5/vth2k6r5_dessert_buono_gpt_image_1_5.jpg,1,0.9924373,1,modificate,,dessert,marcio,gpt_image_1_5
/content/drive/MyDrive/DatasetVerifoto/images/platsim_whatsapp_vale_id/modificate/dessert/marcio/gpt_image_1_5/eyvw27ut_dessert_buono_gpt_image_1_5.jpg,1,0.98233426,1,modificate,,dessert,marcio,gpt_image_1_5
/content/drive/MyDrive/DatasetVerifoto/images/platsim_whatsapp_vale_id/modificate/dessert/marcio/gpt_image_1_mini/7fowmd6k_dessert_buono_gpt_image_1_mini.jpg,1,0.98439515,1,modificate,,dessert,marcio,gpt_image_1_mini
/content/drive/MyDrive/DatasetVerifoto/images/platsim_whatsapp_vale_id/modificate/dessert/marcio/gpt_image_1_mini/mdysvf7k_dessert_buono_gpt_image_1_mini.jpg,1,0.9966683,1,modificate,,dessert,marcio,gpt_image_1_mini
/content/drive/MyDrive/DatasetVerifoto/images/platsim_whatsapp_vale_id/modificate/dessert/marcio/gpt_image_1_mini/eyvw27ut_dessert_buono_gpt_image_1_mini.jpg,1,0.98999804,1,modificate,,dessert,marcio,gpt_image_1_mini
/content/drive/MyDrive/DatasetVerifoto/images/platsim_whatsapp_vale_id/modificate/patatine/crudo/gpt_image_1_5/gej3etmn_patatine_buono_gpt_image_1_5.jpg,1,0.9702838,1,modificate,,patatine,crudo,gpt_image_1_5
/content/drive/MyDrive/DatasetVerifoto/images/platsim_whatsapp_vale_id/modificate/patatine/crudo/gpt_image_1_5/2qncxob4_patatine_buono_gpt_image_1_5.jpg,1,0.7611989,1,modificate,,patatine,crudo,gpt_image_1_5
/content/drive/MyDrive/DatasetVerifoto/images/platsim_whatsapp_vale_id/modificate/patatine/crudo/gpt_image_1_5/r6m7xzja_patatine_buono_gpt_image_1_5.jpg,1,0.9764742,1,modificate,,patatine,crudo,gpt_image_1_5
/content/drive/MyDrive/DatasetVerifoto/images/platsim_whatsapp_vale_id/modificate/patatine/crudo/gpt_image_1_5/a3d45z5e_patatine_buono_gpt_image_1_5.jpg,1,0.01048739,0,modificate,,patatine,crudo,gpt_image_1_5
/content/drive/MyDrive/DatasetVerifoto/images/platsim_whatsapp_vale_id/modificate/patatine/crudo/gpt_image_1_5/pi3wewch_patatine_buono_gpt_image_1_5.jpg,1,0.7851711,1,modificate,,patatine,crudo,gpt_image_1_5
/content/drive/MyDrive/DatasetVerifoto/images/platsim_whatsapp_vale_id/modificate/patatine/crudo/gpt_image_1_mini/gej3etmn_patatine_buono_gpt_image_1_mini.jpg,1,0.974445,1,modificate,,patatine,crudo,gpt_image_1_mini
/content/drive/MyDrive/DatasetVerifoto/images/platsim_whatsapp_vale_id/modificate/patatine/crudo/gpt_image_1_mini/r6m7xzja_patatine_buono_gpt_image_1_mini.jpg,1,0.98759896,1,modificate,,patatine,crudo,gpt_image_1_mini
/content/drive/MyDrive/DatasetVerifoto/images/platsim_whatsapp_vale_id/modificate/patatine/bruciato/gpt_image_1_5/2qncxob4_patatine_buono_gpt_image_1_5.jpg,1,0.99092686,1,modificate,,patatine,bruciato,gpt_image_1_5
/content/drive/MyDrive/DatasetVerifoto/images/platsim_whatsapp_vale_id/modificate/patatine/bruciato/gpt_image_1_5/a3d45z5e_patatine_buono_gpt_image_1_5.jpg,1,0.9676894,1,modificate,,patatine,bruciato,gpt_image_1_5
/content/drive/MyDrive/DatasetVerifoto/images/platsim_whatsapp_vale_id/modificate/patatine/bruciato/gpt_image_1_5/gej3etmn_patatine_buono_gpt_image_1_5.jpg,1,0.9945851,1,modificate,,patatine,bruciato,gpt_image_1_5
/content/drive/MyDrive/DatasetVerifoto/images/platsim_whatsapp_vale_id/modificate/patatine/bruciato/gpt_image_1_5/r6m7xzja_patatine_buono_gpt_image_1_5.jpg,1,0.99471766,1,modificate,,patatine,bruciato,gpt_image_1_5
/content/drive/MyDrive/DatasetVerifoto/images/platsim_whatsapp_vale_id/modificate/patatine/bruciato/gpt_image_1_5/kaob64gl_patatine_buono_gpt_image_1_5.jpg,1,0.9691037,1,modificate,,patatine,bruciato,gpt_image_1_5
/content/drive/MyDrive/DatasetVerifoto/images/platsim_whatsapp_vale_id/modificate/patatine/bruciato/gpt_image_1_5/pi3wewch_patatine_buono_gpt_image_1_5.jpg,1,0.9880604,1,modificate,,patatine,bruciato,gpt_image_1_5
/content/drive/MyDrive/DatasetVerifoto/images/platsim_whatsapp_vale_id/modificate/patatine/bruciato/gpt_image_1_mini/gej3etmn_patatine_buono_gpt_image_1_mini.jpg,1,0.9948984,1,modificate,,patatine,bruciato,gpt_image_1_mini
/content/drive/MyDrive/DatasetVerifoto/images/platsim_whatsapp_vale_id/modificate/patatine/bruciato/gpt_image_1_mini/r6m7xzja_patatine_buono_gpt_image_1_mini.jpg,1,0.9953825,1,modificate,,patatine,bruciato,gpt_image_1_mini
/content/drive/MyDrive/DatasetVerifoto/images/platsim_whatsapp_vale_id/modificate/riso/paella/crudo/gpt_image_1_5/6lwwqikn_riso_paella_buono_gpt_image_1_5.jpg,1,0.9512608,1,modificate,,riso,paella,crudo
/content/drive/MyDrive/DatasetVerifoto/images/platsim_whatsapp_vale_id/modificate/riso/paella/crudo/gpt_image_1_5/5yfa4b3d_riso_paella_buono_gpt_image_1_5.jpg,1,0.04534728,0,modificate,,riso,paella,crudo
/content/drive/MyDrive/DatasetVerifoto/images/platsim_whatsapp_vale_id/modificate/riso/paella/crudo/gpt_image_1_5/zl5laivc_riso_paella_buono_gpt_image_1_5.jpg,1,0.26507223,1,modificate,,riso,paella,crudo
/content/drive/MyDrive/DatasetVerifoto/images/platsim_whatsapp_vale_id/modificate/riso/paella/crudo/gpt_image_1_5/zogkeadk_riso_paella_buono_gpt_image_1_5.jpg,1,0.02713351,0,modificate,,riso,paella,crudo
/content/drive/MyDrive/DatasetVerifoto/images/platsim_whatsapp_vale_id/modificate/riso/paella/crudo/gpt_image_1_5/ryzrpqgf_riso_paella_buono_gpt_image_1_5.jpg,1,0.93155843,1,modificate,,riso,paella,crudo
/content/drive/MyDrive/DatasetVerifoto/images/platsim_whatsapp_vale_id/modificate/riso/paella/crudo/gpt_image_1_5/tinugczo_riso_paella_buono_gpt_image_1_5.jpg,1,0.96985763,1,modificate,,riso,paella,crudo
/content/drive/MyDrive/DatasetVerifoto/images/platsim_whatsapp_vale_id/modificate/riso/paella/crudo/gpt_image_1_5/h46x6wgh_riso_paella_buono_gpt_image_1_5.jpg,1,0.039562985,0,modificate,,riso,paella,crudo
/content/drive/MyDrive/DatasetVerifoto/images/platsim_whatsapp_vale_id/modificate/riso/paella/crudo/gpt_image_1_5/gii6pzha_riso_paella_buono_gpt_image_1_5.jpg,1,0.8664075,1,modificate,,riso,paella,crudo
/content/drive/MyDrive/DatasetVerifoto/images/platsim_whatsapp_vale_id/modificate/pizza/crudo/gpt_image_1_5/u7k6diu6_pizza_bruciato_cattivo_gpt_image_1_5.jpg,1,0.8077817,1,modificate,,pizza,crudo,gpt_image_1_5
/content/drive/MyDrive/DatasetVerifoto/images/platsim_whatsapp_vale_id/modificate/pizza/crudo/gpt_image_1_5/yox2boly_pizza_buono_gpt_image_1_5.jpg,1,0.3337591,1,modificate,,pizza,crudo,gpt_image_1_5
/content/drive/MyDrive/DatasetVerifoto/images/platsim_whatsapp_vale_id/modificate/pizza/crudo/gpt_image_1_5/a66h4khn_pizza_bruciato_cattivo_gpt_image_1_5.jpg,1,0.054223508,0,modificate,,pizza,crudo,gpt_image_1_5
/content/drive/MyDrive/DatasetVerifoto/images/platsim_whatsapp_vale_id/modificate/pizza/crudo/gpt_image_1_5/xug674ak_pizza_buono_gpt_image_1_5.jpg,1,0.077596106,0,modificate,,pizza,crudo,gpt_image_1_5
/content/drive/MyDrive/DatasetVerifoto/images/platsim_whatsapp_vale_id/modificate/pizza/crudo/gpt_image_1_5/zw44t2ev_pizza_buono_gpt_image_1_5.jpg,1,0.2938957,1,modificate,,pizza,crudo,gpt_image_1_5
/content/drive/MyDrive/DatasetVerifoto/images/platsim_whatsapp_vale_id/modificate/pizza/crudo/gpt_image_1_5/7iiw6qr3_pizza_buono_gpt_image_1_5.jpg,1,0.96949524,1,modificate,,pizza,crudo,gpt_image_1_5
/content/drive/MyDrive/DatasetVerifoto/images/platsim_whatsapp_vale_id/modificate/pizza/crudo/gpt_image_1_5/gvwifk3b_pizza_buono_gpt_image_1_5.jpg,1,0.038083747,0,modificate,,pizza,crudo,gpt_image_1_5
/content/drive/MyDrive/DatasetVerifoto/images/platsim_whatsapp_vale_id/modificate/pizza/crudo/gpt_image_1_5/dgiubwuv_pizza_buono_gpt_image_1_5.jpg,1,0.9551596,1,modificate,,pizza,crudo,gpt_image_1_5
/content/drive/MyDrive/DatasetVerifoto/images/platsim_whatsapp_vale_id/modificate/pizza/crudo/gpt_image_1_5/pdw3legi_pizza_buono_gpt_image_1_5.jpg,1,0.075118795,0,modificate,,pizza,crudo,gpt_image_1_5
/content/drive/MyDrive/DatasetVerifoto/images/platsim_whatsapp_vale_id/modificate/pizza/crudo/gpt_image_1_5/hwxf35gs_pizza_buono_gpt_image_1_5.jpg,1,0.075324364,0,modificate,,pizza,crudo,gpt_image_1_5
/content/drive/MyDrive/DatasetVerifoto/images/platsim_whatsapp_vale_id/modificate/pizza/crudo/gpt_image_1_5/i2wghnm5_pizza_buono_gpt_image_1_5.jpg,1,0.75898796,1,modificate,,pizza,crudo,gpt_image_1_5
/content/drive/MyDrive/DatasetVerifoto/images/platsim_whatsapp_vale_id/modificate/pizza/crudo/gpt_image_1_mini/gvwifk3b_pizza_buono_gpt_image_1_mini.jpg,1,0.94076395,1,modificate,,pizza,crudo,gpt_image_1_mini
/content/drive/MyDrive/DatasetVerifoto/images/platsim_whatsapp_vale_id/modificate/pizza/crudo/gpt_image_1_mini/xug674ak_pizza_buono_gpt_image_1_mini.jpg,1,0.97852707,1,modificate,,pizza,crudo,gpt_image_1_mini
/content/drive/MyDrive/DatasetVerifoto/images/platsim_whatsapp_vale_id/modificate/pizza/crudo/gpt_image_1_mini/zw44t2ev_pizza_buono_gpt_image_1_mini.jpg,1,0.5424739,1,modificate,,pizza,crudo,gpt_image_1_mini
/content/drive/MyDrive/DatasetVerifoto/images/platsim_whatsapp_vale_id/modificate/pizza/bruciato/gpt_image_1_5/4jwzrfu5_pizza_buono_gpt_image_1_5.jpg,1,0.082250185,0,modificate,,pizza,bruciato,gpt_image_1_5
/content/drive/MyDrive/DatasetVerifoto/images/platsim_whatsapp_vale_id/modificate/pizza/bruciato/gpt_image_1_5/gvwifk3b_pizza_buono_gpt_image_1_5.jpg,1,0.01146142,0,modificate,,pizza,bruciato,gpt_image_1_5
/content/drive/MyDrive/DatasetVerifoto/images/platsim_whatsapp_vale_id/modificate/pizza/bruciato/gpt_image_1_5/pdw3legi_pizza_buono_gpt_image_1_5.jpg,1,0.8370061,1,modificate,,pizza,bruciato,gpt_image_1_5
/content/drive/MyDrive/DatasetVerifoto/images/platsim_whatsapp_vale_id/modificate/pizza/bruciato/gpt_image_1_5/xug674ak_pizza_buono_gpt_image_1_5.jpg,1,0.7993053,1,modificate,,pizza,bruciato,gpt_image_1_5
/content/drive/MyDrive/DatasetVerifoto/images/platsim_whatsapp_vale_id/modificate/pizza/bruciato/gpt_image_1_5/a66h4khn_pizza_bruciato_cattivo_gpt_image_1_5.jpg,1,0.14300679,0,modificate,,pizza,bruciato,gpt_image_1_5
/content/drive/MyDrive/DatasetVerifoto/images/platsim_whatsapp_vale_id/modificate/pizza/bruciato/gpt_image_1_5/u7k6diu6_pizza_bruciato_cattivo_gpt_image_1_5.jpg,1,0.982414,1,modificate,,pizza,bruciato,gpt_image_1_5
/content/drive/MyDrive/DatasetVerifoto/images/platsim_whatsapp_vale_id/modificate/pizza/bruciato/gpt_image_1_5/7iiw6qr3_pizza_buono_gpt_image_1_5.jpg,1,0.9723281,1,modificate,,pizza,bruciato,gpt_image_1_5
/content/drive/MyDrive/DatasetVerifoto/images/platsim_whatsapp_vale_id/modificate/pizza/bruciato/gpt_image_1_5/dgiubwuv_pizza_buono_gpt_image_1_5.jpg,1,0.614836,1,modificate,,pizza,bruciato,gpt_image_1_5
/content/drive/MyDrive/DatasetVerifoto/images/platsim_whatsapp_vale_id/modificate/pizza/bruciato/gpt_image_1_5/zw44t2ev_pizza_buono_gpt_image_1_5.jpg,1,0.8824,1,modificate,,pizza,bruciato,gpt_image_1_5
/content/drive/MyDrive/DatasetVerifoto/images/platsim_whatsapp_vale_id/modificate/pizza/bruciato/gpt_image_1_5/cne25by3_pizza_buono_gpt_image_1_5.jpg,1,0.025405692,0,modificate,,pizza,bruciato,gpt_image_1_5
/content/drive/MyDrive/DatasetVerifoto/images/platsim_whatsapp_vale_id/modificate/pizza/bruciato/gpt_image_1_5/i2wghnm5_pizza_buono_gpt_image_1_5.jpg,1,0.96156573,1,modificate,,pizza,bruciato,gpt_image_1_5
/content/drive/MyDrive/DatasetVerifoto/images/platsim_whatsapp_vale_id/modificate/pizza/bruciato/gpt_image_1_5/yox2boly_pizza_buono_gpt_image_1_5.jpg,1,0.2366289,1,modificate,,pizza,bruciato,gpt_image_1_5
/content/drive/MyDrive/DatasetVerifoto/images/platsim_whatsapp_vale_id/modificate/pizza/bruciato/gpt_image_1_mini/cne25by3_pizza_buono_gpt_image_1_mini.jpg,1,0.022470351,0,modificate,,pizza,bruciato,gpt_image_1_mini
/content/drive/MyDrive/DatasetVerifoto/images/platsim_whatsapp_vale_id/modificate/pizza/bruciato/gpt_image_1_mini/gvwifk3b_pizza_buono_gpt_image_1_mini.jpg,1,0.9612334,1,modificate,,pizza,bruciato,gpt_image_1_mini
/content/drive/MyDrive/DatasetVerifoto/images/platsim_whatsapp_vale_id/modificate/pizza/bruciato/gpt_image_1_mini/zw44t2ev_pizza_buono_gpt_image_1_mini.jpg,1,0.98897225,1,modificate,,pizza,bruciato,gpt_image_1_mini
/content/drive/MyDrive/DatasetVerifoto/images/platsim_whatsapp_vale_id/modificate/pizza/bruciato/gpt_image_1_mini/xug674ak_pizza_buono_gpt_image_1_mini.jpg,1,0.9861166,1,modificate,,pizza,bruciato,gpt_image_1_mini
/content/drive/MyDrive/DatasetVerifoto/images/platsim_whatsapp_vale_id/modificate/pizza/marcio/gpt_image_1_mini/cne25by3_pizza_buono_gpt_image_1_mini.jpg,1,0.047147404,0,modificate,,pizza,marcio,gpt_image_1_mini
/content/drive/MyDrive/DatasetVerifoto/images/platsim_whatsapp_vale_id/modificate/pizza/marcio/gpt_image_1_5/cne25by3_pizza_buono_gpt_image_1_5.jpg,1,0.03815971,0,modificate,,pizza,marcio,gpt_image_1_5
/content/drive/MyDrive/DatasetVerifoto/images/platsim_whatsapp_vale_id/modificate/pizza/marcio/gpt_image_1_5/hwxf35gs_pizza_buono_gpt_image_1_5.jpg,1,0.6948647,1,modificate,,pizza,marcio,gpt_image_1_5
/content/drive/MyDrive/DatasetVerifoto/images/platsim_whatsapp_vale_id/modificate/sushi/crudo/gpt_image_1_5/3fty3yfq_sushi_buono_gpt_image_1_5.jpg,1,0.20178233,1,modificate,,sushi,crudo,gpt_image_1_5
/content/drive/MyDrive/DatasetVerifoto/images/platsim_whatsapp_vale_id/modificate/sushi/marcio/gpt_image_1_5/bvwvkj2b_sushi_buono_gpt_image_1_5.jpg,1,0.9639924,1,modificate,,sushi,marcio,gpt_image_1_5
/content/drive/MyDrive/DatasetVerifoto/images/platsim_whatsapp_vale_id/modificate/sushi/marcio/gpt_image_1_5/afeqtdbm_sushi_buono_gpt_image_1_5.jpg,1,0.011760594,0,modificate,,sushi,marcio,gpt_image_1_5
/content/drive/MyDrive/DatasetVerifoto/images/platsim_whatsapp_vale_id/modificate/sushi/marcio/gpt_image_1_5/m6xrm3um_sushi_buono_gpt_image_1_5.jpg,1,0.024556302,0,modificate,,sushi,marcio,gpt_image_1_5
/content/drive/MyDrive/DatasetVerifoto/images/platsim_whatsapp_vale_id/modificate/sushi/marcio/gpt_image_1_5/jdzs2vpb_sushi_buono_gpt_image_1_5.jpg,1,0.031794023,0,modificate,,sushi,marcio,gpt_image_1_5
/content/drive/MyDrive/DatasetVerifoto/images/platsim_whatsapp_vale_id/modificate/sushi/marcio/gpt_image_1_5/3fty3yfq_sushi_buono_gpt_image_1_5.jpg,1,0.06829497,0,modificate,,sushi,marcio,gpt_image_1_5
/content/drive/MyDrive/DatasetVerifoto/images/platsim_whatsapp_vale_id/modificate/sushi/marcio/gpt_image_1_5/yap36qyd_sushi_buono_gpt_image_1_5.jpg,1,0.75361407,1,modificate,,sushi,marcio,gpt_image_1_5
/content/drive/MyDrive/DatasetVerifoto/images/platsim_whatsapp_vale_id/modificate/sushi/marcio/gpt_image_1_5/mw2pvbjq_sushi_buono_gpt_image_1_5.jpg,1,0.02875295,0,modificate,,sushi,marcio,gpt_image_1_5
/content/drive/MyDrive/DatasetVerifoto/images/platsim_whatsapp_vale_id/modificate/sushi/insetti/gpt_image_1_5/mw2pvbjq_sushi_buono_gpt_image_1_5.jpg,1,0.02417064,0,modificate,,sushi,insetti,gpt_image_1_5
/content/drive/MyDrive/DatasetVerifoto/images/platsim_whatsapp_vale_id/modificate/sushi/insetti/gpt_image_1_5/jdzs2vpb_sushi_buono_gpt_image_1_5.jpg,1,0.014737337,0,modificate,,sushi,insetti,gpt_image_1_5
/content/drive/MyDrive/DatasetVerifoto/images/platsim_whatsapp_vale_id/modificate/sushi/insetti/gpt_image_1_5/bvwvkj2b_sushi_buono_gpt_image_1_5.jpg,1,0.1963991,0,modificate,,sushi,insetti,gpt_image_1_5
/content/drive/MyDrive/DatasetVerifoto/images/platsim_whatsapp_vale_id/modificate/sushi/insetti/gpt_image_1_5/afeqtdbm_sushi_buono_gpt_image_1_5.jpg,1,0.010801893,0,modificate,,sushi,insetti,gpt_image_1_5
/content/drive/MyDrive/DatasetVerifoto/images/platsim_whatsapp_vale_id/modificate/sushi/insetti/gpt_image_1_5/m6xrm3um_sushi_buono_gpt_image_1_5.jpg,1,0.0284928,0,modificate,,sushi,insetti,gpt_image_1_5
/content/drive/MyDrive/DatasetVerifoto/images/platsim_whatsapp_vale_id/modificate/zuppa/marcio/gpt_image_1_5/2yabfsbs_zuppa_buono_gpt_image_1_5.jpg,1,0.99103457,1,modificate,,zuppa,marcio,gpt_image_1_5
/content/drive/MyDrive/DatasetVerifoto/images/platsim_whatsapp_vale_id/modificate/pasta/altro/gpt_image_1_5/cam5yw2i_pasta_buono_gpt_image_1_5.jpg,1,0.73033595,1,modificate,,pasta,altro,gpt_image_1_5
/content/drive/MyDrive/DatasetVerifoto/images/platsim_whatsapp_vale_id/modificate/pasta/altro/gpt_image_1_mini/cam5yw2i_pasta_buono_gpt_image_1_mini.jpg,1,0.9538252,1,modificate,,pasta,altro,gpt_image_1_mini
/content/drive/MyDrive/DatasetVerifoto/images/platsim_whatsapp_vale_id/modificate/pasta/ammuffito/gpt_image_1_5/kye76mxj_pasta_buono_gpt_image_1_5.jpg,1,0.97713864,1,modificate,,pasta,ammuffito,gpt_image_1_5
/content/drive/MyDrive/DatasetVerifoto/images/platsim_whatsapp_vale_id/modificate/pasta/ammuffito/gpt_image_1_mini/kye76mxj_pasta_buono_gpt_image_1_mini.jpg,1,0.971369,1,modificate,,pasta,ammuffito,gpt_image_1_mini
/content/drive/MyDrive/DatasetVerifoto/images/platsim_whatsapp_vale_id/modificate/pasta/bruciato/gpt_image_1_5/72cup6rg_pasta_buono_gpt_image_1_5.jpg,1,0.99322647,1,modificate,,pasta,bruciato,gpt_image_1_5
/content/drive/MyDrive/DatasetVerifoto/images/platsim_whatsapp_vale_id/modificate/pasta/bruciato/gpt_image_1_5/fxnfeuxy_pasta_buono_gpt_image_1_5.jpg,1,0.98801106,1,modificate,,pasta,bruciato,gpt_image_1_5
/content/drive/MyDrive/DatasetVerifoto/images/platsim_whatsapp_vale_id/modificate/pasta/bruciato/gpt_image_1_5/jj4odgnd_pasta_buono_gpt_image_1_5.jpg,1,0.9818503,1,modificate,,pasta,bruciato,gpt_image_1_5
/content/drive/MyDrive/DatasetVerifoto/images/platsim_whatsapp_vale_id/modificate/pasta/bruciato/gpt_image_1_5/stk6fwdh_pasta_buono_gpt_image_1_5.jpg,1,0.99138016,1,modificate,,pasta,bruciato,gpt_image_1_5
/content/drive/MyDrive/DatasetVerifoto/images/platsim_whatsapp_vale_id/modificate/pasta/bruciato/gpt_image_1_5/uboeqqou_pasta_buono_gpt_image_1_5.jpg,1,0.99135196,1,modificate,,pasta,bruciato,gpt_image_1_5
/content/drive/MyDrive/DatasetVerifoto/images/platsim_whatsapp_vale_id/modificate/pasta/bruciato/gpt_image_1_5/gleub5m7_pasta_buono_gpt_image_1_5.jpg,1,0.9430516,1,modificate,,pasta,bruciato,gpt_image_1_5
/content/drive/MyDrive/DatasetVerifoto/images/platsim_whatsapp_vale_id/modificate/pasta/bruciato/gpt_image_1_mini/stk6fwdh_pasta_buono_gpt_image_1_mini.jpg,1,0.9927538,1,modificate,,pasta,bruciato,gpt_image_1_mini
/content/drive/MyDrive/DatasetVerifoto/images/platsim_whatsapp_vale_id/modificate/pasta/marcio/gpt_image_1_mini/5z2uinku_pasta_buono_gpt_image_1_mini.jpg,1,0.9923299,1,modificate,,pasta,marcio,gpt_image_1_mini
/content/drive/MyDrive/DatasetVerifoto/images/platsim_whatsapp_vale_id/modificate/pasta/marcio/gpt_image_1_mini/3ohh5bjo_pasta_buono_gpt_image_1_mini.jpg,1,0.9756596,1,modificate,,pasta,marcio,gpt_image_1_mini
/content/drive/MyDrive/DatasetVerifoto/images/platsim_whatsapp_vale_id/modificate/pasta/marcio/gpt_image_1_mini/3whu6udg_pasta_buono_gpt_image_1_mini.jpg,1,0.98024505,1,modificate,,pasta,marcio,gpt_image_1_mini
/content/drive/MyDrive/DatasetVerifoto/images/platsim_whatsapp_vale_id/modificate/pasta/marcio/gpt_image_1_mini/4szy2xcf_pasta_buono_gpt_image_1_mini.jpg,1,0.990427,1,modificate,,pasta,marcio,gpt_image_1_mini
/content/drive/MyDrive/DatasetVerifoto/images/platsim_whatsapp_vale_id/modificate/pasta/marcio/gpt_image_1_mini/kye76mxj_pasta_buono_gpt_image_1_mini.jpg,1,0.99032986,1,modificate,,pasta,marcio,gpt_image_1_mini
/content/drive/MyDrive/DatasetVerifoto/images/platsim_whatsapp_vale_id/modificate/pasta/marcio/gpt_image_1_mini/pvvcboi4_pasta_buono_gpt_image_1_mini.jpg,1,0.93726355,1,modificate,,pasta,marcio,gpt_image_1_mini
/content/drive/MyDrive/DatasetVerifoto/images/platsim_whatsapp_vale_id/modificate/pasta/marcio/gpt_image_1_mini/ubwhdhnp_pasta_buono_gpt_image_1_mini.jpg,1,0.9788289,1,modificate,,pasta,marcio,gpt_image_1_mini
/content/drive/MyDrive/DatasetVerifoto/images/platsim_whatsapp_vale_id/modificate/pasta/marcio/gpt_image_1_mini/l2wy2e4p_pasta_buono_gpt_image_1_mini.jpg,1,0.99440384,1,modificate,,pasta,marcio,gpt_image_1_mini
/content/drive/MyDrive/DatasetVerifoto/images/platsim_whatsapp_vale_id/modificate/pasta/marcio/gpt_image_1_mini/wqlepvuu_pasta_buono_gpt_image_1_mini.jpg,1,0.9853572,1,modificate,,pasta,marcio,gpt_image_1_mini
/content/drive/MyDrive/DatasetVerifoto/images/platsim_whatsapp_vale_id/modificate/pasta/marcio/gpt_image_1_mini/stk6fwdh_pasta_buono_gpt_image_1_mini.jpg,1,0.99370474,1,modificate,,pasta,marcio,gpt_image_1_mini
/content/drive/MyDrive/DatasetVerifoto/images/platsim_whatsapp_vale_id/modificate/pasta/marcio/gpt_image_1_mini/h2jkdnmr_pasta_buono_gpt_image_1_mini.jpg,1,0.98537767,1,modificate,,pasta,marcio,gpt_image_1_mini
/content/drive/MyDrive/DatasetVerifoto/images/platsim_whatsapp_vale_id/modificate/pasta/marcio/gpt_image_1_mini/mtbhkxb3_pasta_buono_gpt_image_1_mini.jpg,1,0.99013,1,modificate,,pasta,marcio,gpt_image_1_mini
/content/drive/MyDrive/DatasetVerifoto/images/platsim_whatsapp_vale_id/modificate/pasta/marcio/gpt_image_1_mini/yuhs2ykg_pasta_buono_gpt_image_1_mini.jpg,1,0.9931585,1,modificate,,pasta,marcio,gpt_image_1_mini
/content/drive/MyDrive/DatasetVerifoto/images/platsim_whatsapp_vale_id/modificate/pasta/marcio/gpt_image_1_5/22vza2fr_pasta_buono_gpt_image_1_5.jpg,1,0.92508,1,modificate,,pasta,marcio,gpt_image_1_5
/content/drive/MyDrive/DatasetVerifoto/images/platsim_whatsapp_vale_id/modificate/pasta/marcio/gpt_image_1_5/3ohh5bjo_pasta_buono_gpt_image_1_5.jpg,1,0.9927509,1,modificate,,pasta,marcio,gpt_image_1_5
/content/drive/MyDrive/DatasetVerifoto/images/platsim_whatsapp_vale_id/modificate/pasta/marcio/gpt_image_1_5/32aagow7_pasta_buono_gpt_image_1_5.jpg,1,0.99129885,1,modificate,,pasta,marcio,gpt_image_1_5
/content/drive/MyDrive/DatasetVerifoto/images/platsim_whatsapp_vale_id/modificate/pasta/marcio/gpt_image_1_5/pei3tbjd_pasta_buono_gpt_image_1_5.jpg,1,0.94949466,1,modificate,,pasta,marcio,gpt_image_1_5
/content/drive/MyDrive/DatasetVerifoto/images/platsim_whatsapp_vale_id/modificate/pasta/marcio/gpt_image_1_5/4szy2xcf_pasta_buono_gpt_image_1_5.jpg,1,0.98048246,1,modificate,,pasta,marcio,gpt_image_1_5
/content/drive/MyDrive/DatasetVerifoto/images/platsim_whatsapp_vale_id/modificate/pasta/marcio/gpt_image_1_5/5z2uinku_pasta_buono_gpt_image_1_5.jpg,1,0.9933426,1,modificate,,pasta,marcio,gpt_image_1_5
/content/drive/MyDrive/DatasetVerifoto/images/platsim_whatsapp_vale_id/modificate/pasta/marcio/gpt_image_1_5/kye76mxj_pasta_buono_gpt_image_1_5.jpg,1,0.99092007,1,modificate,,pasta,marcio,gpt_image_1_5
/content/drive/MyDrive/DatasetVerifoto/images/platsim_whatsapp_vale_id/modificate/pasta/marcio/gpt_image_1_5/3whu6udg_pasta_buono_gpt_image_1_5.jpg,1,0.9834765,1,modificate,,pasta,marcio,gpt_image_1_5
/content/drive/MyDrive/DatasetVerifoto/images/platsim_whatsapp_vale_id/modificate/pasta/marcio/gpt_image_1_5/inepugah_pasta_buono_gpt_image_1_5.jpg,1,0.91274214,1,modificate,,pasta,marcio,gpt_image_1_5
/content/drive/MyDrive/DatasetVerifoto/images/platsim_whatsapp_vale_id/modificate/pasta/marcio/gpt_image_1_5/l2wy2e4p_pasta_buono_gpt_image_1_5.jpg,1,0.98197776,1,modificate,,pasta,marcio,gpt_image_1_5
/content/drive/MyDrive/DatasetVerifoto/images/platsim_whatsapp_vale_id/modificate/pasta/marcio/gpt_image_1_5/okj5nfvq_pasta_buono_gpt_image_1_5.jpg,1,0.08547886,0,modificate,,pasta,marcio,gpt_image_1_5
/content/drive/MyDrive/DatasetVerifoto/images/platsim_whatsapp_vale_id/modificate/pasta/marcio/gpt_image_1_5/mynrb6wk_pasta_buono_gpt_image_1_5.jpg,1,0.9307208,1,modificate,,pasta,marcio,gpt_image_1_5
/content/drive/MyDrive/DatasetVerifoto/images/platsim_whatsapp_vale_id/modificate/pasta/marcio/gpt_image_1_5/aq2cqxoq_pasta_buono_gpt_image_1_5.jpg,1,0.966737,1,modificate,,pasta,marcio,gpt_image_1_5
/content/drive/MyDrive/DatasetVerifoto/images/platsim_whatsapp_vale_id/modificate/pasta/marcio/gpt_image_1_5/h2jkdnmr_pasta_buono_gpt_image_1_5.jpg,1,0.9245452,1,modificate,,pasta,marcio,gpt_image_1_5
/content/drive/MyDrive/DatasetVerifoto/images/platsim_whatsapp_vale_id/modificate/pasta/marcio/gpt_image_1_5/lkl5tlbh_pasta_buono_gpt_image_1_5.jpg,1,0.80584514,1,modificate,,pasta,marcio,gpt_image_1_5
/content/drive/MyDrive/DatasetVerifoto/images/platsim_whatsapp_vale_id/modificate/pasta/marcio/gpt_image_1_5/mtbhkxb3_pasta_buono_gpt_image_1_5.jpg,1,0.11220426,0,modificate,,pasta,marcio,gpt_image_1_5
/content/drive/MyDrive/DatasetVerifoto/images/platsim_whatsapp_vale_id/modificate/pasta/marcio/gpt_image_1_5/pvvcboi4_pasta_buono_gpt_image_1_5.jpg,1,0.9898996,1,modificate,,pasta,marcio,gpt_image_1_5
/content/drive/MyDrive/DatasetVerifoto/images/platsim_whatsapp_vale_id/modificate/pasta/marcio/gpt_image_1_5/umxcmuxg_pasta_buono_gpt_image_1_5.jpg,1,0.9938498,1,modificate,,pasta,marcio,gpt_image_1_5
/content/drive/MyDrive/DatasetVerifoto/images/platsim_whatsapp_vale_id/modificate/pasta/marcio/gpt_image_1_5/stk6fwdh_pasta_buono_gpt_image_1_5.jpg,1,0.9870205,1,modificate,,pasta,marcio,gpt_image_1_5
/content/drive/MyDrive/DatasetVerifoto/images/platsim_whatsapp_vale_id/modificate/pasta/marcio/gpt_image_1_5/wqlepvuu_pasta_buono_gpt_image_1_5.jpg,1,0.9742993,1,modificate,,pasta,marcio,gpt_image_1_5
/content/drive/MyDrive/DatasetVerifoto/images/platsim_whatsapp_vale_id/modificate/pasta/marcio/gpt_image_1_5/sqpixmd5_pasta_buono_gpt_image_1_5.jpg,1,0.9895475,1,modificate,,pasta,marcio,gpt_image_1_5
/content/drive/MyDrive/DatasetVerifoto/images/platsim_whatsapp_vale_id/modificate/pasta/marcio/gpt_image_1_5/zq4fcm43_pasta_buono_gpt_image_1_5.jpg,1,0.989144,1,modificate,,pasta,marcio,gpt_image_1_5
/content/drive/MyDrive/DatasetVerifoto/images/platsim_whatsapp_vale_id/modificate/pasta/marcio/gpt_image_1_5/ubwhdhnp_pasta_buono_gpt_image_1_5.jpg,1,0.7917795,1,modificate,,pasta,marcio,gpt_image_1_5
/content/drive/MyDrive/DatasetVerifoto/images/platsim_whatsapp_vale_id/modificate/pasta/marcio/gpt_image_1_5/u3lipaqm_pasta_buono_gpt_image_1_5.jpg,1,0.98345643,1,modificate,,pasta,marcio,gpt_image_1_5
/content/drive/MyDrive/DatasetVerifoto/images/platsim_whatsapp_vale_id/modificate/pasta/marcio/gpt_image_1_5/yuhs2ykg_pasta_buono_gpt_image_1_5.jpg,1,0.11507281,0,modificate,,pasta,marcio,gpt_image_1_5
/content/drive/MyDrive/DatasetVerifoto/images/platsim_whatsapp_vale_id/modificate/pasta/insetti/gpt_image_1_5/32aagow7_pasta_buono_gpt_image_1_5.jpg,1,0.9909651,1,modificate,,pasta,insetti,gpt_image_1_5
/content/drive/MyDrive/DatasetVerifoto/images/platsim_whatsapp_vale_id/modificate/pasta/insetti/gpt_image_1_5/wqlepvuu_pasta_buono_gpt_image_1_5.jpg,1,0.907163,1,modificate,,pasta,insetti,gpt_image_1_5
/content/drive/MyDrive/DatasetVerifoto/images/platsim_whatsapp_vale_id/modificate/pasta/insetti/gpt_image_1_mini/wqlepvuu_pasta_buono_gpt_image_1_mini.jpg,1,0.9663911,1,modificate,,pasta,insetti,gpt_image_1_mini
/content/drive/MyDrive/DatasetVerifoto/images/platsim_whatsapp_vale_id/modificate/pasta/crudo/gpt_image_1_5/3whu6udg_pasta_buono_gpt_image_1_5.jpg,1,0.9890997,1,modificate,,pasta,crudo,gpt_image_1_5
/content/drive/MyDrive/DatasetVerifoto/images/platsim_whatsapp_vale_id/modificate/pasta/crudo/gpt_image_1_5/3ohh5bjo_pasta_buono_gpt_image_1_5.jpg,1,0.9250473,1,modificate,,pasta,crudo,gpt_image_1_5
/content/drive/MyDrive/DatasetVerifoto/images/platsim_whatsapp_vale_id/modificate/pasta/crudo/gpt_image_1_5/22vza2fr_pasta_buono_gpt_image_1_5.jpg,1,0.3017023,1,modificate,,pasta,crudo,gpt_image_1_5
/content/drive/MyDrive/DatasetVerifoto/images/platsim_whatsapp_vale_id/modificate/pasta/crudo/gpt_image_1_5/4szy2xcf_pasta_buono_gpt_image_1_5.jpg,1,0.97883797,1,modificate,,pasta,crudo,gpt_image_1_5
/content/drive/MyDrive/DatasetVerifoto/images/platsim_whatsapp_vale_id/modificate/pasta/crudo/gpt_image_1_5/5z2uinku_pasta_buono_gpt_image_1_5.jpg,1,0.9904676,1,modificate,,pasta,crudo,gpt_image_1_5
/content/drive/MyDrive/DatasetVerifoto/images/platsim_whatsapp_vale_id/modificate/pasta/crudo/gpt_image_1_5/fxnfeuxy_pasta_buono_gpt_image_1_5.jpg,1,0.011860155,0,modificate,,pasta,crudo,gpt_image_1_5
/content/drive/MyDrive/DatasetVerifoto/images/platsim_whatsapp_vale_id/modificate/pasta/crudo/gpt_image_1_5/inepugah_pasta_buono_gpt_image_1_5.jpg,1,0.06995337,0,modificate,,pasta,crudo,gpt_image_1_5
/content/drive/MyDrive/DatasetVerifoto/images/platsim_whatsapp_vale_id/modificate/pasta/crudo/gpt_image_1_5/gleub5m7_pasta_buono_gpt_image_1_5.jpg,1,0.078304455,0,modificate,,pasta,crudo,gpt_image_1_5
/content/drive/MyDrive/DatasetVerifoto/images/platsim_whatsapp_vale_id/modificate/pasta/crudo/gpt_image_1_5/72cup6rg_pasta_buono_gpt_image_1_5.jpg,1,0.02198414,0,modificate,,pasta,crudo,gpt_image_1_5
/content/drive/MyDrive/DatasetVerifoto/images/platsim_whatsapp_vale_id/modificate/pasta/crudo/gpt_image_1_5/jj4odgnd_pasta_buono_gpt_image_1_5.jpg,1,0.848101,1,modificate,,pasta,crudo,gpt_image_1_5
/content/drive/MyDrive/DatasetVerifoto/images/platsim_whatsapp_vale_id/modificate/pasta/crudo/gpt_image_1_5/aq2cqxoq_pasta_buono_gpt_image_1_5.jpg,1,0.9809574,1,modificate,,pasta,crudo,gpt_image_1_5
/content/drive/MyDrive/DatasetVerifoto/images/platsim_whatsapp_vale_id/modificate/pasta/crudo/gpt_image_1_5/cam5yw2i_pasta_buono_gpt_image_1_5.jpg,1,0.8847213,1,modificate,,pasta,crudo,gpt_image_1_5
/content/drive/MyDrive/DatasetVerifoto/images/platsim_whatsapp_vale_id/modificate/pasta/crudo/gpt_image_1_5/tlyaphyx_pasta_buono_gpt_image_1_5.jpg,1,0.049653616,0,modificate,,pasta,crudo,gpt_image_1_5
/content/drive/MyDrive/DatasetVerifoto/images/platsim_whatsapp_vale_id/modificate/pasta/crudo/gpt_image_1_5/pei3tbjd_pasta_buono_gpt_image_1_5.jpg,1,0.98178387,1,modificate,,pasta,crudo,gpt_image_1_5
/content/drive/MyDrive/DatasetVerifoto/images/platsim_whatsapp_vale_id/modificate/pasta/crudo/gpt_image_1_5/okj5nfvq_pasta_buono_gpt_image_1_5.jpg,1,0.92248833,1,modificate,,pasta,crudo,gpt_image_1_5
/content/drive/MyDrive/DatasetVerifoto/images/platsim_whatsapp_vale_id/modificate/pasta/crudo/gpt_image_1_5/ubwhdhnp_pasta_buono_gpt_image_1_5.jpg,1,0.9834065,1,modificate,,pasta,crudo,gpt_image_1_5
/content/drive/MyDrive/DatasetVerifoto/images/platsim_whatsapp_vale_id/modificate/pasta/crudo/gpt_image_1_5/umxcmuxg_pasta_buono_gpt_image_1_5.jpg,1,0.054449756,0,modificate,,pasta,crudo,gpt_image_1_5
/content/drive/MyDrive/DatasetVerifoto/images/platsim_whatsapp_vale_id/modificate/pasta/crudo/gpt_image_1_5/pm46vzag_pasta_buono_gpt_image_1_5.jpg,1,0.93531364,1,modificate,,pasta,crudo,gpt_image_1_5
/content/drive/MyDrive/DatasetVerifoto/images/platsim_whatsapp_vale_id/modificate/pasta/crudo/gpt_image_1_5/yuhs2ykg_pasta_buono_gpt_image_1_5.jpg,1,0.36096472,1,modificate,,pasta,crudo,gpt_image_1_5
/content/drive/MyDrive/DatasetVerifoto/images/platsim_whatsapp_vale_id/modificate/pasta/crudo/gpt_image_1_5/pvvcboi4_pasta_buono_gpt_image_1_5.jpg,1,0.97985005,1,modificate,,pasta,crudo,gpt_image_1_5
/content/drive/MyDrive/DatasetVerifoto/images/platsim_whatsapp_vale_id/modificate/pasta/crudo/gpt_image_1_5/uboeqqou_pasta_buono_gpt_image_1_5.jpg,1,0.9219894,1,modificate,,pasta,crudo,gpt_image_1_5
/content/drive/MyDrive/DatasetVerifoto/images/platsim_whatsapp_vale_id/modificate/pasta/crudo/gpt_image_1_5/mtbhkxb3_pasta_buono_gpt_image_1_5.jpg,1,0.9112931,1,modificate,,pasta,crudo,gpt_image_1_5
/content/drive/MyDrive/DatasetVerifoto/images/platsim_whatsapp_vale_id/modificate/pasta/crudo/gpt_image_1_5/u3lipaqm_pasta_buono_gpt_image_1_5.jpg,1,0.9601573,1,modificate,,pasta,crudo,gpt_image_1_5
/content/drive/MyDrive/DatasetVerifoto/images/platsim_whatsapp_vale_id/modificate/pasta/crudo/gpt_image_1_5/ni6smdiw_pasta_buono_gpt_image_1_5.jpg,1,0.18917516,0,modificate,,pasta,crudo,gpt_image_1_5
/content/drive/MyDrive/DatasetVerifoto/images/platsim_whatsapp_vale_id/modificate/pasta/crudo/gpt_image_1_mini/5z2uinku_pasta_buono_gpt_image_1_mini.jpg,1,0.9905868,1,modificate,,pasta,crudo,gpt_image_1_mini
/content/drive/MyDrive/DatasetVerifoto/images/platsim_whatsapp_vale_id/modificate/pasta/crudo/gpt_image_1_mini/cam5yw2i_pasta_buono_gpt_image_1_mini.jpg,1,0.9800413,1,modificate,,pasta,crudo,gpt_image_1_mini
/content/drive/MyDrive/DatasetVerifoto/images/platsim_whatsapp_vale_id/modificate/pasta/crudo/gpt_image_1_mini/4szy2xcf_pasta_buono_gpt_image_1_mini.jpg,1,0.9106921,1,modificate,,pasta,crudo,gpt_image_1_mini
/content/drive/MyDrive/DatasetVerifoto/images/platsim_whatsapp_vale_id/modificate/pasta/crudo/gpt_image_1_mini/3whu6udg_pasta_buono_gpt_image_1_mini.jpg,1,0.9937703,1,modificate,,pasta,crudo,gpt_image_1_mini
/content/drive/MyDrive/DatasetVerifoto/images/platsim_whatsapp_vale_id/modificate/pasta/crudo/gpt_image_1_mini/mtbhkxb3_pasta_buono_gpt_image_1_mini.jpg,1,0.24547385,1,modificate,,pasta,crudo,gpt_image_1_mini
/content/drive/MyDrive/DatasetVerifoto/images/platsim_whatsapp_vale_id/modificate/pasta/crudo/gpt_image_1_mini/3ohh5bjo_pasta_buono_gpt_image_1_mini.jpg,1,0.9674228,1,modificate,,pasta,crudo,gpt_image_1_mini
/content/drive/MyDrive/DatasetVerifoto/images/platsim_whatsapp_vale_id/modificate/pasta/crudo/gpt_image_1_mini/ubwhdhnp_pasta_buono_gpt_image_1_mini.jpg,1,0.98874015,1,modificate,,pasta,crudo,gpt_image_1_mini
/content/drive/MyDrive/DatasetVerifoto/images/platsim_whatsapp_vale_id/modificate/pasta/crudo/gpt_image_1_mini/yuhs2ykg_pasta_buono_gpt_image_1_mini.jpg,1,0.9636705,1,modificate,,pasta,crudo,gpt_image_1_mini
/content/drive/MyDrive/DatasetVerifoto/images/platsim_whatsapp_vale_id/modificate/pasta/crudo/gpt_image_1_mini/pvvcboi4_pasta_buono_gpt_image_1_mini.jpg,1,0.98241925,1,modificate,,pasta,crudo,gpt_image_1_mini
/content/drive/MyDrive/DatasetVerifoto/images/platsim_whatsapp_vale_id/modificate/insalata/insetti/gpt_image_1_5/4s5mjp6b_insalata_buono_gpt_image_1_5.jpg,1,0.14462839,0,modificate,,insalata,insetti,gpt_image_1_5
/content/drive/MyDrive/DatasetVerifoto/images/platsim_whatsapp_vale_id/modificate/insalata/insetti/gpt_image_1_5/tpuly2yq_insalata_buono_gpt_image_1_5.jpg,1,0.08518245,0,modificate,,insalata,insetti,gpt_image_1_5
/content/drive/MyDrive/DatasetVerifoto/images/platsim_whatsapp_vale_id/modificate/insalata/insetti/gpt_image_1_mini/tpuly2yq_insalata_buono_gpt_image_1_mini.jpg,1,0.74201757,1,modificate,,insalata,insetti,gpt_image_1_mini
/content/drive/MyDrive/DatasetVerifoto/images/platsim_whatsapp_vale_id/modificate/insalata/marcio/gpt_image_1_5/tpuly2yq_insalata_buono_gpt_image_1_5.jpg,1,0.6203048,1,modificate,,insalata,marcio,gpt_image_1_5
/content/drive/MyDrive/DatasetVerifoto/images/platsim_whatsapp_vale_id/modificate/insalata/marcio/gpt_image_1_5/4s5mjp6b_insalata_buono_gpt_image_1_5.jpg,1,0.5310623,1,modificate,,insalata,marcio,gpt_image_1_5
/content/drive/MyDrive/DatasetVerifoto/images/platsim_whatsapp_vale_id/modificate/insalata/marcio/gpt_image_1_mini/tpuly2yq_insalata_buono_gpt_image_1_mini.jpg,1,0.35248935,1,modificate,,insalata,marcio,gpt_image_1_mini
/content/drive/MyDrive/DatasetVerifoto/images/platsim_whatsapp_vale_id/originali/buono/carne/fntev4lt_carne_buono.jpg,0,0.074268766,0,originali,buono,carne,,
/content/drive/MyDrive/DatasetVerifoto/images/platsim_whatsapp_vale_id/originali/buono/carne/3gzqje6t_carne_bruciato_cattivo.jpg,0,0.9635544,1,originali,buono,carne,,
/content/drive/MyDrive/DatasetVerifoto/images/platsim_whatsapp_vale_id/originali/buono/carne/75tgz63f_carne_buono.jpg,0,0.01049637,0,originali,buono,carne,,
/content/drive/MyDrive/DatasetVerifoto/images/platsim_whatsapp_vale_id/originali/buono/carne/akcnhjob_carne_buono.jpg,0,0.014296863,0,originali,buono,carne,,
/content/drive/MyDrive/DatasetVerifoto/images/platsim_whatsapp_vale_id/originali/buono/carne/3gelre7d_carne_buono.jpg,0,0.023830984,0,originali,buono,carne,,
/content/drive/MyDrive/DatasetVerifoto/images/platsim_whatsapp_vale_id/originali/buono/carne/nztfcvoq_carne_buono.jpg,0,0.028330838,0,originali,buono,carne,,
/content/drive/MyDrive/DatasetVerifoto/images/platsim_whatsapp_vale_id/originali/buono/carne/qif4j4os_carne_buono.jpg,0,0.008854546,0,originali,buono,carne,,
/content/drive/MyDrive/DatasetVerifoto/images/platsim_whatsapp_vale_id/originali/buono/carne/fxvyn6pk_carne_buono.jpg,0,0.0062352847,0,originali,buono,carne,,
/content/drive/MyDrive/DatasetVerifoto/images/platsim_whatsapp_vale_id/originali/buono/carne/o7qrpspp_carne_dubbio.jpg,0,0.007368022,0,originali,buono,carne,,
/content/drive/MyDrive/DatasetVerifoto/images/platsim_whatsapp_vale_id/originali/buono/carne/lxcdeyho_carne_dubbio.jpg,0,0.025965076,0,originali,buono,carne,,
/content/drive/MyDrive/DatasetVerifoto/images/platsim_whatsapp_vale_id/originali/buono/carne/s6pkncaj_carne_buono.jpg,0,0.011156722,0,originali,buono,carne,,
/content/drive/MyDrive/DatasetVerifoto/images/platsim_whatsapp_vale_id/originali/buono/carne/khhteut7_carne_buono.jpg,0,0.028412027,0,originali,buono,carne,,
/content/drive/MyDrive/DatasetVerifoto/images/platsim_whatsapp_vale_id/originali/buono/carne/inmzieee_carne_buono.jpg,0,0.013399706,0,originali,buono,carne,,
/content/drive/MyDrive/DatasetVerifoto/images/platsim_whatsapp_vale_id/originali/buono/carne/nb4af4w6_carne_buono.jpg,0,0.07400972,0,originali,buono,carne,,
/content/drive/MyDrive/DatasetVerifoto/images/platsim_whatsapp_vale_id/originali/buono/carne/hd42dw5b_carne_buono.jpg,0,0.54327595,1,originali,buono,carne,,
/content/drive/MyDrive/DatasetVerifoto/images/platsim_whatsapp_vale_id/originali/buono/carne/s47trq3s_carne_buono.jpg,0,0.44727898,1,originali,buono,carne,,
/content/drive/MyDrive/DatasetVerifoto/images/platsim_whatsapp_vale_id/originali/buono/carne/ir2ivmzc_carne_buono.jpg,0,0.06540313,0,originali,buono,carne,,
/content/drive/MyDrive/DatasetVerifoto/images/platsim_whatsapp_vale_id/originali/buono/carne/hxz26ddn_carne_buono.jpg,0,0.024895392,0,originali,buono,carne,,
/content/drive/MyDrive/DatasetVerifoto/images/platsim_whatsapp_vale_id/originali/buono/carne/sg542pgh_carne_buono.jpg,0,0.05694104,0,originali,buono,carne,,
/content/drive/MyDrive/DatasetVerifoto/images/platsim_whatsapp_vale_id/originali/buono/carne/vwvukcj7_carne_buono.jpg,0,0.8719792,1,originali,buono,carne,,
/content/drive/MyDrive/DatasetVerifoto/images/platsim_whatsapp_vale_id/originali/buono/carne/tbuhtgq4_carne_buono.jpg,0,0.8038969,1,originali,buono,carne,,
/content/drive/MyDrive/DatasetVerifoto/images/platsim_whatsapp_vale_id/originali/buono/carne/thhrvpb2_carne_bruciato_cattivo.jpg,0,0.008763873,0,originali,buono,carne,,
/content/drive/MyDrive/DatasetVerifoto/images/platsim_whatsapp_vale_id/originali/buono/carne/tc3kj22z_carne_buono.jpg,0,0.0086391,0,originali,buono,carne,,
/content/drive/MyDrive/DatasetVerifoto/images/platsim_whatsapp_vale_id/originali/buono/burger_panino/33dpwset_burger_panino_buono.jpg,0,0.8955241,1,originali,buono,burger_panino,,
/content/drive/MyDrive/DatasetVerifoto/images/platsim_whatsapp_vale_id/originali/buono/burger_panino/4er2jqz2_burger_panino_buono.jpg,0,0.025930798,0,originali,buono,burger_panino,,
/content/drive/MyDrive/DatasetVerifoto/images/platsim_whatsapp_vale_id/originali/buono/burger_panino/5b7ml2rn_burger_panino_buono.jpg,0,0.0110269375,0,originali,buono,burger_panino,,
/content/drive/MyDrive/DatasetVerifoto/images/platsim_whatsapp_vale_id/originali/buono/burger_panino/tmdn4jjm_burger_panino_buono.jpg,0,0.01844343,0,originali,buono,burger_panino,,
/content/drive/MyDrive/DatasetVerifoto/images/platsim_whatsapp_vale_id/originali/buono/burger_panino/vnsaljpo_burger_panino_buono.jpg,0,0.022649579,0,originali,buono,burger_panino,,
/content/drive/MyDrive/DatasetVerifoto/images/platsim_whatsapp_vale_id/originali/buono/burger_panino/7v274iku_burger_panino_buono.jpg,0,0.007489002,0,originali,buono,burger_panino,,
/content/drive/MyDrive/DatasetVerifoto/images/platsim_whatsapp_vale_id/originali/buono/burger_panino/eranznxa_burger_panino_buono.jpg,0,0.010604801,0,originali,buono,burger_panino,,
/content/drive/MyDrive/DatasetVerifoto/images/platsim_whatsapp_vale_id/originali/buono/burger_panino/b67bcfvb_burger_panino_buono.jpg,0,0.89785904,1,originali,buono,burger_panino,,
/content/drive/MyDrive/DatasetVerifoto/images/platsim_whatsapp_vale_id/originali/buono/burger_panino/hzt5uwka_burger_panino_dubbio.jpg,0,0.0153751215,0,originali,buono,burger_panino,,
/content/drive/MyDrive/DatasetVerifoto/images/platsim_whatsapp_vale_id/originali/buono/burger_panino/gngfmahz_burger_panino_buono.jpg,0,0.022059934,0,originali,buono,burger_panino,,
/content/drive/MyDrive/DatasetVerifoto/images/platsim_whatsapp_vale_id/originali/buono/burger_panino/j2tkevht_burger_panino_dubbio.jpg,0,0.013219991,0,originali,buono,burger_panino,,
/content/drive/MyDrive/DatasetVerifoto/images/platsim_whatsapp_vale_id/originali/buono/burger_panino/okfr7ke3_burger_panino_buono.jpg,0,0.023556083,0,originali,buono,burger_panino,,
/content/drive/MyDrive/DatasetVerifoto/images/platsim_whatsapp_vale_id/originali/buono/burger_panino/sjcafoo3_burger_panino_buono.jpg,0,0.15617375,0,originali,buono,burger_panino,,
/content/drive/MyDrive/DatasetVerifoto/images/platsim_whatsapp_vale_id/originali/buono/burger_panino/yomeyzcw_burger_panino_buono.jpg,0,0.012955889,0,originali,buono,burger_panino,,
/content/drive/MyDrive/DatasetVerifoto/images/platsim_whatsapp_vale_id/originali/buono/altro/3ny4ybrn_altro_buono.jpg,0,0.024222745,0,originali,buono,altro,,
/content/drive/MyDrive/DatasetVerifoto/images/platsim_whatsapp_vale_id/originali/buono/altro/3ouebiyo_altro_buono.jpg,0,0.9383481,1,originali,buono,altro,,
/content/drive/MyDrive/DatasetVerifoto/images/platsim_whatsapp_vale_id/originali/buono/altro/3ibv5meg_altro_buono.jpg,0,0.53082234,1,originali,buono,altro,,
/content/drive/MyDrive/DatasetVerifoto/images/platsim_whatsapp_vale_id/originali/buono/altro/gul7rtua_altro_buono.jpg,0,0.01225396,0,originali,buono,altro,,
/content/drive/MyDrive/DatasetVerifoto/images/platsim_whatsapp_vale_id/originali/buono/altro/eaqahksl_altro_buono.jpg,0,0.011450237,0,originali,buono,altro,,
/content/drive/MyDrive/DatasetVerifoto/images/platsim_whatsapp_vale_id/originali/buono/altro/eggrfhgy_altro_buono.jpg,0,0.035265334,0,originali,buono,altro,,
/content/drive/MyDrive/DatasetVerifoto/images/platsim_whatsapp_vale_id/originali/buono/altro/buakq3ew_altro_buono.jpg,0,0.6214598,1,originali,buono,altro,,
/content/drive/MyDrive/DatasetVerifoto/images/platsim_whatsapp_vale_id/originali/buono/altro/5r4hbtsa_altro_buono.jpg,0,0.008502563,0,originali,buono,altro,,
/content/drive/MyDrive/DatasetVerifoto/images/platsim_whatsapp_vale_id/originali/buono/altro/avk5mamu_altro_buono.jpg,0,0.04852457,0,originali,buono,altro,,
/content/drive/MyDrive/DatasetVerifoto/images/platsim_whatsapp_vale_id/originali/buono/altro/buqukcd4_altro_buono.jpg,0,0.013957463,0,originali,buono,altro,,
/content/drive/MyDrive/DatasetVerifoto/images/platsim_whatsapp_vale_id/originali/buono/altro/bpoz7nxx_altro_buono.jpg,0,0.016464313,0,originali,buono,altro,,
/content/drive/MyDrive/DatasetVerifoto/images/platsim_whatsapp_vale_id/originali/buono/altro/b5jckknv_altro_buono.jpg,0,0.011570304,0,originali,buono,altro,,
/content/drive/MyDrive/DatasetVerifoto/images/platsim_whatsapp_vale_id/originali/buono/altro/q3qd5clw_altro_buono.jpg,0,0.05268492,0,originali,buono,altro,,
/content/drive/MyDrive/DatasetVerifoto/images/platsim_whatsapp_vale_id/originali/buono/altro/u4mtz5r3_altro_buono.jpg,0,0.010778369,0,originali,buono,altro,,
/content/drive/MyDrive/DatasetVerifoto/images/platsim_whatsapp_vale_id/originali/buono/altro/v272ozug_altro_buono.jpg,0,0.011367484,0,originali,buono,altro,,
/content/drive/MyDrive/DatasetVerifoto/images/platsim_whatsapp_vale_id/originali/buono/altro/qhgc5x7y_altro_buono.jpg,0,0.015412491,0,originali,buono,altro,,
/content/drive/MyDrive/DatasetVerifoto/images/platsim_whatsapp_vale_id/originali/buono/altro/o3trcwpr_altro_buono.jpg,0,0.009192018,0,originali,buono,altro,,
/content/drive/MyDrive/DatasetVerifoto/images/platsim_whatsapp_vale_id/originali/buono/altro/lk5uuzmn_altro_buono.jpg,0,0.8146733,1,originali,buono,altro,,
/content/drive/MyDrive/DatasetVerifoto/images/platsim_whatsapp_vale_id/originali/buono/altro/pb426xgw_altro_buono.jpg,0,0.008317278,0,originali,buono,altro,,
/content/drive/MyDrive/DatasetVerifoto/images/platsim_whatsapp_vale_id/originali/buono/altro/hqr72nd2_altro_buono.jpg,0,0.0076156193,0,originali,buono,altro,,
/content/drive/MyDrive/DatasetVerifoto/images/platsim_whatsapp_vale_id/originali/buono/altro/jgrgz7xu_altro_buono.jpg,0,0.056479145,0,originali,buono,altro,,
/content/drive/MyDrive/DatasetVerifoto/images/platsim_whatsapp_vale_id/originali/buono/altro/pewnxqer_altro_buono.jpg,0,0.024815613,0,originali,buono,altro,,
/content/drive/MyDrive/DatasetVerifoto/images/platsim_whatsapp_vale_id/originali/buono/altro/oyfjj3si_altro_buono.jpg,0,0.9833941,1,originali,buono,altro,,
/content/drive/MyDrive/DatasetVerifoto/images/platsim_whatsapp_vale_id/originali/buono/altro/merbyufk_altro_buono.jpg,0,0.0096092345,0,originali,buono,altro,,
/content/drive/MyDrive/DatasetVerifoto/images/platsim_whatsapp_vale_id/originali/buono/altro/k4ikqfrz_altro_buono.jpg,0,0.010503251,0,originali,buono,altro,,
/content/drive/MyDrive/DatasetVerifoto/images/platsim_whatsapp_vale_id/originali/buono/altro/uprvh6oz_altro_buono.jpg,0,0.6132252,1,originali,buono,altro,,
/content/drive/MyDrive/DatasetVerifoto/images/platsim_whatsapp_vale_id/originali/buono/altro/qposus4o_altro_buono.jpg,0,0.015461839,0,originali,buono,altro,,
/content/drive/MyDrive/DatasetVerifoto/images/platsim_whatsapp_vale_id/originali/buono/altro/wd3lojvd_altro_buono.jpg,0,0.012592459,0,originali,buono,altro,,
/content/drive/MyDrive/DatasetVerifoto/images/platsim_whatsapp_vale_id/originali/buono/altro/vqw3jetg_altro_buono.jpg,0,0.008809048,0,originali,buono,altro,,
/content/drive/MyDrive/DatasetVerifoto/images/platsim_whatsapp_vale_id/originali/buono/altro/vuus5m6g_altro_buono.jpg,0,0.025838394,0,originali,buono,altro,,
/content/drive/MyDrive/DatasetVerifoto/images/platsim_whatsapp_vale_id/originali/buono/altro/wsko4qco_altro_dubbio.jpg,0,0.9582193,1,originali,buono,altro,,
/content/drive/MyDrive/DatasetVerifoto/images/platsim_whatsapp_vale_id/originali/buono/altro/wid2gozj_altro_buono.jpg,0,0.677211,1,originali,buono,altro,,
/content/drive/MyDrive/DatasetVerifoto/images/platsim_whatsapp_vale_id/originali/buono/altro/ylo6pug6_altro_buono.jpg,0,0.042588357,0,originali,buono,altro,,
/content/drive/MyDrive/DatasetVerifoto/images/platsim_whatsapp_vale_id/originali/buono/altro/ztu4nswa_altro_buono.jpg,0,0.10904825,0,originali,buono,altro,,
/content/drive/MyDrive/DatasetVerifoto/images/platsim_whatsapp_vale_id/originali/buono/altro/yws6lzb7_altro_buono.jpg,0,0.10133657,0,originali,buono,altro,,
/content/drive/MyDrive/DatasetVerifoto/images/platsim_whatsapp_vale_id/originali/buono/altro/zpu56j2e_altro_buono.jpg,0,0.030268636,0,originali,buono,altro,,
/content/drive/MyDrive/DatasetVerifoto/images/platsim_whatsapp_vale_id/originali/buono/altro/yodxel7a_altro_buono.jpg,0,0.02391947,0,originali,buono,altro,,
/content/drive/MyDrive/DatasetVerifoto/images/platsim_whatsapp_vale_id/originali/buono/dessert/37exednt_dessert_buono.jpg,0,0.06980033,0,originali,buono,dessert,,
/content/drive/MyDrive/DatasetVerifoto/images/platsim_whatsapp_vale_id/originali/buono/dessert/7fowmd6k_dessert_buono.jpg,0,0.930787,1,originali,buono,dessert,,
/content/drive/MyDrive/DatasetVerifoto/images/platsim_whatsapp_vale_id/originali/buono/dessert/6mvklk2v_dessert_buono.jpg,0,0.01695315,0,originali,buono,dessert,,
/content/drive/MyDrive/DatasetVerifoto/images/platsim_whatsapp_vale_id/originali/buono/dessert/3upejkx2_dessert_buono.jpg,0,0.91563255,1,originali,buono,dessert,,
/content/drive/MyDrive/DatasetVerifoto/images/platsim_whatsapp_vale_id/originali/buono/dessert/chku7snl_dessert_buono.jpg,0,0.68376994,1,originali,buono,dessert,,
/content/drive/MyDrive/DatasetVerifoto/images/platsim_whatsapp_vale_id/originali/buono/dessert/5nsuylnm_dessert_buono.jpg,0,0.025708448,0,originali,buono,dessert,,
/content/drive/MyDrive/DatasetVerifoto/images/platsim_whatsapp_vale_id/originali/buono/dessert/husvoflj_dessert_buono.jpg,0,0.13875702,0,originali,buono,dessert,,
/content/drive/MyDrive/DatasetVerifoto/images/platsim_whatsapp_vale_id/originali/buono/dessert/mdysvf7k_dessert_buono.jpg,0,0.021329133,0,originali,buono,dessert,,
/content/drive/MyDrive/DatasetVerifoto/images/platsim_whatsapp_vale_id/originali/buono/dessert/xjivei55_dessert_buono.jpg,0,0.026461145,0,originali,buono,dessert,,
/content/drive/MyDrive/DatasetVerifoto/images/platsim_whatsapp_vale_id/originali/buono/dessert/z6dfizdc_dessert_buono.jpg,0,0.47339293,1,originali,buono,dessert,,
/content/drive/MyDrive/DatasetVerifoto/images/platsim_whatsapp_vale_id/originali/buono/dessert/rmjo3puu_dessert_buono.jpg,0,0.054746035,0,originali,buono,dessert,,
/content/drive/MyDrive/DatasetVerifoto/images/platsim_whatsapp_vale_id/originali/buono/dessert/kqmkhwkw_dessert_buono.jpg,0,0.012751472,0,originali,buono,dessert,,
/content/drive/MyDrive/DatasetVerifoto/images/platsim_whatsapp_vale_id/originali/buono/dessert/rxiifv5b_dessert_buono.jpg,0,0.9351097,1,originali,buono,dessert,,
/content/drive/MyDrive/DatasetVerifoto/images/platsim_whatsapp_vale_id/originali/buono/dessert/hnnnkjg5_dessert_buono.jpg,0,0.03533754,0,originali,buono,dessert,,
/content/drive/MyDrive/DatasetVerifoto/images/platsim_whatsapp_vale_id/originali/buono/dessert/zzfm2gfx_dessert_buono.jpg,0,0.92886317,1,originali,buono,dessert,,
/content/drive/MyDrive/DatasetVerifoto/images/platsim_whatsapp_vale_id/originali/buono/dessert/wtgflhdn_dessert_buono.jpg,0,0.008446566,0,originali,buono,dessert,,
/content/drive/MyDrive/DatasetVerifoto/images/platsim_whatsapp_vale_id/originali/buono/dessert/eyvw27ut_dessert_buono.jpg,0,0.9293613,1,originali,buono,dessert,,
/content/drive/MyDrive/DatasetVerifoto/images/platsim_whatsapp_vale_id/originali/buono/dessert/hqd6b4nc_dessert_buono.jpg,0,0.66114813,1,originali,buono,dessert,,
/content/drive/MyDrive/DatasetVerifoto/images/platsim_whatsapp_vale_id/originali/buono/dessert/vth2k6r5_dessert_buono.jpg,0,0.06975164,0,originali,buono,dessert,,
/content/drive/MyDrive/DatasetVerifoto/images/platsim_whatsapp_vale_id/originali/buono/fritti/vglmlqeg_fritti_buono.jpg,0,0.032599196,0,originali,buono,fritti,,
/content/drive/MyDrive/DatasetVerifoto/images/platsim_whatsapp_vale_id/originali/buono/fritti/p7faib4p_fritti_buono.jpg,0,0.008406667,0,originali,buono,fritti,,
/content/drive/MyDrive/DatasetVerifoto/images/platsim_whatsapp_vale_id/originali/buono/fritti/jikjaigw_fritti_buono.jpg,0,0.010039915,0,originali,buono,fritti,,
/content/drive/MyDrive/DatasetVerifoto/images/platsim_whatsapp_vale_id/originali/buono/fritti/o7ast4ev_fritti_buono.jpg,0,0.013998182,0,originali,buono,fritti,,
/content/drive/MyDrive/DatasetVerifoto/images/platsim_whatsapp_vale_id/originali/buono/fritti/jf4uensh_fritti_buono.jpg,0,0.014134781,0,originali,buono,fritti,,
/content/drive/MyDrive/DatasetVerifoto/images/platsim_whatsapp_vale_id/originali/buono/fritti/rnoj2jyt_fritti_buono.jpg,0,0.0152707845,0,originali,buono,fritti,,
/content/drive/MyDrive/DatasetVerifoto/images/platsim_whatsapp_vale_id/originali/buono/fritti/ccchjknu_fritti_buono.jpg,0,0.063432135,0,originali,buono,fritti,,
/content/drive/MyDrive/DatasetVerifoto/images/platsim_whatsapp_vale_id/originali/buono/fritti/kgsvd7x6_fritti_buono.jpg,0,0.9918825,1,originali,buono,fritti,,
/content/drive/MyDrive/DatasetVerifoto/images/platsim_whatsapp_vale_id/originali/buono/frutta_verdura/ruktwoyf_frutta_verdura_buono.jpg,0,0.39036062,1,originali,buono,frutta_verdura,,
/content/drive/MyDrive/DatasetVerifoto/images/platsim_whatsapp_vale_id/originali/buono/frutta_verdura/6vfvvtko_altro_dubbio.jpg,0,0.013843773,0,originali,buono,frutta_verdura,,
/content/drive/MyDrive/DatasetVerifoto/images/platsim_whatsapp_vale_id/originali/buono/frutta_verdura/fcwftur3_frutta_verdura_buono.jpg,0,0.013653309,0,originali,buono,frutta_verdura,,
/content/drive/MyDrive/DatasetVerifoto/images/platsim_whatsapp_vale_id/originali/buono/kebab/wjwoxwss_kebab_buono.jpg,0,0.012679769,0,originali,buono,kebab,,
/content/drive/MyDrive/DatasetVerifoto/images/platsim_whatsapp_vale_id/originali/buono/insalata/tpuly2yq_insalata_buono.jpg,0,0.047965996,0,originali,buono,insalata,,
/content/drive/MyDrive/DatasetVerifoto/images/platsim_whatsapp_vale_id/originali/buono/insalata/4s5mjp6b_insalata_buono.jpg,0,0.015057608,0,originali,buono,insalata,,
/content/drive/MyDrive/DatasetVerifoto/images/platsim_whatsapp_vale_id/originali/buono/patatine/2qncxob4_patatine_buono.jpg,0,0.044641715,0,originali,buono,patatine,,
/content/drive/MyDrive/DatasetVerifoto/images/platsim_whatsapp_vale_id/originali/buono/patatine/r6m7xzja_patatine_buono.jpg,0,0.04675312,0,originali,buono,patatine,,
/content/drive/MyDrive/DatasetVerifoto/images/platsim_whatsapp_vale_id/originali/buono/patatine/kaob64gl_patatine_buono.jpg,0,0.07381084,0,originali,buono,patatine,,
/content/drive/MyDrive/DatasetVerifoto/images/platsim_whatsapp_vale_id/originali/buono/patatine/gej3etmn_patatine_buono.jpg,0,0.035733886,0,originali,buono,patatine,,
/content/drive/MyDrive/DatasetVerifoto/images/platsim_whatsapp_vale_id/originali/buono/patatine/pi3wewch_patatine_buono.jpg,0,0.02323195,0,originali,buono,patatine,,
/content/drive/MyDrive/DatasetVerifoto/images/platsim_whatsapp_vale_id/originali/buono/patatine/a3d45z5e_patatine_buono.jpg,0,0.007828516,0,originali,buono,patatine,,
/content/drive/MyDrive/DatasetVerifoto/images/platsim_whatsapp_vale_id/originali/buono/zuppa/2yabfsbs_zuppa_buono.jpg,0,0.016820483,0,originali,buono,zuppa,,
/content/drive/MyDrive/DatasetVerifoto/images/platsim_whatsapp_vale_id/originali/buono/pizza/a66h4khn_pizza_bruciato_cattivo.jpg,0,0.043335218,0,originali,buono,pizza,,
/content/drive/MyDrive/DatasetVerifoto/images/platsim_whatsapp_vale_id/originali/buono/pizza/dgiubwuv_pizza_buono.jpg,0,0.080646545,0,originali,buono,pizza,,
/content/drive/MyDrive/DatasetVerifoto/images/platsim_whatsapp_vale_id/originali/buono/pizza/4jwzrfu5_pizza_buono.jpg,0,0.34955472,1,originali,buono,pizza,,
/content/drive/MyDrive/DatasetVerifoto/images/platsim_whatsapp_vale_id/originali/buono/pizza/cne25by3_pizza_buono.jpg,0,0.027696738,0,originali,buono,pizza,,
/content/drive/MyDrive/DatasetVerifoto/images/platsim_whatsapp_vale_id/originali/buono/pizza/7iiw6qr3_pizza_buono.jpg,0,0.043855693,0,originali,buono,pizza,,
/content/drive/MyDrive/DatasetVerifoto/images/platsim_whatsapp_vale_id/originali/buono/pizza/yox2boly_pizza_buono.jpg,0,0.07549733,0,originali,buono,pizza,,
/content/drive/MyDrive/DatasetVerifoto/images/platsim_whatsapp_vale_id/originali/buono/pizza/u7k6diu6_pizza_bruciato_cattivo.jpg,0,0.04690824,0,originali,buono,pizza,,
/content/drive/MyDrive/DatasetVerifoto/images/platsim_whatsapp_vale_id/originali/buono/pizza/hwxf35gs_pizza_buono.jpg,0,0.1278512,0,originali,buono,pizza,,
/content/drive/MyDrive/DatasetVerifoto/images/platsim_whatsapp_vale_id/originali/buono/pizza/zw44t2ev_pizza_buono.jpg,0,0.04441837,0,originali,buono,pizza,,
/content/drive/MyDrive/DatasetVerifoto/images/platsim_whatsapp_vale_id/originali/buono/pizza/xug674ak_pizza_buono.jpg,0,0.036208615,0,originali,buono,pizza,,
/content/drive/MyDrive/DatasetVerifoto/images/platsim_whatsapp_vale_id/originali/buono/pizza/gvwifk3b_pizza_buono.jpg,0,0.015403558,0,originali,buono,pizza,,
/content/drive/MyDrive/DatasetVerifoto/images/platsim_whatsapp_vale_id/originali/buono/pizza/i2wghnm5_pizza_buono.jpg,0,0.16994937,0,originali,buono,pizza,,
/content/drive/MyDrive/DatasetVerifoto/images/platsim_whatsapp_vale_id/originali/buono/pizza/pdw3legi_pizza_buono.jpg,0,0.021867204,0,originali,buono,pizza,,
/content/drive/MyDrive/DatasetVerifoto/images/platsim_whatsapp_vale_id/originali/buono/sushi/bvwvkj2b_sushi_buono.jpg,0,0.020135405,0,originali,buono,sushi,,
/content/drive/MyDrive/DatasetVerifoto/images/platsim_whatsapp_vale_id/originali/buono/sushi/3fty3yfq_sushi_buono.jpg,0,0.3860195,1,originali,buono,sushi,,
/content/drive/MyDrive/DatasetVerifoto/images/platsim_whatsapp_vale_id/originali/buono/sushi/afeqtdbm_sushi_buono.jpg,0,0.013301515,0,originali,buono,sushi,,
/content/drive/MyDrive/DatasetVerifoto/images/platsim_whatsapp_vale_id/originali/buono/sushi/mw2pvbjq_sushi_buono.jpg,0,0.0198368,0,originali,buono,sushi,,
/content/drive/MyDrive/DatasetVerifoto/images/platsim_whatsapp_vale_id/originali/buono/sushi/m6xrm3um_sushi_buono.jpg,0,0.015425262,0,originali,buono,sushi,,
/content/drive/MyDrive/DatasetVerifoto/images/platsim_whatsapp_vale_id/originali/buono/sushi/yap36qyd_sushi_buono.jpg,0,0.01441281,0,originali,buono,sushi,,
/content/drive/MyDrive/DatasetVerifoto/images/platsim_whatsapp_vale_id/originali/buono/sushi/jdzs2vpb_sushi_buono.jpg,0,0.016041253,0,originali,buono,sushi,,
/content/drive/MyDrive/DatasetVerifoto/images/platsim_whatsapp_vale_id/originali/buono/riso_paella/5yfa4b3d_riso_paella_buono.jpg,0,0.017688105,0,originali,buono,riso_paella,,
/content/drive/MyDrive/DatasetVerifoto/images/platsim_whatsapp_vale_id/originali/buono/riso_paella/2ji2unpp_riso_paella_buono.jpg,0,0.8839051,1,originali,buono,riso_paella,,
/content/drive/MyDrive/DatasetVerifoto/images/platsim_whatsapp_vale_id/originali/buono/riso_paella/bkx63ana_riso_paella_dubbio.jpg,0,0.030930813,0,originali,buono,riso_paella,,
/content/drive/MyDrive/DatasetVerifoto/images/platsim_whatsapp_vale_id/originali/buono/riso_paella/6lwwqikn_riso_paella_buono.jpg,0,0.63290083,1,originali,buono,riso_paella,,
/content/drive/MyDrive/DatasetVerifoto/images/platsim_whatsapp_vale_id/originali/buono/riso_paella/fwue3tir_riso_paella_buono.jpg,0,0.023348378,0,originali,buono,riso_paella,,
/content/drive/MyDrive/DatasetVerifoto/images/platsim_whatsapp_vale_id/originali/buono/riso_paella/tinugczo_riso_paella_buono.jpg,0,0.67568386,1,originali,buono,riso_paella,,
/content/drive/MyDrive/DatasetVerifoto/images/platsim_whatsapp_vale_id/originali/buono/riso_paella/h46x6wgh_riso_paella_buono.jpg,0,0.05938277,0,originali,buono,riso_paella,,
/content/drive/MyDrive/DatasetVerifoto/images/platsim_whatsapp_vale_id/originali/buono/riso_paella/zl5laivc_riso_paella_buono.jpg,0,0.13645467,0,originali,buono,riso_paella,,
/content/drive/MyDrive/DatasetVerifoto/images/platsim_whatsapp_vale_id/originali/buono/riso_paella/pjmv5mu6_riso_paella_bruciato_cattivo.jpg,0,0.04763322,0,originali,buono,riso_paella,,
/content/drive/MyDrive/DatasetVerifoto/images/platsim_whatsapp_vale_id/originali/buono/riso_paella/gc2q5n3c_riso_paella_dubbio.jpg,0,0.06186756,0,originali,buono,riso_paella,,
/content/drive/MyDrive/DatasetVerifoto/images/platsim_whatsapp_vale_id/originali/buono/riso_paella/slqgr66e_riso_paella_buono.jpg,0,0.007853897,0,originali,buono,riso_paella,,
/content/drive/MyDrive/DatasetVerifoto/images/platsim_whatsapp_vale_id/originali/buono/riso_paella/zogkeadk_riso_paella_buono.jpg,0,0.05365189,0,originali,buono,riso_paella,,
/content/drive/MyDrive/DatasetVerifoto/images/platsim_whatsapp_vale_id/originali/buono/riso_paella/ryzrpqgf_riso_paella_buono.jpg,0,0.038086273,0,originali,buono,riso_paella,,
/content/drive/MyDrive/DatasetVerifoto/images/platsim_whatsapp_vale_id/originali/buono/riso_paella/gii6pzha_riso_paella_buono.jpg,0,0.6006502,1,originali,buono,riso_paella,,
/content/drive/MyDrive/DatasetVerifoto/images/platsim_whatsapp_vale_id/originali/buono/riso_paella/la5faddp_riso_paella_buono.jpg,0,0.92171496,1,originali,buono,riso_paella,,
/content/drive/MyDrive/DatasetVerifoto/images/platsim_whatsapp_vale_id/originali/buono/pasta/22vza2fr_pasta_buono.jpg,0,0.8235381,1,originali,buono,pasta,,
/content/drive/MyDrive/DatasetVerifoto/images/platsim_whatsapp_vale_id/originali/buono/pasta/fxnfeuxy_pasta_buono.jpg,0,0.00864511,0,originali,buono,pasta,,
/content/drive/MyDrive/DatasetVerifoto/images/platsim_whatsapp_vale_id/originali/buono/pasta/3whu6udg_pasta_buono.jpg,0,0.9850323,1,originali,buono,pasta,,
/content/drive/MyDrive/DatasetVerifoto/images/platsim_whatsapp_vale_id/originali/buono/pasta/inepugah_pasta_buono.jpg,0,0.03002986,0,originali,buono,pasta,,
/content/drive/MyDrive/DatasetVerifoto/images/platsim_whatsapp_vale_id/originali/buono/pasta/5z2uinku_pasta_buono.jpg,0,0.99253696,1,originali,buono,pasta,,
/content/drive/MyDrive/DatasetVerifoto/images/platsim_whatsapp_vale_id/originali/buono/pasta/lkl5tlbh_pasta_buono.jpg,0,0.020741383,0,originali,buono,pasta,,
/content/drive/MyDrive/DatasetVerifoto/images/platsim_whatsapp_vale_id/originali/buono/pasta/3ohh5bjo_pasta_buono.jpg,0,0.5122066,1,originali,buono,pasta,,
/content/drive/MyDrive/DatasetVerifoto/images/platsim_whatsapp_vale_id/originali/buono/pasta/kye76mxj_pasta_buono.jpg,0,0.12527739,0,originali,buono,pasta,,
/content/drive/MyDrive/DatasetVerifoto/images/platsim_whatsapp_vale_id/originali/buono/pasta/aq2cqxoq_pasta_buono.jpg,0,0.85618544,1,originali,buono,pasta,,
/content/drive/MyDrive/DatasetVerifoto/images/platsim_whatsapp_vale_id/originali/buono/pasta/4szy2xcf_pasta_buono.jpg,0,0.47088304,1,originali,buono,pasta,,
/content/drive/MyDrive/DatasetVerifoto/images/platsim_whatsapp_vale_id/originali/buono/pasta/72cup6rg_pasta_buono.jpg,0,0.021008588,0,originali,buono,pasta,,
/content/drive/MyDrive/DatasetVerifoto/images/platsim_whatsapp_vale_id/originali/buono/pasta/cam5yw2i_pasta_buono.jpg,0,0.104121774,0,originali,buono,pasta,,
/content/drive/MyDrive/DatasetVerifoto/images/platsim_whatsapp_vale_id/originali/buono/pasta/gleub5m7_pasta_buono.jpg,0,0.0075487057,0,originali,buono,pasta,,
/content/drive/MyDrive/DatasetVerifoto/images/platsim_whatsapp_vale_id/originali/buono/pasta/l2wy2e4p_pasta_buono.jpg,0,0.2766089,1,originali,buono,pasta,,
/content/drive/MyDrive/DatasetVerifoto/images/platsim_whatsapp_vale_id/originali/buono/pasta/h2jkdnmr_pasta_buono.jpg,0,0.037496958,0,originali,buono,pasta,,
/content/drive/MyDrive/DatasetVerifoto/images/platsim_whatsapp_vale_id/originali/buono/pasta/jj4odgnd_pasta_buono.jpg,0,0.014885721,0,originali,buono,pasta,,
/content/drive/MyDrive/DatasetVerifoto/images/platsim_whatsapp_vale_id/originali/buono/pasta/32aagow7_pasta_buono.jpg,0,0.97752255,1,originali,buono,pasta,,
/content/drive/MyDrive/DatasetVerifoto/images/platsim_whatsapp_vale_id/originali/buono/pasta/sqpixmd5_pasta_buono.jpg,0,0.021516003,0,originali,buono,pasta,,
/content/drive/MyDrive/DatasetVerifoto/images/platsim_whatsapp_vale_id/originali/buono/pasta/okj5nfvq_pasta_buono.jpg,0,0.023135802,0,originali,buono,pasta,,
/content/drive/MyDrive/DatasetVerifoto/images/platsim_whatsapp_vale_id/originali/buono/pasta/tlyaphyx_pasta_buono.jpg,0,0.049949646,0,originali,buono,pasta,,
/content/drive/MyDrive/DatasetVerifoto/images/platsim_whatsapp_vale_id/originali/buono/pasta/uboeqqou_pasta_buono.jpg,0,0.85625345,1,originali,buono,pasta,,
/content/drive/MyDrive/DatasetVerifoto/images/platsim_whatsapp_vale_id/originali/buono/pasta/pm46vzag_pasta_buono.jpg,0,0.020046145,0,originali,buono,pasta,,
/content/drive/MyDrive/DatasetVerifoto/images/platsim_whatsapp_vale_id/originali/buono/pasta/ni6smdiw_pasta_buono.jpg,0,0.35501388,1,originali,buono,pasta,,
/content/drive/MyDrive/DatasetVerifoto/images/platsim_whatsapp_vale_id/originali/buono/pasta/mtbhkxb3_pasta_buono.jpg,0,0.106477275,0,originali,buono,pasta,,
/content/drive/MyDrive/DatasetVerifoto/images/platsim_whatsapp_vale_id/originali/buono/pasta/pei3tbjd_pasta_buono.jpg,0,0.9796212,1,originali,buono,pasta,,
/content/drive/MyDrive/DatasetVerifoto/images/platsim_whatsapp_vale_id/originali/buono/pasta/u3lipaqm_pasta_buono.jpg,0,0.027737021,0,originali,buono,pasta,,
/content/drive/MyDrive/DatasetVerifoto/images/platsim_whatsapp_vale_id/originali/buono/pasta/stk6fwdh_pasta_buono.jpg,0,0.826766,1,originali,buono,pasta,,
/content/drive/MyDrive/DatasetVerifoto/images/platsim_whatsapp_vale_id/originali/buono/pasta/p45iostw_pasta_buono.jpg,0,0.05783444,0,originali,buono,pasta,,
/content/drive/MyDrive/DatasetVerifoto/images/platsim_whatsapp_vale_id/originali/buono/pasta/mynrb6wk_pasta_buono.jpg,0,0.18241838,0,originali,buono,pasta,,
/content/drive/MyDrive/DatasetVerifoto/images/platsim_whatsapp_vale_id/originali/buono/pasta/pvvcboi4_pasta_buono.jpg,0,0.046331324,0,originali,buono,pasta,,
/content/drive/MyDrive/DatasetVerifoto/images/platsim_whatsapp_vale_id/originali/buono/pasta/zq4fcm43_pasta_buono.jpg,0,0.09594747,0,originali,buono,pasta,,
/content/drive/MyDrive/DatasetVerifoto/images/platsim_whatsapp_vale_id/originali/buono/pasta/wqlepvuu_pasta_buono.jpg,0,0.81889194,1,originali,buono,pasta,,
/content/drive/MyDrive/DatasetVerifoto/images/platsim_whatsapp_vale_id/originali/buono/pasta/umxcmuxg_pasta_buono.jpg,0,0.62725574,1,originali,buono,pasta,,
/content/drive/MyDrive/DatasetVerifoto/images/platsim_whatsapp_vale_id/originali/buono/pasta/ubwhdhnp_pasta_buono.jpg,0,0.016903983,0,originali,buono,pasta,,
/content/drive/MyDrive/DatasetVerifoto/images/platsim_whatsapp_vale_id/originali/buono/pasta/yuhs2ykg_pasta_buono.jpg,0,0.008316396,0,originali,buono,pasta,,
