defect_type,n_samples,n_pos,n_neg,accuracy,precision,recall,f1,roc_auc,pr_auc,tp,fp,tn,fn
crudo,248,248,0,0.6653225806451613,1.0,0.6653225806451613,0.7990314769975787,,,165,0,0,83
bruciato,128,88,40,0.796875,0.8297872340425532,0.8863636363636364,0.8571428571428571,0.7988636363636364,0.8961746732122507,78,16,24,10
marcio,48,40,8,0.4583333333333333,1.0,0.35,0.5185185185185185,1.0,1.0,14,0,8,26
ammuffito,24,16,8,1.0,1.0,1.0,1.0,1.0,1.0,16,0,8,0
insetti,16,16,0,0.5,1.0,0.5,0.6666666666666666,,,8,0,0,8
