generator,n_samples,n_pos,n_neg,accuracy,precision,recall,f1,roc_auc,pr_auc,tp,fp,tn,fn
gpt_image_1_mini,208,208,0,0.8269230769230769,1.0,0.8269230769230769,0.9052631578947369,,,172,0,0,36
gpt_image_1_5,200,200,0,0.545,1.0,0.545,0.7055016181229773,,,109,0,0,91
