{
  "f1_optimal": 0.15000000000000002,
  "precision_optimal_recall_90": 0.15000000000000002,
  "recommendation": 0.15000000000000002,
  "rationale": "Use precision-optimal if precision > 0.75, otherwise use F1-optimal"
}