photo_id,y_true,y_prob,y_pred,source,quality,food_category,defect_type,generator,prob_mean,prob_std,prob_min,prob_max,n_versions
3bd4,1,1.1892145875e-05,0,modificate,,frutta_verdura,crudo,gpt_image_1_5,1.1892145875e-05,6.110274610304719e-06,8.610764e-06,2.6503076e-05,8
8ff3,1,0.000122231455,0,modificate,,altro,marcio,gpt_image_1_5,0.000122231455,6.237398485971374e-05,7.918726e-05,0.00027390703,8
433b,1,0.00026676008225,0,modificate,,altro,insetti,gpt_image_1_5,0.00026676008225,0.0004053629295050499,6.769636e-05,0.0012580294,8
76bc,1,0.0011924124375,0,modificate,,pasta,crudo,gpt_image_1_5,0.0011924124375,0.00011617483736714542,0.0010434914,0.001419574,8
cdac,1,0.0017534927874999998,0,modificate,,dessert,marcio,gpt_image_1_5,0.0017534927874999998,0.00282954219941927,0.00017423571,0.007755888,8
fed5,1,0.015504432395,0,modificate,,burger_panino,marcio,gpt_image_1_mini,0.015504432395,0.04343571246263894,7.781803e-05,0.12300228,8
bf7e,1,0.13663748626424999,0,modificate,,altro,crudo,gpt_image_1_5,0.13663748626424999,0.3470540117014483,8.8002984e-05,0.99259174,8
fe0a,1,0.38471269125,0,modificate,,pasta,marcio,gpt_image_1_5,0.38471269125,0.1463110020162485,0.20433974,0.61338234,8
