defect_type,n_samples,n_pos,n_neg,accuracy,precision,recall,f1,roc_auc,pr_auc,tp,fp,tn,fn
bruciato,176,160,16,0.9090909090909091,0.95,0.95,0.95,0.975,0.9975679171359108,152,8,8,8
crudo,120,120,0,0.8583333333333333,1.0,0.8583333333333333,0.9237668161434978,,,103,0,0,17
marcio,96,88,8,0.9895833333333334,1.0,0.9886363636363636,0.9942857142857143,1.0,1.0,87,0,8,1
insetti,8,8,0,1.0,1.0,1.0,1.0,,,8,0,0,0
