{
  "aggregation": "mean",
  "n_photos": 77,
  "original_threshold": {
    "threshold": 0.5500000000000002,
    "n_photos": 77,
    "n_positive": 47.0,
    "n_negative": 30.0,
    "accuracy": 0.7142857142857143,
    "precision": 0.6984126984126984,
    "recall": 0.9361702127659575,
    "f1": 0.8,
    "roc_auc": 0.7478723404255319,
    "pr_auc": 0.7770349482362291,
    "tn": 11,
    "fp": 19,
    "fn": 3,
    "tp": 44
  },
  "optimal_f1_threshold": {
    "threshold": 0.85,
    "n_photos": 77,
    "n_positive": 47.0,
    "n_negative": 30.0,
    "accuracy": 0.7402597402597403,
    "precision": 0.7213114754098361,
    "recall": 0.9361702127659575,
    "f1": 0.8148148148148148,
    "roc_auc": 0.7478723404255319,
    "pr_auc": 0.7770349482362291,
    "tn": 13,
    "fp": 17,
    "fn": 3,
    "tp": 44
  },
  "optimal_precision_threshold": {
    "threshold": 0.85,
    "n_photos": 77,
    "n_positive": 47.0,
    "n_negative": 30.0,
    "accuracy": 0.7402597402597403,
    "precision": 0.7213114754098361,
    "recall": 0.9361702127659575,
    "f1": 0.8148148148148148,
    "roc_auc": 0.7478723404255319,
    "pr_auc": 0.7770349482362291,
    "tn": 13,
    "fp": 17,
    "fn": 3,
    "tp": 44
  },
  "consistency": {
    "avg_std": 0.02569155616629852,
    "median_std": 7.499702375220076e-07,
    "max_std": 0.2768511175553132,
    "photos_std_lt_0.01": 59.0,
    "photos_std_lt_0.02": 59.0,
    "photos_std_lt_0.05": 66.0,
    "pct_std_lt_0.05": 85.71428571428571
  }
}