food_category,n_samples,n_pos,n_neg,accuracy,precision,recall,f1,roc_auc,pr_auc,tp,fp,tn,fn
ds6__whatsapp_vale_id__modificate__sushi__marcio__gpt_image_1_5__000414.jpeg,1,1,0,1.0,1.0,1.0,1.0,,,1,0,0,0
ds1__platsim_ar_pico_banana_9gb-V__modificate__root__000011.jpg,1,1,0,1.0,1.0,1.0,1.0,,,1,0,0,0
ds1__platsim_ar_pico_banana_9gb-V__modificate__root__000012.jpg,1,1,0,0.0,0.0,0.0,0.0,,,0,0,0,1
ds1__platsim_ar_pico_banana_9gb-V__modificate__root__000020.jpg,1,1,0,0.0,0.0,0.0,0.0,,,0,0,0,1
ds1__platsim_ar_pico_banana_9gb-V__modificate__root__000031.jpg,1,1,0,1.0,1.0,1.0,1.0,,,1,0,0,0
ds1__platsim_ar_pico_banana_9gb-V__modificate__root__000032.jpg,1,1,0,1.0,1.0,1.0,1.0,,,1,0,0,0
ds1__platsim_ar_pico_banana_9gb-V__modificate__root__000033.jpg,1,1,0,1.0,1.0,1.0,1.0,,,1,0,0,0
ds1__platsim_ar_pico_banana_9gb-V__modificate__root__000034.jpg,1,1,0,1.0,1.0,1.0,1.0,,,1,0,0,0
ds1__platsim_ar_pico_banana_9gb-V__modificate__root__000035.jpg,1,1,0,0.0,0.0,0.0,0.0,,,0,0,0,1
ds1__platsim_ar_pico_banana_9gb-V__modificate__root__000036.jpg,1,1,0,1.0,1.0,1.0,1.0,,,1,0,0,0
ds1__platsim_ar_pico_banana_9gb-V__modificate__root__000046.jpg,1,1,0,1.0,1.0,1.0,1.0,,,1,0,0,0
ds1__platsim_ar_pico_banana_9gb-V__modificate__root__000061.jpg,1,1,0,1.0,1.0,1.0,1.0,,,1,0,0,0
ds1__platsim_ar_pico_banana_9gb-V__modificate__root__000064.jpg,1,1,0,0.0,0.0,0.0,0.0,,,0,0,0,1
ds6__whatsapp_vale_id__modificate__dessert__altro__gpt_image_1_5__000146.jpeg,1,1,0,1.0,1.0,1.0,1.0,,,1,0,0,0
ds6__whatsapp_vale_id__modificate__dessert__bruciato__gpt_image_1_5__000154.jpeg,1,1,0,0.0,0.0,0.0,0.0,,,0,0,0,1
ds6__whatsapp_vale_id__modificate__dessert__crudo__gpt_image_1_5__000165.jpeg,1,1,0,1.0,1.0,1.0,1.0,,,1,0,0,0
ds6__whatsapp_vale_id__modificate__dessert__crudo__gpt_image_1_5__000168.jpeg,1,1,0,1.0,1.0,1.0,1.0,,,1,0,0,0
ds6__whatsapp_vale_id__modificate__fritti__bruciato__gpt_image_1_5__000189.jpeg,1,1,0,1.0,1.0,1.0,1.0,,,1,0,0,0
ds6__whatsapp_vale_id__modificate__fritti__bruciato__gpt_image_1_5__000193.jpeg,1,1,0,1.0,1.0,1.0,1.0,,,1,0,0,0
ds6__whatsapp_vale_id__modificate__frutta__verdura__marcio__gpt_image_1_5__000212.jpeg,1,1,0,1.0,1.0,1.0,1.0,,,1,0,0,0
ds6__whatsapp_vale_id__modificate__insalata__marcio__gpt_image_1_mini__000218.jpeg,1,1,0,1.0,1.0,1.0,1.0,,,1,0,0,0
ds6__whatsapp_vale_id__modificate__carne__bruciato__gpt_image_1_5__000097.jpeg,1,1,0,1.0,1.0,1.0,1.0,,,1,0,0,0
ds6__whatsapp_vale_id__modificate__carne__bruciato__gpt_image_1_5__000098.jpeg,1,1,0,1.0,1.0,1.0,1.0,,,1,0,0,0
ds6__whatsapp_vale_id__modificate__carne__crudo__gpt_image_1_5__000112.jpg,1,1,0,1.0,1.0,1.0,1.0,,,1,0,0,0
ds6__whatsapp_vale_id__modificate__carne__crudo__gpt_image_1_mini__000126.jpeg,1,1,0,1.0,1.0,1.0,1.0,,,1,0,0,0
ds6__whatsapp_vale_id__modificate__carne__crudo__gpt_image_1_mini__000131.jpeg,1,1,0,1.0,1.0,1.0,1.0,,,1,0,0,0
ds6__whatsapp_vale_id__modificate__carne__marcio__gpt_image_1_5__000135.jpg,1,1,0,1.0,1.0,1.0,1.0,,,1,0,0,0
ds6__whatsapp_vale_id__modificate__carne__marcio__gpt_image_1_mini__000142.jpeg,1,1,0,1.0,1.0,1.0,1.0,,,1,0,0,0
ds6__whatsapp_vale_id__modificate__dessert__altro__gpt_image_1_5__000143.jpeg,1,1,0,1.0,1.0,1.0,1.0,,,1,0,0,0
ds6__whatsapp_vale_id__modificate__altro__insetti__gpt_image_1_5__000041.jpeg,1,1,0,1.0,1.0,1.0,1.0,,,1,0,0,0
ds6__whatsapp_vale_id__modificate__altro__marcio__gpt_image_1_5__000054.jpeg,1,1,0,1.0,1.0,1.0,1.0,,,1,0,0,0
ds6__whatsapp_vale_id__modificate__altro__marcio__gpt_image_1_5__000058.jpeg,1,1,0,1.0,1.0,1.0,1.0,,,1,0,0,0
ds6__whatsapp_vale_id__modificate__altro__marcio__gpt_image_1_5__000062.jpg,1,1,0,1.0,1.0,1.0,1.0,,,1,0,0,0
ds6__whatsapp_vale_id__modificate__burger__panino__crudo__gpt_image_1_5__000075.jpeg,1,1,0,1.0,1.0,1.0,1.0,,,1,0,0,0
ds6__whatsapp_vale_id__modificate__burger__panino__insetti__gpt_image_1_5__000082.jpeg,1,1,0,1.0,1.0,1.0,1.0,,,1,0,0,0
ds6__whatsapp_vale_id__modificate__burger__panino__marcio__gpt_image_1_5__000084.jpeg,1,1,0,1.0,1.0,1.0,1.0,,,1,0,0,0
ds6__whatsapp_vale_id__modificate__carne__bruciato__gpt_image_1_5__000089.jpeg,1,1,0,1.0,1.0,1.0,1.0,,,1,0,0,0
ds5__raw_vale_id__modificate__sushi__marcio__gpt_image_1_mini__000869.jpg,1,1,0,1.0,1.0,1.0,1.0,,,1,0,0,0
ds5__raw_vale_id__modificate__zuppa__ammuffito__gpt_image_1_5__000876.jpg,1,1,0,1.0,1.0,1.0,1.0,,,1,0,0,0
ds5__raw_vale_id__modificate__zuppa__insetti__gpt_image_1_5__000881.jpg,1,1,0,1.0,1.0,1.0,1.0,,,1,0,0,0
ds5__raw_vale_id__modificate__zuppa__marcio__gpt_image_1_5__000887.jpg,1,1,0,1.0,1.0,1.0,1.0,,,1,0,0,0
ds6__whatsapp_vale_id__modificate__altro__bruciato__gpt_image_1_5__000001.jpg,1,1,0,1.0,1.0,1.0,1.0,,,1,0,0,0
ds6__whatsapp_vale_id__modificate__altro__bruciato__gpt_image_1_5__000003.jpeg,1,1,0,1.0,1.0,1.0,1.0,,,1,0,0,0
ds6__whatsapp_vale_id__modificate__altro__bruciato__gpt_image_1_5__000017.jpeg,1,1,0,1.0,1.0,1.0,1.0,,,1,0,0,0
ds6__whatsapp_vale_id__modificate__altro__bruciato__gpt_image_1_mini__000021.jpeg,1,1,0,1.0,1.0,1.0,1.0,,,1,0,0,0
ds1__platsim_ar_pico_banana_9gb-V__modificate__root__000456.jpg,1,1,0,1.0,1.0,1.0,1.0,,,1,0,0,0
ds1__platsim_ar_pico_banana_9gb-V__modificate__root__000459.jpg,1,1,0,1.0,1.0,1.0,1.0,,,1,0,0,0
ds1__platsim_ar_pico_banana_9gb-V__modificate__root__000471.jpg,1,1,0,1.0,1.0,1.0,1.0,,,1,0,0,0
ds1__platsim_ar_pico_banana_9gb-V__modificate__root__000474.jpg,1,1,0,1.0,1.0,1.0,1.0,,,1,0,0,0
ds1__platsim_ar_pico_banana_9gb-V__modificate__root__000477.jpg,1,1,0,1.0,1.0,1.0,1.0,,,1,0,0,0
ds1__platsim_ar_pico_banana_9gb-V__modificate__root__000484.jpg,1,1,0,1.0,1.0,1.0,1.0,,,1,0,0,0
ds1__platsim_ar_pico_banana_9gb-V__modificate__root__000485.jpg,1,1,0,0.0,0.0,0.0,0.0,,,0,0,0,1
ds1__platsim_ar_pico_banana_9gb-V__modificate__root__000488.jpg,1,1,0,1.0,1.0,1.0,1.0,,,1,0,0,0
ds1__platsim_ar_pico_banana_9gb-V__modificate__root__000424.jpg,1,1,0,1.0,1.0,1.0,1.0,,,1,0,0,0
ds1__platsim_ar_pico_banana_9gb-V__modificate__root__000427.jpg,1,1,0,1.0,1.0,1.0,1.0,,,1,0,0,0
ds1__platsim_ar_pico_banana_9gb-V__modificate__root__000428.jpg,1,1,0,1.0,1.0,1.0,1.0,,,1,0,0,0
ds1__platsim_ar_pico_banana_9gb-V__modificate__root__000431.jpg,1,1,0,1.0,1.0,1.0,1.0,,,1,0,0,0
ds1__platsim_ar_pico_banana_9gb-V__modificate__root__000439.jpg,1,1,0,1.0,1.0,1.0,1.0,,,1,0,0,0
ds1__platsim_ar_pico_banana_9gb-V__modificate__root__000441.jpg,1,1,0,1.0,1.0,1.0,1.0,,,1,0,0,0
ds1__platsim_ar_pico_banana_9gb-V__modificate__root__000444.jpg,1,1,0,1.0,1.0,1.0,1.0,,,1,0,0,0
ds1__platsim_ar_pico_banana_9gb-V__modificate__root__000451.jpg,1,1,0,1.0,1.0,1.0,1.0,,,1,0,0,0
ds1__platsim_ar_pico_banana_9gb-V__modificate__root__000371.jpg,1,1,0,1.0,1.0,1.0,1.0,,,1,0,0,0
ds1__platsim_ar_pico_banana_9gb-V__modificate__root__000378.jpg,1,1,0,1.0,1.0,1.0,1.0,,,1,0,0,0
ds1__platsim_ar_pico_banana_9gb-V__modificate__root__000382.jpg,1,1,0,0.0,0.0,0.0,0.0,,,0,0,0,1
ds1__platsim_ar_pico_banana_9gb-V__modificate__root__000383.jpg,1,1,0,1.0,1.0,1.0,1.0,,,1,0,0,0
ds1__platsim_ar_pico_banana_9gb-V__modificate__root__000415.jpg,1,1,0,1.0,1.0,1.0,1.0,,,1,0,0,0
ds1__platsim_ar_pico_banana_9gb-V__modificate__root__000418.jpg,1,1,0,1.0,1.0,1.0,1.0,,,1,0,0,0
ds1__platsim_ar_pico_banana_9gb-V__modificate__root__000422.jpg,1,1,0,1.0,1.0,1.0,1.0,,,1,0,0,0
ds1__platsim_ar_pico_banana_9gb-V__modificate__root__000423.jpg,1,1,0,0.0,0.0,0.0,0.0,,,0,0,0,1
ds1__platsim_ar_pico_banana_9gb-V__modificate__root__000322.jpg,1,1,0,1.0,1.0,1.0,1.0,,,1,0,0,0
ds1__platsim_ar_pico_banana_9gb-V__modificate__root__000327.jpg,1,1,0,1.0,1.0,1.0,1.0,,,1,0,0,0
ds1__platsim_ar_pico_banana_9gb-V__modificate__root__000333.jpg,1,1,0,0.0,0.0,0.0,0.0,,,0,0,0,1
ds1__platsim_ar_pico_banana_9gb-V__modificate__root__000336.jpg,1,1,0,0.0,0.0,0.0,0.0,,,0,0,0,1
ds1__platsim_ar_pico_banana_9gb-V__modificate__root__000350.jpg,1,1,0,1.0,1.0,1.0,1.0,,,1,0,0,0
ds1__platsim_ar_pico_banana_9gb-V__modificate__root__000362.jpg,1,1,0,1.0,1.0,1.0,1.0,,,1,0,0,0
ds1__platsim_ar_pico_banana_9gb-V__modificate__root__000364.jpg,1,1,0,0.0,0.0,0.0,0.0,,,0,0,0,1
ds1__platsim_ar_pico_banana_9gb-V__modificate__root__000368.jpg,1,1,0,1.0,1.0,1.0,1.0,,,1,0,0,0
ds1__platsim_ar_pico_banana_9gb-V__modificate__root__000676.jpg,1,1,0,1.0,1.0,1.0,1.0,,,1,0,0,0
ds1__platsim_ar_pico_banana_9gb-V__modificate__root__000678.jpg,1,1,0,1.0,1.0,1.0,1.0,,,1,0,0,0
ds1__platsim_ar_pico_banana_9gb-V__modificate__root__000684.jpg,1,1,0,1.0,1.0,1.0,1.0,,,1,0,0,0
ds1__platsim_ar_pico_banana_9gb-V__modificate__root__000690.jpg,1,1,0,1.0,1.0,1.0,1.0,,,1,0,0,0
ds1__platsim_ar_pico_banana_9gb-V__modificate__root__000692.jpg,1,1,0,0.0,0.0,0.0,0.0,,,0,0,0,1
ds1__platsim_ar_pico_banana_9gb-V__modificate__root__000693.jpg,1,1,0,1.0,1.0,1.0,1.0,,,1,0,0,0
ds1__platsim_ar_pico_banana_9gb-V__modificate__root__000697.jpg,1,1,0,1.0,1.0,1.0,1.0,,,1,0,0,0
ds1__platsim_ar_pico_banana_9gb-V__modificate__root__000699.jpg,1,1,0,0.0,0.0,0.0,0.0,,,0,0,0,1
ds1__platsim_ar_pico_banana_9gb-V__modificate__root__000610.jpg,1,1,0,0.0,0.0,0.0,0.0,,,0,0,0,1
ds1__platsim_ar_pico_banana_9gb-V__modificate__root__000613.jpg,1,1,0,1.0,1.0,1.0,1.0,,,1,0,0,0
ds1__platsim_ar_pico_banana_9gb-V__modificate__root__000624.jpg,1,1,0,1.0,1.0,1.0,1.0,,,1,0,0,0
ds1__platsim_ar_pico_banana_9gb-V__modificate__root__000654.jpg,1,1,0,1.0,1.0,1.0,1.0,,,1,0,0,0
ds1__platsim_ar_pico_banana_9gb-V__modificate__root__000655.jpg,1,1,0,1.0,1.0,1.0,1.0,,,1,0,0,0
ds1__platsim_ar_pico_banana_9gb-V__modificate__root__000656.jpg,1,1,0,1.0,1.0,1.0,1.0,,,1,0,0,0
ds1__platsim_ar_pico_banana_9gb-V__modificate__root__000660.jpg,1,1,0,1.0,1.0,1.0,1.0,,,1,0,0,0
ds1__platsim_ar_pico_banana_9gb-V__modificate__root__000661.jpg,1,1,0,1.0,1.0,1.0,1.0,,,1,0,0,0
ds1__platsim_ar_pico_banana_9gb-V__modificate__root__000559.jpg,1,1,0,0.0,0.0,0.0,0.0,,,0,0,0,1
ds1__platsim_ar_pico_banana_9gb-V__modificate__root__000560.jpg,1,1,0,1.0,1.0,1.0,1.0,,,1,0,0,0
ds1__platsim_ar_pico_banana_9gb-V__modificate__root__000562.jpg,1,1,0,1.0,1.0,1.0,1.0,,,1,0,0,0
ds1__platsim_ar_pico_banana_9gb-V__modificate__root__000567.jpg,1,1,0,1.0,1.0,1.0,1.0,,,1,0,0,0
ds1__platsim_ar_pico_banana_9gb-V__modificate__root__000568.jpg,1,1,0,1.0,1.0,1.0,1.0,,,1,0,0,0
ds1__platsim_ar_pico_banana_9gb-V__modificate__root__000571.jpg,1,1,0,1.0,1.0,1.0,1.0,,,1,0,0,0
ds1__platsim_ar_pico_banana_9gb-V__modificate__root__000588.jpg,1,1,0,1.0,1.0,1.0,1.0,,,1,0,0,0
ds1__platsim_ar_pico_banana_9gb-V__modificate__root__000602.jpg,1,1,0,1.0,1.0,1.0,1.0,,,1,0,0,0
ds1__platsim_ar_pico_banana_9gb-V__modificate__root__000490.jpg,1,1,0,1.0,1.0,1.0,1.0,,,1,0,0,0
ds1__platsim_ar_pico_banana_9gb-V__modificate__root__000500.jpg,1,1,0,1.0,1.0,1.0,1.0,,,1,0,0,0
ds1__platsim_ar_pico_banana_9gb-V__modificate__root__000517.jpg,1,1,0,1.0,1.0,1.0,1.0,,,1,0,0,0
ds1__platsim_ar_pico_banana_9gb-V__modificate__root__000528.jpg,1,1,0,1.0,1.0,1.0,1.0,,,1,0,0,0
ds1__platsim_ar_pico_banana_9gb-V__modificate__root__000532.jpg,1,1,0,1.0,1.0,1.0,1.0,,,1,0,0,0
ds1__platsim_ar_pico_banana_9gb-V__modificate__root__000541.jpg,1,1,0,1.0,1.0,1.0,1.0,,,1,0,0,0
ds1__platsim_ar_pico_banana_9gb-V__modificate__root__000542.jpg,1,1,0,0.0,0.0,0.0,0.0,,,0,0,0,1
ds1__platsim_ar_pico_banana_9gb-V__modificate__root__000551.jpg,1,1,0,1.0,1.0,1.0,1.0,,,1,0,0,0
ds1__platsim_ar_pico_banana_9gb-V__modificate__root__000879.jpg,1,1,0,1.0,1.0,1.0,1.0,,,1,0,0,0
ds1__platsim_ar_pico_banana_9gb-V__modificate__root__000884.jpg,1,1,0,1.0,1.0,1.0,1.0,,,1,0,0,0
ds1__platsim_ar_pico_banana_9gb-V__modificate__root__000890.jpg,1,1,0,1.0,1.0,1.0,1.0,,,1,0,0,0
ds1__platsim_ar_pico_banana_9gb-V__modificate__root__000892.jpg,1,1,0,1.0,1.0,1.0,1.0,,,1,0,0,0
ds1__platsim_ar_pico_banana_9gb-V__modificate__root__000895.jpg,1,1,0,1.0,1.0,1.0,1.0,,,1,0,0,0
ds1__platsim_ar_pico_banana_9gb-V__modificate__root__000906.jpg,1,1,0,1.0,1.0,1.0,1.0,,,1,0,0,0
ds1__platsim_ar_pico_banana_9gb-V__modificate__root__000912.jpg,1,1,0,1.0,1.0,1.0,1.0,,,1,0,0,0
ds1__platsim_ar_pico_banana_9gb-V__modificate__root__000916.jpg,1,1,0,1.0,1.0,1.0,1.0,,,1,0,0,0
ds1__platsim_ar_pico_banana_9gb-V__modificate__root__000810.jpg,1,1,0,0.0,0.0,0.0,0.0,,,0,0,0,1
ds1__platsim_ar_pico_banana_9gb-V__modificate__root__000812.jpg,1,1,0,1.0,1.0,1.0,1.0,,,1,0,0,0
ds1__platsim_ar_pico_banana_9gb-V__modificate__root__000821.jpg,1,1,0,1.0,1.0,1.0,1.0,,,1,0,0,0
ds1__platsim_ar_pico_banana_9gb-V__modificate__root__000829.jpg,1,1,0,1.0,1.0,1.0,1.0,,,1,0,0,0
ds1__platsim_ar_pico_banana_9gb-V__modificate__root__000847.jpg,1,1,0,1.0,1.0,1.0,1.0,,,1,0,0,0
ds1__platsim_ar_pico_banana_9gb-V__modificate__root__000850.jpg,1,1,0,0.0,0.0,0.0,0.0,,,0,0,0,1
ds1__platsim_ar_pico_banana_9gb-V__modificate__root__000861.jpg,1,1,0,1.0,1.0,1.0,1.0,,,1,0,0,0
ds1__platsim_ar_pico_banana_9gb-V__modificate__root__000875.jpg,1,1,0,1.0,1.0,1.0,1.0,,,1,0,0,0
ds1__platsim_ar_pico_banana_9gb-V__modificate__root__000755.jpg,1,1,0,1.0,1.0,1.0,1.0,,,1,0,0,0
ds1__platsim_ar_pico_banana_9gb-V__modificate__root__000762.jpg,1,1,0,1.0,1.0,1.0,1.0,,,1,0,0,0
ds1__platsim_ar_pico_banana_9gb-V__modificate__root__000795.jpg,1,1,0,0.0,0.0,0.0,0.0,,,0,0,0,1
ds1__platsim_ar_pico_banana_9gb-V__modificate__root__000797.jpg,1,1,0,1.0,1.0,1.0,1.0,,,1,0,0,0
ds1__platsim_ar_pico_banana_9gb-V__modificate__root__000798.jpg,1,1,0,1.0,1.0,1.0,1.0,,,1,0,0,0
ds1__platsim_ar_pico_banana_9gb-V__modificate__root__000803.jpg,1,1,0,1.0,1.0,1.0,1.0,,,1,0,0,0
ds1__platsim_ar_pico_banana_9gb-V__modificate__root__000804.jpg,1,1,0,1.0,1.0,1.0,1.0,,,1,0,0,0
ds1__platsim_ar_pico_banana_9gb-V__modificate__root__000808.jpg,1,1,0,1.0,1.0,1.0,1.0,,,1,0,0,0
ds1__platsim_ar_pico_banana_9gb-V__modificate__root__000712.jpg,1,1,0,1.0,1.0,1.0,1.0,,,1,0,0,0
ds1__platsim_ar_pico_banana_9gb-V__modificate__root__000722.jpg,1,1,0,1.0,1.0,1.0,1.0,,,1,0,0,0
ds1__platsim_ar_pico_banana_9gb-V__modificate__root__000725.jpg,1,1,0,1.0,1.0,1.0,1.0,,,1,0,0,0
ds1__platsim_ar_pico_banana_9gb-V__modificate__root__000738.jpg,1,1,0,1.0,1.0,1.0,1.0,,,1,0,0,0
ds1__platsim_ar_pico_banana_9gb-V__modificate__root__000740.jpg,1,1,0,1.0,1.0,1.0,1.0,,,1,0,0,0
ds1__platsim_ar_pico_banana_9gb-V__modificate__root__000744.jpg,1,1,0,1.0,1.0,1.0,1.0,,,1,0,0,0
ds1__platsim_ar_pico_banana_9gb-V__modificate__root__000747.jpg,1,1,0,1.0,1.0,1.0,1.0,,,1,0,0,0
ds1__platsim_ar_pico_banana_9gb-V__modificate__root__000752.jpg,1,1,0,0.0,0.0,0.0,0.0,,,0,0,0,1
ds1__platsim_ar_pico_banana_9gb-V__modificate__root__001062.jpg,1,1,0,1.0,1.0,1.0,1.0,,,1,0,0,0
ds1__platsim_ar_pico_banana_9gb-V__modificate__root__001064.jpg,1,1,0,1.0,1.0,1.0,1.0,,,1,0,0,0
ds1__platsim_ar_pico_banana_9gb-V__modificate__root__001067.jpg,1,1,0,0.0,0.0,0.0,0.0,,,0,0,0,1
ds1__platsim_ar_pico_banana_9gb-V__modificate__root__001075.jpg,1,1,0,1.0,1.0,1.0,1.0,,,1,0,0,0
ds1__platsim_ar_pico_banana_9gb-V__modificate__root__001086.jpg,1,1,0,1.0,1.0,1.0,1.0,,,1,0,0,0
ds1__platsim_ar_pico_banana_9gb-V__modificate__root__001094.jpg,1,1,0,1.0,1.0,1.0,1.0,,,1,0,0,0
ds1__platsim_ar_pico_banana_9gb-V__modificate__root__001103.jpg,1,1,0,1.0,1.0,1.0,1.0,,,1,0,0,0
ds1__platsim_ar_pico_banana_9gb-V__modificate__root__001111.jpg,1,1,0,1.0,1.0,1.0,1.0,,,1,0,0,0
ds1__platsim_ar_pico_banana_9gb-V__modificate__root__001033.jpg,1,1,0,1.0,1.0,1.0,1.0,,,1,0,0,0
ds1__platsim_ar_pico_banana_9gb-V__modificate__root__001035.jpg,1,1,0,1.0,1.0,1.0,1.0,,,1,0,0,0
ds1__platsim_ar_pico_banana_9gb-V__modificate__root__001045.jpg,1,1,0,1.0,1.0,1.0,1.0,,,1,0,0,0
ds1__platsim_ar_pico_banana_9gb-V__modificate__root__001052.jpg,1,1,0,1.0,1.0,1.0,1.0,,,1,0,0,0
ds1__platsim_ar_pico_banana_9gb-V__modificate__root__001056.jpg,1,1,0,0.0,0.0,0.0,0.0,,,0,0,0,1
ds1__platsim_ar_pico_banana_9gb-V__modificate__root__001058.jpg,1,1,0,1.0,1.0,1.0,1.0,,,1,0,0,0
ds1__platsim_ar_pico_banana_9gb-V__modificate__root__001059.jpg,1,1,0,0.0,0.0,0.0,0.0,,,0,0,0,1
ds1__platsim_ar_pico_banana_9gb-V__modificate__root__001060.jpg,1,1,0,1.0,1.0,1.0,1.0,,,1,0,0,0
ds1__platsim_ar_pico_banana_9gb-V__modificate__root__000989.jpg,1,1,0,0.0,0.0,0.0,0.0,,,0,0,0,1
ds1__platsim_ar_pico_banana_9gb-V__modificate__root__001000.jpg,1,1,0,1.0,1.0,1.0,1.0,,,1,0,0,0
ds1__platsim_ar_pico_banana_9gb-V__modificate__root__001003.jpg,1,1,0,1.0,1.0,1.0,1.0,,,1,0,0,0
ds1__platsim_ar_pico_banana_9gb-V__modificate__root__001010.jpg,1,1,0,1.0,1.0,1.0,1.0,,,1,0,0,0
ds1__platsim_ar_pico_banana_9gb-V__modificate__root__001022.jpg,1,1,0,1.0,1.0,1.0,1.0,,,1,0,0,0
ds1__platsim_ar_pico_banana_9gb-V__modificate__root__001024.jpg,1,1,0,1.0,1.0,1.0,1.0,,,1,0,0,0
ds1__platsim_ar_pico_banana_9gb-V__modificate__root__001027.jpg,1,1,0,0.0,0.0,0.0,0.0,,,0,0,0,1
ds1__platsim_ar_pico_banana_9gb-V__modificate__root__001032.jpg,1,1,0,1.0,1.0,1.0,1.0,,,1,0,0,0
ds1__platsim_ar_pico_banana_9gb-V__modificate__root__000926.jpg,1,1,0,1.0,1.0,1.0,1.0,,,1,0,0,0
ds1__platsim_ar_pico_banana_9gb-V__modificate__root__000955.jpg,1,1,0,1.0,1.0,1.0,1.0,,,1,0,0,0
ds1__platsim_ar_pico_banana_9gb-V__modificate__root__000957.jpg,1,1,0,1.0,1.0,1.0,1.0,,,1,0,0,0
ds1__platsim_ar_pico_banana_9gb-V__modificate__root__000960.jpg,1,1,0,1.0,1.0,1.0,1.0,,,1,0,0,0
ds1__platsim_ar_pico_banana_9gb-V__modificate__root__000977.jpg,1,1,0,1.0,1.0,1.0,1.0,,,1,0,0,0
ds1__platsim_ar_pico_banana_9gb-V__modificate__root__000984.jpg,1,1,0,1.0,1.0,1.0,1.0,,,1,0,0,0
ds1__platsim_ar_pico_banana_9gb-V__modificate__root__000985.jpg,1,1,0,1.0,1.0,1.0,1.0,,,1,0,0,0
ds1__platsim_ar_pico_banana_9gb-V__modificate__root__000986.jpg,1,1,0,1.0,1.0,1.0,1.0,,,1,0,0,0
ds1__platsim_ar_pico_banana_9gb-V__modificate__root__001275.jpg,1,1,0,0.0,0.0,0.0,0.0,,,0,0,0,1
ds1__platsim_ar_pico_banana_9gb-V__modificate__root__001276.jpg,1,1,0,1.0,1.0,1.0,1.0,,,1,0,0,0
ds1__platsim_ar_pico_banana_9gb-V__modificate__root__001277.jpg,1,1,0,1.0,1.0,1.0,1.0,,,1,0,0,0
ds1__platsim_ar_pico_banana_9gb-V__modificate__root__001278.jpg,1,1,0,0.0,0.0,0.0,0.0,,,0,0,0,1
ds1__platsim_ar_pico_banana_9gb-V__modificate__root__001285.jpg,1,1,0,1.0,1.0,1.0,1.0,,,1,0,0,0
ds1__platsim_ar_pico_banana_9gb-V__modificate__root__001289.jpg,1,1,0,1.0,1.0,1.0,1.0,,,1,0,0,0
ds1__platsim_ar_pico_banana_9gb-V__modificate__root__001291.jpg,1,1,0,1.0,1.0,1.0,1.0,,,1,0,0,0
ds1__platsim_ar_pico_banana_9gb-V__modificate__root__001306.jpg,1,1,0,1.0,1.0,1.0,1.0,,,1,0,0,0
ds1__platsim_ar_pico_banana_9gb-V__modificate__root__001212.jpg,1,1,0,1.0,1.0,1.0,1.0,,,1,0,0,0
ds1__platsim_ar_pico_banana_9gb-V__modificate__root__001220.jpg,1,1,0,0.0,0.0,0.0,0.0,,,0,0,0,1
ds1__platsim_ar_pico_banana_9gb-V__modificate__root__001221.jpg,1,1,0,1.0,1.0,1.0,1.0,,,1,0,0,0
ds1__platsim_ar_pico_banana_9gb-V__modificate__root__001226.jpg,1,1,0,0.0,0.0,0.0,0.0,,,0,0,0,1
ds1__platsim_ar_pico_banana_9gb-V__modificate__root__001230.jpg,1,1,0,1.0,1.0,1.0,1.0,,,1,0,0,0
ds1__platsim_ar_pico_banana_9gb-V__modificate__root__001237.jpg,1,1,0,1.0,1.0,1.0,1.0,,,1,0,0,0
ds1__platsim_ar_pico_banana_9gb-V__modificate__root__001266.jpg,1,1,0,0.0,0.0,0.0,0.0,,,0,0,0,1
ds1__platsim_ar_pico_banana_9gb-V__modificate__root__001271.jpg,1,1,0,0.0,0.0,0.0,0.0,,,0,0,0,1
ds1__platsim_ar_pico_banana_9gb-V__modificate__root__001177.jpg,1,1,0,1.0,1.0,1.0,1.0,,,1,0,0,0
ds1__platsim_ar_pico_banana_9gb-V__modificate__root__001179.jpg,1,1,0,1.0,1.0,1.0,1.0,,,1,0,0,0
ds1__platsim_ar_pico_banana_9gb-V__modificate__root__001181.jpg,1,1,0,1.0,1.0,1.0,1.0,,,1,0,0,0
ds1__platsim_ar_pico_banana_9gb-V__modificate__root__001189.jpg,1,1,0,1.0,1.0,1.0,1.0,,,1,0,0,0
ds1__platsim_ar_pico_banana_9gb-V__modificate__root__001199.jpg,1,1,0,1.0,1.0,1.0,1.0,,,1,0,0,0
ds1__platsim_ar_pico_banana_9gb-V__modificate__root__001200.jpg,1,1,0,1.0,1.0,1.0,1.0,,,1,0,0,0
ds1__platsim_ar_pico_banana_9gb-V__modificate__root__001206.jpg,1,1,0,1.0,1.0,1.0,1.0,,,1,0,0,0
ds1__platsim_ar_pico_banana_9gb-V__modificate__root__001207.jpg,1,1,0,1.0,1.0,1.0,1.0,,,1,0,0,0
ds1__platsim_ar_pico_banana_9gb-V__modificate__root__001113.jpg,1,1,0,1.0,1.0,1.0,1.0,,,1,0,0,0
ds1__platsim_ar_pico_banana_9gb-V__modificate__root__001116.jpg,1,1,0,0.0,0.0,0.0,0.0,,,0,0,0,1
ds1__platsim_ar_pico_banana_9gb-V__modificate__root__001120.jpg,1,1,0,1.0,1.0,1.0,1.0,,,1,0,0,0
ds1__platsim_ar_pico_banana_9gb-V__modificate__root__001121.jpg,1,1,0,1.0,1.0,1.0,1.0,,,1,0,0,0
ds1__platsim_ar_pico_banana_9gb-V__modificate__root__001128.jpg,1,1,0,1.0,1.0,1.0,1.0,,,1,0,0,0
ds1__platsim_ar_pico_banana_9gb-V__modificate__root__001135.jpg,1,1,0,1.0,1.0,1.0,1.0,,,1,0,0,0
ds1__platsim_ar_pico_banana_9gb-V__modificate__root__001151.jpg,1,1,0,1.0,1.0,1.0,1.0,,,1,0,0,0
ds1__platsim_ar_pico_banana_9gb-V__modificate__root__001166.jpg,1,1,0,1.0,1.0,1.0,1.0,,,1,0,0,0
ds1__platsim_ar_pico_banana_9gb-V__modificate__root__001449.jpg,1,1,0,0.0,0.0,0.0,0.0,,,0,0,0,1
ds1__platsim_ar_pico_banana_9gb-V__modificate__root__001457.jpg,1,1,0,1.0,1.0,1.0,1.0,,,1,0,0,0
ds1__platsim_ar_pico_banana_9gb-V__modificate__root__001459.jpg,1,1,0,0.0,0.0,0.0,0.0,,,0,0,0,1
ds1__platsim_ar_pico_banana_9gb-V__modificate__root__001464.jpg,1,1,0,0.0,0.0,0.0,0.0,,,0,0,0,1
ds1__platsim_ar_pico_banana_9gb-V__modificate__root__001473.jpg,1,1,0,1.0,1.0,1.0,1.0,,,1,0,0,0
ds1__platsim_ar_pico_banana_9gb-V__modificate__root__001475.jpg,1,1,0,1.0,1.0,1.0,1.0,,,1,0,0,0
ds1__platsim_ar_pico_banana_9gb-V__modificate__root__001482.jpg,1,1,0,0.0,0.0,0.0,0.0,,,0,0,0,1
ds1__platsim_ar_pico_banana_9gb-V__modificate__root__001485.jpg,1,1,0,1.0,1.0,1.0,1.0,,,1,0,0,0
ds1__platsim_ar_pico_banana_9gb-V__modificate__root__001391.jpg,1,1,0,1.0,1.0,1.0,1.0,,,1,0,0,0
ds1__platsim_ar_pico_banana_9gb-V__modificate__root__001395.jpg,1,1,0,0.0,0.0,0.0,0.0,,,0,0,0,1
ds1__platsim_ar_pico_banana_9gb-V__modificate__root__001402.jpg,1,1,0,1.0,1.0,1.0,1.0,,,1,0,0,0
ds1__platsim_ar_pico_banana_9gb-V__modificate__root__001403.jpg,1,1,0,0.0,0.0,0.0,0.0,,,0,0,0,1
ds1__platsim_ar_pico_banana_9gb-V__modificate__root__001413.jpg,1,1,0,1.0,1.0,1.0,1.0,,,1,0,0,0
ds1__platsim_ar_pico_banana_9gb-V__modificate__root__001426.jpg,1,1,0,0.0,0.0,0.0,0.0,,,0,0,0,1
ds1__platsim_ar_pico_banana_9gb-V__modificate__root__001436.jpg,1,1,0,1.0,1.0,1.0,1.0,,,1,0,0,0
ds1__platsim_ar_pico_banana_9gb-V__modificate__root__001446.jpg,1,1,0,1.0,1.0,1.0,1.0,,,1,0,0,0
ds1__platsim_ar_pico_banana_9gb-V__modificate__root__001352.jpg,1,1,0,1.0,1.0,1.0,1.0,,,1,0,0,0
ds1__platsim_ar_pico_banana_9gb-V__modificate__root__001358.jpg,1,1,0,1.0,1.0,1.0,1.0,,,1,0,0,0
ds1__platsim_ar_pico_banana_9gb-V__modificate__root__001367.jpg,1,1,0,1.0,1.0,1.0,1.0,,,1,0,0,0
ds1__platsim_ar_pico_banana_9gb-V__modificate__root__001381.jpg,1,1,0,1.0,1.0,1.0,1.0,,,1,0,0,0
ds1__platsim_ar_pico_banana_9gb-V__modificate__root__001382.jpg,1,1,0,1.0,1.0,1.0,1.0,,,1,0,0,0
ds1__platsim_ar_pico_banana_9gb-V__modificate__root__001383.jpg,1,1,0,1.0,1.0,1.0,1.0,,,1,0,0,0
ds1__platsim_ar_pico_banana_9gb-V__modificate__root__001385.jpg,1,1,0,0.0,0.0,0.0,0.0,,,0,0,0,1
ds1__platsim_ar_pico_banana_9gb-V__modificate__root__001389.jpg,1,1,0,1.0,1.0,1.0,1.0,,,1,0,0,0
ds1__platsim_ar_pico_banana_9gb-V__modificate__root__001307.jpg,1,1,0,1.0,1.0,1.0,1.0,,,1,0,0,0
ds1__platsim_ar_pico_banana_9gb-V__modificate__root__001308.jpg,1,1,0,1.0,1.0,1.0,1.0,,,1,0,0,0
ds1__platsim_ar_pico_banana_9gb-V__modificate__root__001310.jpg,1,1,0,1.0,1.0,1.0,1.0,,,1,0,0,0
ds1__platsim_ar_pico_banana_9gb-V__modificate__root__001318.jpg,1,1,0,1.0,1.0,1.0,1.0,,,1,0,0,0
ds1__platsim_ar_pico_banana_9gb-V__modificate__root__001325.jpg,1,1,0,1.0,1.0,1.0,1.0,,,1,0,0,0
ds1__platsim_ar_pico_banana_9gb-V__modificate__root__001340.jpg,1,1,0,1.0,1.0,1.0,1.0,,,1,0,0,0
ds1__platsim_ar_pico_banana_9gb-V__modificate__root__001348.jpg,1,1,0,1.0,1.0,1.0,1.0,,,1,0,0,0
ds1__platsim_ar_pico_banana_9gb-V__modificate__root__001350.jpg,1,1,0,1.0,1.0,1.0,1.0,,,1,0,0,0
ds1__platsim_ar_pico_banana_9gb-V__modificate__root__001664.jpg,1,1,0,1.0,1.0,1.0,1.0,,,1,0,0,0
ds1__platsim_ar_pico_banana_9gb-V__modificate__root__001667.jpg,1,1,0,0.0,0.0,0.0,0.0,,,0,0,0,1
ds1__platsim_ar_pico_banana_9gb-V__modificate__root__001708.jpg,1,1,0,1.0,1.0,1.0,1.0,,,1,0,0,0
ds1__platsim_ar_pico_banana_9gb-V__modificate__root__001712.jpg,1,1,0,1.0,1.0,1.0,1.0,,,1,0,0,0
ds1__platsim_ar_pico_banana_9gb-V__modificate__root__001715.jpg,1,1,0,0.0,0.0,0.0,0.0,,,0,0,0,1
ds1__platsim_ar_pico_banana_9gb-V__modificate__root__001719.jpg,1,1,0,0.0,0.0,0.0,0.0,,,0,0,0,1
ds1__platsim_ar_pico_banana_9gb-V__modificate__root__001742.jpg,1,1,0,1.0,1.0,1.0,1.0,,,1,0,0,0
ds1__platsim_ar_pico_banana_9gb-V__modificate__root__001745.jpg,1,1,0,1.0,1.0,1.0,1.0,,,1,0,0,0
ds1__platsim_ar_pico_banana_9gb-V__modificate__root__001575.jpg,1,1,0,0.0,0.0,0.0,0.0,,,0,0,0,1
ds1__platsim_ar_pico_banana_9gb-V__modificate__root__001580.jpg,1,1,0,1.0,1.0,1.0,1.0,,,1,0,0,0
ds1__platsim_ar_pico_banana_9gb-V__modificate__root__001599.jpg,1,1,0,1.0,1.0,1.0,1.0,,,1,0,0,0
ds1__platsim_ar_pico_banana_9gb-V__modificate__root__001600.jpg,1,1,0,1.0,1.0,1.0,1.0,,,1,0,0,0
ds1__platsim_ar_pico_banana_9gb-V__modificate__root__001624.jpg,1,1,0,1.0,1.0,1.0,1.0,,,1,0,0,0
ds1__platsim_ar_pico_banana_9gb-V__modificate__root__001636.jpg,1,1,0,1.0,1.0,1.0,1.0,,,1,0,0,0
ds1__platsim_ar_pico_banana_9gb-V__modificate__root__001639.jpg,1,1,0,0.0,0.0,0.0,0.0,,,0,0,0,1
ds1__platsim_ar_pico_banana_9gb-V__modificate__root__001659.jpg,1,1,0,0.0,0.0,0.0,0.0,,,0,0,0,1
ds1__platsim_ar_pico_banana_9gb-V__modificate__root__001524.jpg,1,1,0,1.0,1.0,1.0,1.0,,,1,0,0,0
ds1__platsim_ar_pico_banana_9gb-V__modificate__root__001531.jpg,1,1,0,1.0,1.0,1.0,1.0,,,1,0,0,0
ds1__platsim_ar_pico_banana_9gb-V__modificate__root__001544.jpg,1,1,0,1.0,1.0,1.0,1.0,,,1,0,0,0
ds1__platsim_ar_pico_banana_9gb-V__modificate__root__001545.jpg,1,1,0,1.0,1.0,1.0,1.0,,,1,0,0,0
ds1__platsim_ar_pico_banana_9gb-V__modificate__root__001548.jpg,1,1,0,1.0,1.0,1.0,1.0,,,1,0,0,0
ds1__platsim_ar_pico_banana_9gb-V__modificate__root__001554.jpg,1,1,0,1.0,1.0,1.0,1.0,,,1,0,0,0
ds1__platsim_ar_pico_banana_9gb-V__modificate__root__001565.jpg,1,1,0,1.0,1.0,1.0,1.0,,,1,0,0,0
ds1__platsim_ar_pico_banana_9gb-V__modificate__root__001569.jpg,1,1,0,1.0,1.0,1.0,1.0,,,1,0,0,0
ds1__platsim_ar_pico_banana_9gb-V__modificate__root__001487.jpg,1,1,0,1.0,1.0,1.0,1.0,,,1,0,0,0
ds1__platsim_ar_pico_banana_9gb-V__modificate__root__001492.jpg,1,1,0,0.0,0.0,0.0,0.0,,,0,0,0,1
ds1__platsim_ar_pico_banana_9gb-V__modificate__root__001506.jpg,1,1,0,1.0,1.0,1.0,1.0,,,1,0,0,0
ds1__platsim_ar_pico_banana_9gb-V__modificate__root__001508.jpg,1,1,0,1.0,1.0,1.0,1.0,,,1,0,0,0
ds1__platsim_ar_pico_banana_9gb-V__modificate__root__001511.jpg,1,1,0,0.0,0.0,0.0,0.0,,,0,0,0,1
ds1__platsim_ar_pico_banana_9gb-V__modificate__root__001514.jpg,1,1,0,1.0,1.0,1.0,1.0,,,1,0,0,0
ds1__platsim_ar_pico_banana_9gb-V__modificate__root__001518.jpg,1,1,0,1.0,1.0,1.0,1.0,,,1,0,0,0
ds1__platsim_ar_pico_banana_9gb-V__modificate__root__001520.jpg,1,1,0,1.0,1.0,1.0,1.0,,,1,0,0,0
ds1__platsim_ar_pico_banana_9gb-V__modificate__root__001923.jpg,1,1,0,1.0,1.0,1.0,1.0,,,1,0,0,0
ds1__platsim_ar_pico_banana_9gb-V__modificate__root__001928.jpg,1,1,0,1.0,1.0,1.0,1.0,,,1,0,0,0
ds1__platsim_ar_pico_banana_9gb-V__modificate__root__001931.jpg,1,1,0,0.0,0.0,0.0,0.0,,,0,0,0,1
ds1__platsim_ar_pico_banana_9gb-V__modificate__root__001936.jpg,1,1,0,1.0,1.0,1.0,1.0,,,1,0,0,0
ds1__platsim_ar_pico_banana_9gb-V__modificate__root__001946.jpg,1,1,0,1.0,1.0,1.0,1.0,,,1,0,0,0
ds1__platsim_ar_pico_banana_9gb-V__modificate__root__001950.jpg,1,1,0,1.0,1.0,1.0,1.0,,,1,0,0,0
ds1__platsim_ar_pico_banana_9gb-V__modificate__root__001952.jpg,1,1,0,1.0,1.0,1.0,1.0,,,1,0,0,0
ds1__platsim_ar_pico_banana_9gb-V__modificate__root__001954.jpg,1,1,0,1.0,1.0,1.0,1.0,,,1,0,0,0
ds1__platsim_ar_pico_banana_9gb-V__modificate__root__001857.jpg,1,1,0,1.0,1.0,1.0,1.0,,,1,0,0,0
ds1__platsim_ar_pico_banana_9gb-V__modificate__root__001861.jpg,1,1,0,1.0,1.0,1.0,1.0,,,1,0,0,0
ds1__platsim_ar_pico_banana_9gb-V__modificate__root__001866.jpg,1,1,0,1.0,1.0,1.0,1.0,,,1,0,0,0
ds1__platsim_ar_pico_banana_9gb-V__modificate__root__001873.jpg,1,1,0,0.0,0.0,0.0,0.0,,,0,0,0,1
ds1__platsim_ar_pico_banana_9gb-V__modificate__root__001874.jpg,1,1,0,1.0,1.0,1.0,1.0,,,1,0,0,0
ds1__platsim_ar_pico_banana_9gb-V__modificate__root__001896.jpg,1,1,0,1.0,1.0,1.0,1.0,,,1,0,0,0
ds1__platsim_ar_pico_banana_9gb-V__modificate__root__001898.jpg,1,1,0,1.0,1.0,1.0,1.0,,,1,0,0,0
ds1__platsim_ar_pico_banana_9gb-V__modificate__root__001899.jpg,1,1,0,1.0,1.0,1.0,1.0,,,1,0,0,0
ds1__platsim_ar_pico_banana_9gb-V__modificate__root__001803.jpg,1,1,0,1.0,1.0,1.0,1.0,,,1,0,0,0
ds1__platsim_ar_pico_banana_9gb-V__modificate__root__001806.jpg,1,1,0,1.0,1.0,1.0,1.0,,,1,0,0,0
ds1__platsim_ar_pico_banana_9gb-V__modificate__root__001813.jpg,1,1,0,1.0,1.0,1.0,1.0,,,1,0,0,0
ds1__platsim_ar_pico_banana_9gb-V__modificate__root__001819.jpg,1,1,0,1.0,1.0,1.0,1.0,,,1,0,0,0
ds1__platsim_ar_pico_banana_9gb-V__modificate__root__001823.jpg,1,1,0,1.0,1.0,1.0,1.0,,,1,0,0,0
ds1__platsim_ar_pico_banana_9gb-V__modificate__root__001826.jpg,1,1,0,1.0,1.0,1.0,1.0,,,1,0,0,0
ds1__platsim_ar_pico_banana_9gb-V__modificate__root__001846.jpg,1,1,0,0.0,0.0,0.0,0.0,,,0,0,0,1
ds1__platsim_ar_pico_banana_9gb-V__modificate__root__001855.jpg,1,1,0,1.0,1.0,1.0,1.0,,,1,0,0,0
ds1__platsim_ar_pico_banana_9gb-V__modificate__root__001754.jpg,1,1,0,1.0,1.0,1.0,1.0,,,1,0,0,0
ds1__platsim_ar_pico_banana_9gb-V__modificate__root__001756.jpg,1,1,0,1.0,1.0,1.0,1.0,,,1,0,0,0
ds1__platsim_ar_pico_banana_9gb-V__modificate__root__001758.jpg,1,1,0,1.0,1.0,1.0,1.0,,,1,0,0,0
ds1__platsim_ar_pico_banana_9gb-V__modificate__root__001765.jpg,1,1,0,1.0,1.0,1.0,1.0,,,1,0,0,0
ds1__platsim_ar_pico_banana_9gb-V__modificate__root__001766.jpg,1,1,0,0.0,0.0,0.0,0.0,,,0,0,0,1
ds1__platsim_ar_pico_banana_9gb-V__modificate__root__001773.jpg,1,1,0,1.0,1.0,1.0,1.0,,,1,0,0,0
ds1__platsim_ar_pico_banana_9gb-V__modificate__root__001792.jpg,1,1,0,1.0,1.0,1.0,1.0,,,1,0,0,0
ds1__platsim_ar_pico_banana_9gb-V__modificate__root__001795.jpg,1,1,0,1.0,1.0,1.0,1.0,,,1,0,0,0
ds1__platsim_ar_pico_banana_9gb-V__modificate__root__002191.jpg,1,1,0,1.0,1.0,1.0,1.0,,,1,0,0,0
ds1__platsim_ar_pico_banana_9gb-V__modificate__root__002201.jpg,1,1,0,0.0,0.0,0.0,0.0,,,0,0,0,1
ds1__platsim_ar_pico_banana_9gb-V__modificate__root__002203.jpg,1,1,0,1.0,1.0,1.0,1.0,,,1,0,0,0
ds1__platsim_ar_pico_banana_9gb-V__modificate__root__002208.jpg,1,1,0,1.0,1.0,1.0,1.0,,,1,0,0,0
ds1__platsim_ar_pico_banana_9gb-V__modificate__root__002218.jpg,1,1,0,0.0,0.0,0.0,0.0,,,0,0,0,1
ds1__platsim_ar_pico_banana_9gb-V__modificate__root__002219.jpg,1,1,0,1.0,1.0,1.0,1.0,,,1,0,0,0
ds1__platsim_ar_pico_banana_9gb-V__modificate__root__002231.jpg,1,1,0,1.0,1.0,1.0,1.0,,,1,0,0,0
ds1__platsim_ar_pico_banana_9gb-V__modificate__root__002233.jpg,1,1,0,0.0,0.0,0.0,0.0,,,0,0,0,1
ds1__platsim_ar_pico_banana_9gb-V__modificate__root__002097.jpg,1,1,0,1.0,1.0,1.0,1.0,,,1,0,0,0
ds1__platsim_ar_pico_banana_9gb-V__modificate__root__002098.jpg,1,1,0,0.0,0.0,0.0,0.0,,,0,0,0,1
ds1__platsim_ar_pico_banana_9gb-V__modificate__root__002105.jpg,1,1,0,1.0,1.0,1.0,1.0,,,1,0,0,0
ds1__platsim_ar_pico_banana_9gb-V__modificate__root__002114.jpg,1,1,0,1.0,1.0,1.0,1.0,,,1,0,0,0
ds1__platsim_ar_pico_banana_9gb-V__modificate__root__002139.jpg,1,1,0,1.0,1.0,1.0,1.0,,,1,0,0,0
ds1__platsim_ar_pico_banana_9gb-V__modificate__root__002177.jpg,1,1,0,1.0,1.0,1.0,1.0,,,1,0,0,0
ds1__platsim_ar_pico_banana_9gb-V__modificate__root__002183.jpg,1,1,0,1.0,1.0,1.0,1.0,,,1,0,0,0
ds1__platsim_ar_pico_banana_9gb-V__modificate__root__002186.jpg,1,1,0,0.0,0.0,0.0,0.0,,,0,0,0,1
ds1__platsim_ar_pico_banana_9gb-V__modificate__root__002047.jpg,1,1,0,1.0,1.0,1.0,1.0,,,1,0,0,0
ds1__platsim_ar_pico_banana_9gb-V__modificate__root__002050.jpg,1,1,0,1.0,1.0,1.0,1.0,,,1,0,0,0
ds1__platsim_ar_pico_banana_9gb-V__modificate__root__002062.jpg,1,1,0,1.0,1.0,1.0,1.0,,,1,0,0,0
ds1__platsim_ar_pico_banana_9gb-V__modificate__root__002063.jpg,1,1,0,0.0,0.0,0.0,0.0,,,0,0,0,1
ds1__platsim_ar_pico_banana_9gb-V__modificate__root__002071.jpg,1,1,0,1.0,1.0,1.0,1.0,,,1,0,0,0
ds1__platsim_ar_pico_banana_9gb-V__modificate__root__002075.jpg,1,1,0,1.0,1.0,1.0,1.0,,,1,0,0,0
ds1__platsim_ar_pico_banana_9gb-V__modificate__root__002076.jpg,1,1,0,1.0,1.0,1.0,1.0,,,1,0,0,0
ds1__platsim_ar_pico_banana_9gb-V__modificate__root__002096.jpg,1,1,0,1.0,1.0,1.0,1.0,,,1,0,0,0
ds1__platsim_ar_pico_banana_9gb-V__modificate__root__001956.jpg,1,1,0,1.0,1.0,1.0,1.0,,,1,0,0,0
ds1__platsim_ar_pico_banana_9gb-V__modificate__root__001971.jpg,1,1,0,0.0,0.0,0.0,0.0,,,0,0,0,1
ds1__platsim_ar_pico_banana_9gb-V__modificate__root__001972.jpg,1,1,0,1.0,1.0,1.0,1.0,,,1,0,0,0
ds1__platsim_ar_pico_banana_9gb-V__modificate__root__001975.jpg,1,1,0,1.0,1.0,1.0,1.0,,,1,0,0,0
ds1__platsim_ar_pico_banana_9gb-V__modificate__root__002015.jpg,1,1,0,1.0,1.0,1.0,1.0,,,1,0,0,0
ds1__platsim_ar_pico_banana_9gb-V__modificate__root__002018.jpg,1,1,0,0.0,0.0,0.0,0.0,,,0,0,0,1
ds1__platsim_ar_pico_banana_9gb-V__modificate__root__002028.jpg,1,1,0,1.0,1.0,1.0,1.0,,,1,0,0,0
ds1__platsim_ar_pico_banana_9gb-V__modificate__root__002044.jpg,1,1,0,1.0,1.0,1.0,1.0,,,1,0,0,0
ds1__platsim_ar_pico_banana_9gb-V__modificate__root__002429.jpg,1,1,0,1.0,1.0,1.0,1.0,,,1,0,0,0
ds1__platsim_ar_pico_banana_9gb-V__modificate__root__002434.jpg,1,1,0,1.0,1.0,1.0,1.0,,,1,0,0,0
ds1__platsim_ar_pico_banana_9gb-V__modificate__root__002441.jpg,1,1,0,1.0,1.0,1.0,1.0,,,1,0,0,0
ds1__platsim_ar_pico_banana_9gb-V__modificate__root__002460.jpg,1,1,0,1.0,1.0,1.0,1.0,,,1,0,0,0
ds1__platsim_ar_pico_banana_9gb-V__modificate__root__002462.jpg,1,1,0,1.0,1.0,1.0,1.0,,,1,0,0,0
ds1__platsim_ar_pico_banana_9gb-V__modificate__root__002464.jpg,1,1,0,1.0,1.0,1.0,1.0,,,1,0,0,0
ds1__platsim_ar_pico_banana_9gb-V__modificate__root__002466.jpg,1,1,0,1.0,1.0,1.0,1.0,,,1,0,0,0
ds1__platsim_ar_pico_banana_9gb-V__modificate__root__002469.jpg,1,1,0,1.0,1.0,1.0,1.0,,,1,0,0,0
ds1__platsim_ar_pico_banana_9gb-V__modificate__root__002361.jpg,1,1,0,1.0,1.0,1.0,1.0,,,1,0,0,0
ds1__platsim_ar_pico_banana_9gb-V__modificate__root__002385.jpg,1,1,0,1.0,1.0,1.0,1.0,,,1,0,0,0
ds1__platsim_ar_pico_banana_9gb-V__modificate__root__002387.jpg,1,1,0,1.0,1.0,1.0,1.0,,,1,0,0,0
ds1__platsim_ar_pico_banana_9gb-V__modificate__root__002390.jpg,1,1,0,1.0,1.0,1.0,1.0,,,1,0,0,0
ds1__platsim_ar_pico_banana_9gb-V__modificate__root__002396.jpg,1,1,0,1.0,1.0,1.0,1.0,,,1,0,0,0
ds1__platsim_ar_pico_banana_9gb-V__modificate__root__002400.jpg,1,1,0,1.0,1.0,1.0,1.0,,,1,0,0,0
ds1__platsim_ar_pico_banana_9gb-V__modificate__root__002409.jpg,1,1,0,1.0,1.0,1.0,1.0,,,1,0,0,0
ds1__platsim_ar_pico_banana_9gb-V__modificate__root__002413.jpg,1,1,0,1.0,1.0,1.0,1.0,,,1,0,0,0
ds1__platsim_ar_pico_banana_9gb-V__modificate__root__002324.jpg,1,1,0,1.0,1.0,1.0,1.0,,,1,0,0,0
ds1__platsim_ar_pico_banana_9gb-V__modificate__root__002340.jpg,1,1,0,0.0,0.0,0.0,0.0,,,0,0,0,1
ds1__platsim_ar_pico_banana_9gb-V__modificate__root__002341.jpg,1,1,0,1.0,1.0,1.0,1.0,,,1,0,0,0
ds1__platsim_ar_pico_banana_9gb-V__modificate__root__002342.jpg,1,1,0,1.0,1.0,1.0,1.0,,,1,0,0,0
ds1__platsim_ar_pico_banana_9gb-V__modificate__root__002343.jpg,1,1,0,1.0,1.0,1.0,1.0,,,1,0,0,0
ds1__platsim_ar_pico_banana_9gb-V__modificate__root__002351.jpg,1,1,0,0.0,0.0,0.0,0.0,,,0,0,0,1
ds1__platsim_ar_pico_banana_9gb-V__modificate__root__002352.jpg,1,1,0,1.0,1.0,1.0,1.0,,,1,0,0,0
ds1__platsim_ar_pico_banana_9gb-V__modificate__root__002353.jpg,1,1,0,1.0,1.0,1.0,1.0,,,1,0,0,0
ds1__platsim_ar_pico_banana_9gb-V__modificate__root__002239.jpg,1,1,0,1.0,1.0,1.0,1.0,,,1,0,0,0
ds1__platsim_ar_pico_banana_9gb-V__modificate__root__002258.jpg,1,1,0,1.0,1.0,1.0,1.0,,,1,0,0,0
ds1__platsim_ar_pico_banana_9gb-V__modificate__root__002275.jpg,1,1,0,0.0,0.0,0.0,0.0,,,0,0,0,1
ds1__platsim_ar_pico_banana_9gb-V__modificate__root__002276.jpg,1,1,0,1.0,1.0,1.0,1.0,,,1,0,0,0
ds1__platsim_ar_pico_banana_9gb-V__modificate__root__002280.jpg,1,1,0,1.0,1.0,1.0,1.0,,,1,0,0,0
ds1__platsim_ar_pico_banana_9gb-V__modificate__root__002282.jpg,1,1,0,1.0,1.0,1.0,1.0,,,1,0,0,0
ds1__platsim_ar_pico_banana_9gb-V__modificate__root__002287.jpg,1,1,0,0.0,0.0,0.0,0.0,,,0,0,0,1
ds1__platsim_ar_pico_banana_9gb-V__modificate__root__002294.jpg,1,1,0,1.0,1.0,1.0,1.0,,,1,0,0,0
ds2__exp_3_augmented_v6.2_noK__modificate__altro__bruciato__gpt_image_1_mini__000133.jpg,1,1,0,1.0,1.0,1.0,1.0,,,1,0,0,0
ds2__exp_3_augmented_v6.2_noK__modificate__altro__bruciato__gpt_image_1_mini__000138.jpg,1,1,0,1.0,1.0,1.0,1.0,,,1,0,0,0
ds2__exp_3_augmented_v6.2_noK__modificate__altro__bruciato__gpt_image_1_mini__000142.jpg,1,1,0,1.0,1.0,1.0,1.0,,,1,0,0,0
ds2__exp_3_augmented_v6.2_noK__modificate__altro__crudo__gpt_image_1_5__000147.jpg,1,1,0,1.0,1.0,1.0,1.0,,,1,0,0,0
ds2__exp_3_augmented_v6.2_noK__modificate__altro__crudo__gpt_image_1_5__000157.jpg,1,1,0,1.0,1.0,1.0,1.0,,,1,0,0,0
ds2__exp_3_augmented_v6.2_noK__modificate__altro__crudo__gpt_image_1_5__000180.jpg,1,1,0,1.0,1.0,1.0,1.0,,,1,0,0,0
ds2__exp_3_augmented_v6.2_noK__modificate__altro__crudo__gpt_image_1_5__000184.jpg,1,1,0,1.0,1.0,1.0,1.0,,,1,0,0,0
ds2__exp_3_augmented_v6.2_noK__modificate__altro__crudo__gpt_image_1_5__000188.jpg,1,1,0,1.0,1.0,1.0,1.0,,,1,0,0,0
ds2__exp_3_augmented_v6.2_noK__modificate__altro__bruciato__gpt_image_1_mini__000086.jpg,1,1,0,1.0,1.0,1.0,1.0,,,1,0,0,0
ds2__exp_3_augmented_v6.2_noK__modificate__altro__bruciato__gpt_image_1_mini__000091.jpg,1,1,0,1.0,1.0,1.0,1.0,,,1,0,0,0
ds2__exp_3_augmented_v6.2_noK__modificate__altro__bruciato__gpt_image_1_mini__000092.jpg,1,1,0,1.0,1.0,1.0,1.0,,,1,0,0,0
ds2__exp_3_augmented_v6.2_noK__modificate__altro__bruciato__gpt_image_1_mini__000111.jpg,1,1,0,1.0,1.0,1.0,1.0,,,1,0,0,0
ds2__exp_3_augmented_v6.2_noK__modificate__altro__bruciato__gpt_image_1_mini__000116.jpg,1,1,0,1.0,1.0,1.0,1.0,,,1,0,0,0
ds2__exp_3_augmented_v6.2_noK__modificate__altro__bruciato__gpt_image_1_mini__000118.jpg,1,1,0,1.0,1.0,1.0,1.0,,,1,0,0,0
ds2__exp_3_augmented_v6.2_noK__modificate__altro__bruciato__gpt_image_1_mini__000120.jpg,1,1,0,1.0,1.0,1.0,1.0,,,1,0,0,0
ds2__exp_3_augmented_v6.2_noK__modificate__altro__bruciato__gpt_image_1_mini__000129.jpg,1,1,0,1.0,1.0,1.0,1.0,,,1,0,0,0
ds2__exp_3_augmented_v6.2_noK__modificate__altro__bruciato__gpt_image_1_5__000040.jpg,1,1,0,1.0,1.0,1.0,1.0,,,1,0,0,0
ds2__exp_3_augmented_v6.2_noK__modificate__altro__bruciato__gpt_image_1_5__000044.jpg,1,1,0,1.0,1.0,1.0,1.0,,,1,0,0,0
ds2__exp_3_augmented_v6.2_noK__modificate__altro__bruciato__gpt_image_1_5__000048.jpg,1,1,0,1.0,1.0,1.0,1.0,,,1,0,0,0
ds2__exp_3_augmented_v6.2_noK__modificate__altro__bruciato__gpt_image_1_5__000053.jpg,1,1,0,1.0,1.0,1.0,1.0,,,1,0,0,0
ds2__exp_3_augmented_v6.2_noK__modificate__altro__bruciato__gpt_image_1_5__000055.jpg,1,1,0,1.0,1.0,1.0,1.0,,,1,0,0,0
ds2__exp_3_augmented_v6.2_noK__modificate__altro__bruciato__gpt_image_1_5__000068.jpg,1,1,0,1.0,1.0,1.0,1.0,,,1,0,0,0
ds2__exp_3_augmented_v6.2_noK__modificate__altro__bruciato__gpt_image_1_mini__000076.jpg,1,1,0,1.0,1.0,1.0,1.0,,,1,0,0,0
ds2__exp_3_augmented_v6.2_noK__modificate__altro__bruciato__gpt_image_1_mini__000080.jpg,1,1,0,1.0,1.0,1.0,1.0,,,1,0,0,0
ds1__platsim_ar_pico_banana_9gb-V__modificate__root__002472.jpg,1,1,0,1.0,1.0,1.0,1.0,,,1,0,0,0
ds1__platsim_ar_pico_banana_9gb-V__modificate__root__002474.jpg,1,1,0,1.0,1.0,1.0,1.0,,,1,0,0,0
ds2__exp_3_augmented_v6.2_noK__modificate__altro__bruciato__gpt_image_1_5__000000.jpg,1,1,0,1.0,1.0,1.0,1.0,,,1,0,0,0
ds2__exp_3_augmented_v6.2_noK__modificate__altro__bruciato__gpt_image_1_5__000009.jpg,1,1,0,1.0,1.0,1.0,1.0,,,1,0,0,0
ds2__exp_3_augmented_v6.2_noK__modificate__altro__bruciato__gpt_image_1_5__000025.jpg,1,1,0,1.0,1.0,1.0,1.0,,,1,0,0,0
ds2__exp_3_augmented_v6.2_noK__modificate__altro__bruciato__gpt_image_1_5__000026.jpg,1,1,0,1.0,1.0,1.0,1.0,,,1,0,0,0
ds2__exp_3_augmented_v6.2_noK__modificate__altro__bruciato__gpt_image_1_5__000034.jpg,1,1,0,1.0,1.0,1.0,1.0,,,1,0,0,0
ds2__exp_3_augmented_v6.2_noK__modificate__altro__bruciato__gpt_image_1_5__000037.jpg,1,1,0,1.0,1.0,1.0,1.0,,,1,0,0,0
ds2__exp_3_augmented_v6.2_noK__modificate__altro__marcio__gpt_image_1_5__000332.jpg,1,1,0,1.0,1.0,1.0,1.0,,,1,0,0,0
ds2__exp_3_augmented_v6.2_noK__modificate__altro__marcio__gpt_image_1_5__000369.jpg,1,1,0,1.0,1.0,1.0,1.0,,,1,0,0,0
ds2__exp_3_augmented_v6.2_noK__modificate__altro__marcio__gpt_image_1_5__000375.jpg,1,1,0,1.0,1.0,1.0,1.0,,,1,0,0,0
ds2__exp_3_augmented_v6.2_noK__modificate__altro__marcio__gpt_image_1_5__000391.jpg,1,1,0,1.0,1.0,1.0,1.0,,,1,0,0,0
ds2__exp_3_augmented_v6.2_noK__modificate__altro__marcio__gpt_image_1_5__000405.jpg,1,1,0,1.0,1.0,1.0,1.0,,,1,0,0,0
ds2__exp_3_augmented_v6.2_noK__modificate__altro__marcio__gpt_image_1_mini__000410.jpg,1,1,0,1.0,1.0,1.0,1.0,,,1,0,0,0
ds2__exp_3_augmented_v6.2_noK__modificate__altro__marcio__gpt_image_1_mini__000413.jpg,1,1,0,1.0,1.0,1.0,1.0,,,1,0,0,0
ds2__exp_3_augmented_v6.2_noK__modificate__altro__marcio__gpt_image_1_mini__000415.jpg,1,1,0,1.0,1.0,1.0,1.0,,,1,0,0,0
ds2__exp_3_augmented_v6.2_noK__modificate__altro__crudo__gpt_image_1_mini__000279.jpg,1,1,0,1.0,1.0,1.0,1.0,,,1,0,0,0
ds2__exp_3_augmented_v6.2_noK__modificate__altro__crudo__gpt_image_1_mini__000280.jpg,1,1,0,1.0,1.0,1.0,1.0,,,1,0,0,0
ds2__exp_3_augmented_v6.2_noK__modificate__altro__crudo__gpt_image_1_mini__000299.jpg,1,1,0,1.0,1.0,1.0,1.0,,,1,0,0,0
ds2__exp_3_augmented_v6.2_noK__modificate__altro__crudo__gpt_image_1_mini__000301.jpg,1,1,0,1.0,1.0,1.0,1.0,,,1,0,0,0
ds2__exp_3_augmented_v6.2_noK__modificate__altro__crudo__gpt_image_1_mini__000302.jpg,1,1,0,1.0,1.0,1.0,1.0,,,1,0,0,0
ds2__exp_3_augmented_v6.2_noK__modificate__altro__insetti__gpt_image_1_mini__000322.jpg,1,1,0,1.0,1.0,1.0,1.0,,,1,0,0,0
ds2__exp_3_augmented_v6.2_noK__modificate__altro__insetti__gpt_image_1_mini__000323.jpg,1,1,0,1.0,1.0,1.0,1.0,,,1,0,0,0
ds2__exp_3_augmented_v6.2_noK__modificate__altro__insetti__gpt_image_1_mini__000326.jpg,1,1,0,1.0,1.0,1.0,1.0,,,1,0,0,0
ds2__exp_3_augmented_v6.2_noK__modificate__altro__crudo__gpt_image_1_5__000211.jpg,1,1,0,1.0,1.0,1.0,1.0,,,1,0,0,0
ds2__exp_3_augmented_v6.2_noK__modificate__altro__crudo__gpt_image_1_5__000214.jpg,1,1,0,1.0,1.0,1.0,1.0,,,1,0,0,0
ds2__exp_3_augmented_v6.2_noK__modificate__altro__crudo__gpt_image_1_5__000221.jpg,1,1,0,1.0,1.0,1.0,1.0,,,1,0,0,0
ds2__exp_3_augmented_v6.2_noK__modificate__altro__crudo__gpt_image_1_5__000222.jpg,1,1,0,1.0,1.0,1.0,1.0,,,1,0,0,0
ds2__exp_3_augmented_v6.2_noK__modificate__altro__crudo__gpt_image_1_5__000230.jpg,1,1,0,1.0,1.0,1.0,1.0,,,1,0,0,0
ds2__exp_3_augmented_v6.2_noK__modificate__altro__crudo__gpt_image_1_mini__000264.jpg,1,1,0,1.0,1.0,1.0,1.0,,,1,0,0,0
ds2__exp_3_augmented_v6.2_noK__modificate__altro__crudo__gpt_image_1_mini__000267.jpg,1,1,0,1.0,1.0,1.0,1.0,,,1,0,0,0
ds2__exp_3_augmented_v6.2_noK__modificate__altro__crudo__gpt_image_1_mini__000269.jpg,1,1,0,1.0,1.0,1.0,1.0,,,1,0,0,0
ds2__exp_3_augmented_v6.2_noK__modificate__altro__crudo__gpt_image_1_5__000192.jpg,1,1,0,1.0,1.0,1.0,1.0,,,1,0,0,0
ds2__exp_3_augmented_v6.2_noK__modificate__altro__crudo__gpt_image_1_5__000195.jpg,1,1,0,1.0,1.0,1.0,1.0,,,1,0,0,0
ds2__exp_3_augmented_v6.2_noK__modificate__altro__crudo__gpt_image_1_5__000196.jpg,1,1,0,1.0,1.0,1.0,1.0,,,1,0,0,0
ds2__exp_3_augmented_v6.2_noK__modificate__altro__crudo__gpt_image_1_5__000201.jpg,1,1,0,1.0,1.0,1.0,1.0,,,1,0,0,0
ds2__exp_3_augmented_v6.2_noK__modificate__altro__crudo__gpt_image_1_5__000202.jpg,1,1,0,1.0,1.0,1.0,1.0,,,1,0,0,0
ds2__exp_3_augmented_v6.2_noK__modificate__altro__crudo__gpt_image_1_5__000203.jpg,1,1,0,1.0,1.0,1.0,1.0,,,1,0,0,0
ds2__exp_3_augmented_v6.2_noK__modificate__altro__crudo__gpt_image_1_5__000206.jpg,1,1,0,1.0,1.0,1.0,1.0,,,1,0,0,0
ds2__exp_3_augmented_v6.2_noK__modificate__altro__crudo__gpt_image_1_5__000210.jpg,1,1,0,1.0,1.0,1.0,1.0,,,1,0,0,0
ds2__exp_3_augmented_v6.2_noK__modificate__burger_panino__bruciato__gpt_image_1_5__000527.jpg,1,1,0,1.0,1.0,1.0,1.0,,,1,0,0,0
ds2__exp_3_augmented_v6.2_noK__modificate__burger_panino__bruciato__gpt_image_1_mini__000530.jpg,1,1,0,1.0,1.0,1.0,1.0,,,1,0,0,0
ds2__exp_3_augmented_v6.2_noK__modificate__burger_panino__bruciato__gpt_image_1_mini__000538.jpg,1,1,0,1.0,1.0,1.0,1.0,,,1,0,0,0
ds2__exp_3_augmented_v6.2_noK__modificate__burger_panino__bruciato__gpt_image_1_mini__000543.jpg,1,1,0,1.0,1.0,1.0,1.0,,,1,0,0,0
ds2__exp_3_augmented_v6.2_noK__modificate__burger_panino__bruciato__gpt_image_1_mini__000544.jpg,1,1,0,1.0,1.0,1.0,1.0,,,1,0,0,0
ds2__exp_3_augmented_v6.2_noK__modificate__burger_panino__bruciato__gpt_image_1_mini__000549.jpg,1,1,0,1.0,1.0,1.0,1.0,,,1,0,0,0
ds2__exp_3_augmented_v6.2_noK__modificate__burger_panino__bruciato__gpt_image_1_mini__000551.jpg,1,1,0,1.0,1.0,1.0,1.0,,,1,0,0,0
ds2__exp_3_augmented_v6.2_noK__modificate__burger_panino__crudo__gpt_image_1_5__000576.jpg,1,1,0,1.0,1.0,1.0,1.0,,,1,0,0,0
ds2__exp_3_augmented_v6.2_noK__modificate__altro__marcio__gpt_image_1_mini__000476.jpg,1,1,0,1.0,1.0,1.0,1.0,,,1,0,0,0
ds2__exp_3_augmented_v6.2_noK__modificate__burger_panino__bruciato__gpt_image_1_5__000480.jpg,1,1,0,1.0,1.0,1.0,1.0,,,1,0,0,0
ds2__exp_3_augmented_v6.2_noK__modificate__burger_panino__bruciato__gpt_image_1_5__000487.jpg,1,1,0,1.0,1.0,1.0,1.0,,,1,0,0,0
ds2__exp_3_augmented_v6.2_noK__modificate__burger_panino__bruciato__gpt_image_1_5__000490.jpg,1,1,0,1.0,1.0,1.0,1.0,,,1,0,0,0
ds2__exp_3_augmented_v6.2_noK__modificate__burger_panino__bruciato__gpt_image_1_5__000494.jpg,1,1,0,1.0,1.0,1.0,1.0,,,1,0,0,0
ds2__exp_3_augmented_v6.2_noK__modificate__burger_panino__bruciato__gpt_image_1_5__000501.jpg,1,1,0,1.0,1.0,1.0,1.0,,,1,0,0,0
ds2__exp_3_augmented_v6.2_noK__modificate__burger_panino__bruciato__gpt_image_1_5__000508.jpg,1,1,0,1.0,1.0,1.0,1.0,,,1,0,0,0
ds2__exp_3_augmented_v6.2_noK__modificate__burger_panino__bruciato__gpt_image_1_5__000521.jpg,1,1,0,1.0,1.0,1.0,1.0,,,1,0,0,0
ds2__exp_3_augmented_v6.2_noK__modificate__altro__marcio__gpt_image_1_mini__000448.jpg,1,1,0,1.0,1.0,1.0,1.0,,,1,0,0,0
ds2__exp_3_augmented_v6.2_noK__modificate__altro__marcio__gpt_image_1_mini__000449.jpg,1,1,0,1.0,1.0,1.0,1.0,,,1,0,0,0
ds2__exp_3_augmented_v6.2_noK__modificate__altro__marcio__gpt_image_1_mini__000464.jpg,1,1,0,1.0,1.0,1.0,1.0,,,1,0,0,0
ds2__exp_3_augmented_v6.2_noK__modificate__altro__marcio__gpt_image_1_mini__000465.jpg,1,1,0,1.0,1.0,1.0,1.0,,,1,0,0,0
ds2__exp_3_augmented_v6.2_noK__modificate__altro__marcio__gpt_image_1_mini__000467.jpg,1,1,0,1.0,1.0,1.0,1.0,,,1,0,0,0
ds2__exp_3_augmented_v6.2_noK__modificate__altro__marcio__gpt_image_1_mini__000468.jpg,1,1,0,1.0,1.0,1.0,1.0,,,1,0,0,0
ds2__exp_3_augmented_v6.2_noK__modificate__altro__marcio__gpt_image_1_mini__000473.jpg,1,1,0,1.0,1.0,1.0,1.0,,,1,0,0,0
ds2__exp_3_augmented_v6.2_noK__modificate__altro__marcio__gpt_image_1_mini__000475.jpg,1,1,0,1.0,1.0,1.0,1.0,,,1,0,0,0
ds2__exp_3_augmented_v6.2_noK__modificate__altro__marcio__gpt_image_1_mini__000417.jpg,1,1,0,1.0,1.0,1.0,1.0,,,1,0,0,0
ds2__exp_3_augmented_v6.2_noK__modificate__altro__marcio__gpt_image_1_mini__000419.jpg,1,1,0,1.0,1.0,1.0,1.0,,,1,0,0,0
ds2__exp_3_augmented_v6.2_noK__modificate__altro__marcio__gpt_image_1_mini__000425.jpg,1,1,0,1.0,1.0,1.0,1.0,,,1,0,0,0
ds2__exp_3_augmented_v6.2_noK__modificate__altro__marcio__gpt_image_1_mini__000436.jpg,1,1,0,1.0,1.0,1.0,1.0,,,1,0,0,0
ds2__exp_3_augmented_v6.2_noK__modificate__altro__marcio__gpt_image_1_mini__000437.jpg,1,1,0,1.0,1.0,1.0,1.0,,,1,0,0,0
ds2__exp_3_augmented_v6.2_noK__modificate__altro__marcio__gpt_image_1_mini__000439.jpg,1,1,0,1.0,1.0,1.0,1.0,,,1,0,0,0
ds2__exp_3_augmented_v6.2_noK__modificate__altro__marcio__gpt_image_1_mini__000442.jpg,1,1,0,1.0,1.0,1.0,1.0,,,1,0,0,0
ds2__exp_3_augmented_v6.2_noK__modificate__altro__marcio__gpt_image_1_mini__000447.jpg,1,1,0,1.0,1.0,1.0,1.0,,,1,0,0,0
ds2__exp_3_augmented_v6.2_noK__modificate__burger_panino__crudo__gpt_image_1_mini__000767.jpg,1,1,0,1.0,1.0,1.0,1.0,,,1,0,0,0
ds2__exp_3_augmented_v6.2_noK__modificate__burger_panino__crudo__gpt_image_1_mini__000775.jpg,1,1,0,1.0,1.0,1.0,1.0,,,1,0,0,0
ds2__exp_3_augmented_v6.2_noK__modificate__burger_panino__crudo__gpt_image_1_mini__000779.jpg,1,1,0,1.0,1.0,1.0,1.0,,,1,0,0,0
ds2__exp_3_augmented_v6.2_noK__modificate__burger_panino__crudo__gpt_image_1_mini__000780.jpg,1,1,0,1.0,1.0,1.0,1.0,,,1,0,0,0
ds2__exp_3_augmented_v6.2_noK__modificate__burger_panino__crudo__gpt_image_1_mini__000781.jpg,1,1,0,1.0,1.0,1.0,1.0,,,1,0,0,0
ds2__exp_3_augmented_v6.2_noK__modificate__burger_panino__crudo__gpt_image_1_mini__000783.jpg,1,1,0,1.0,1.0,1.0,1.0,,,1,0,0,0
ds2__exp_3_augmented_v6.2_noK__modificate__burger_panino__marcio__gpt_image_1_5__000789.jpg,1,1,0,1.0,1.0,1.0,1.0,,,1,0,0,0
ds2__exp_3_augmented_v6.2_noK__modificate__burger_panino__marcio__gpt_image_1_5__000790.jpg,1,1,0,1.0,1.0,1.0,1.0,,,1,0,0,0
ds2__exp_3_augmented_v6.2_noK__modificate__burger_panino__crudo__gpt_image_1_mini__000727.jpg,1,1,0,1.0,1.0,1.0,1.0,,,1,0,0,0
ds2__exp_3_augmented_v6.2_noK__modificate__burger_panino__crudo__gpt_image_1_mini__000732.jpg,1,1,0,1.0,1.0,1.0,1.0,,,1,0,0,0
ds2__exp_3_augmented_v6.2_noK__modificate__burger_panino__crudo__gpt_image_1_mini__000740.jpg,1,1,0,1.0,1.0,1.0,1.0,,,1,0,0,0
ds2__exp_3_augmented_v6.2_noK__modificate__burger_panino__crudo__gpt_image_1_mini__000742.jpg,1,1,0,1.0,1.0,1.0,1.0,,,1,0,0,0
ds2__exp_3_augmented_v6.2_noK__modificate__burger_panino__crudo__gpt_image_1_mini__000754.jpg,1,1,0,1.0,1.0,1.0,1.0,,,1,0,0,0
ds2__exp_3_augmented_v6.2_noK__modificate__burger_panino__crudo__gpt_image_1_mini__000756.jpg,1,1,0,1.0,1.0,1.0,1.0,,,1,0,0,0
ds2__exp_3_augmented_v6.2_noK__modificate__burger_panino__crudo__gpt_image_1_mini__000759.jpg,1,1,0,1.0,1.0,1.0,1.0,,,1,0,0,0
ds2__exp_3_augmented_v6.2_noK__modificate__burger_panino__crudo__gpt_image_1_mini__000764.jpg,1,1,0,1.0,1.0,1.0,1.0,,,1,0,0,0
ds2__exp_3_augmented_v6.2_noK__modificate__burger_panino__crudo__gpt_image_1_mini__000689.jpg,1,1,0,1.0,1.0,1.0,1.0,,,1,0,0,0
ds2__exp_3_augmented_v6.2_noK__modificate__burger_panino__crudo__gpt_image_1_mini__000690.jpg,1,1,0,1.0,1.0,1.0,1.0,,,1,0,0,0
ds2__exp_3_augmented_v6.2_noK__modificate__burger_panino__crudo__gpt_image_1_mini__000693.jpg,1,1,0,1.0,1.0,1.0,1.0,,,1,0,0,0
ds2__exp_3_augmented_v6.2_noK__modificate__burger_panino__crudo__gpt_image_1_mini__000695.jpg,1,1,0,1.0,1.0,1.0,1.0,,,1,0,0,0
ds2__exp_3_augmented_v6.2_noK__modificate__burger_panino__crudo__gpt_image_1_mini__000696.jpg,1,1,0,1.0,1.0,1.0,1.0,,,1,0,0,0
ds2__exp_3_augmented_v6.2_noK__modificate__burger_panino__crudo__gpt_image_1_mini__000708.jpg,1,1,0,1.0,1.0,1.0,1.0,,,1,0,0,0
ds2__exp_3_augmented_v6.2_noK__modificate__burger_panino__crudo__gpt_image_1_mini__000718.jpg,1,1,0,1.0,1.0,1.0,1.0,,,1,0,0,0
ds2__exp_3_augmented_v6.2_noK__modificate__burger_panino__crudo__gpt_image_1_mini__000720.jpg,1,1,0,1.0,1.0,1.0,1.0,,,1,0,0,0
ds2__exp_3_augmented_v6.2_noK__modificate__burger_panino__crudo__gpt_image_1_5__000585.jpg,1,1,0,1.0,1.0,1.0,1.0,,,1,0,0,0
ds2__exp_3_augmented_v6.2_noK__modificate__burger_panino__crudo__gpt_image_1_5__000595.jpg,1,1,0,1.0,1.0,1.0,1.0,,,1,0,0,0
ds2__exp_3_augmented_v6.2_noK__modificate__burger_panino__crudo__gpt_image_1_5__000631.jpg,1,1,0,1.0,1.0,1.0,1.0,,,1,0,0,0
ds2__exp_3_augmented_v6.2_noK__modificate__burger_panino__crudo__gpt_image_1_5__000638.jpg,1,1,0,1.0,1.0,1.0,1.0,,,1,0,0,0
ds2__exp_3_augmented_v6.2_noK__modificate__burger_panino__crudo__gpt_image_1_5__000645.jpg,1,1,0,1.0,1.0,1.0,1.0,,,1,0,0,0
ds2__exp_3_augmented_v6.2_noK__modificate__burger_panino__crudo__gpt_image_1_5__000657.jpg,1,1,0,1.0,1.0,1.0,1.0,,,1,0,0,0
ds2__exp_3_augmented_v6.2_noK__modificate__burger_panino__crudo__gpt_image_1_5__000662.jpg,1,1,0,1.0,1.0,1.0,1.0,,,1,0,0,0
ds2__exp_3_augmented_v6.2_noK__modificate__burger_panino__crudo__gpt_image_1_5__000669.jpg,1,1,0,1.0,1.0,1.0,1.0,,,1,0,0,0
ds2__exp_3_augmented_v6.2_noK__modificate__carne__bruciato__gpt_image_1_5__000956.jpg,1,1,0,1.0,1.0,1.0,1.0,,,1,0,0,0
ds2__exp_3_augmented_v6.2_noK__modificate__carne__bruciato__gpt_image_1_mini__000968.jpg,1,1,0,1.0,1.0,1.0,1.0,,,1,0,0,0
ds2__exp_3_augmented_v6.2_noK__modificate__carne__bruciato__gpt_image_1_mini__000978.jpg,1,1,0,1.0,1.0,1.0,1.0,,,1,0,0,0
ds2__exp_3_augmented_v6.2_noK__modificate__carne__bruciato__gpt_image_1_mini__000993.jpg,1,1,0,1.0,1.0,1.0,1.0,,,1,0,0,0
ds2__exp_3_augmented_v6.2_noK__modificate__carne__bruciato__gpt_image_1_mini__001008.jpg,1,1,0,1.0,1.0,1.0,1.0,,,1,0,0,0
ds2__exp_3_augmented_v6.2_noK__modificate__carne__bruciato__gpt_image_1_mini__001009.jpg,1,1,0,1.0,1.0,1.0,1.0,,,1,0,0,0
ds2__exp_3_augmented_v6.2_noK__modificate__carne__bruciato__gpt_image_1_mini__001018.jpg,1,1,0,1.0,1.0,1.0,1.0,,,1,0,0,0
ds2__exp_3_augmented_v6.2_noK__modificate__carne__bruciato__gpt_image_1_mini__001027.jpg,1,1,0,1.0,1.0,1.0,1.0,,,1,0,0,0
ds2__exp_3_augmented_v6.2_noK__modificate__carne__bruciato__gpt_image_1_5__000896.jpg,1,1,0,1.0,1.0,1.0,1.0,,,1,0,0,0
ds2__exp_3_augmented_v6.2_noK__modificate__carne__bruciato__gpt_image_1_5__000897.jpg,1,1,0,1.0,1.0,1.0,1.0,,,1,0,0,0
ds2__exp_3_augmented_v6.2_noK__modificate__carne__bruciato__gpt_image_1_5__000898.jpg,1,1,0,1.0,1.0,1.0,1.0,,,1,0,0,0
ds2__exp_3_augmented_v6.2_noK__modificate__carne__bruciato__gpt_image_1_5__000902.jpg,1,1,0,1.0,1.0,1.0,1.0,,,1,0,0,0
ds2__exp_3_augmented_v6.2_noK__modificate__carne__bruciato__gpt_image_1_5__000930.jpg,1,1,0,1.0,1.0,1.0,1.0,,,1,0,0,0
ds2__exp_3_augmented_v6.2_noK__modificate__carne__bruciato__gpt_image_1_5__000939.jpg,1,1,0,1.0,1.0,1.0,1.0,,,1,0,0,0
ds2__exp_3_augmented_v6.2_noK__modificate__carne__bruciato__gpt_image_1_5__000943.jpg,1,1,0,1.0,1.0,1.0,1.0,,,1,0,0,0
ds2__exp_3_augmented_v6.2_noK__modificate__carne__bruciato__gpt_image_1_5__000952.jpg,1,1,0,1.0,1.0,1.0,1.0,,,1,0,0,0
ds2__exp_3_augmented_v6.2_noK__modificate__burger_panino__marcio__gpt_image_1_mini__000843.jpg,1,1,0,1.0,1.0,1.0,1.0,,,1,0,0,0
ds2__exp_3_augmented_v6.2_noK__modificate__carne__bruciato__gpt_image_1_5__000851.jpg,1,1,0,1.0,1.0,1.0,1.0,,,1,0,0,0
ds2__exp_3_augmented_v6.2_noK__modificate__carne__bruciato__gpt_image_1_5__000853.jpg,1,1,0,1.0,1.0,1.0,1.0,,,1,0,0,0
ds2__exp_3_augmented_v6.2_noK__modificate__carne__bruciato__gpt_image_1_5__000877.jpg,1,1,0,1.0,1.0,1.0,1.0,,,1,0,0,0
ds2__exp_3_augmented_v6.2_noK__modificate__carne__bruciato__gpt_image_1_5__000878.jpg,1,1,0,1.0,1.0,1.0,1.0,,,1,0,0,0
ds2__exp_3_augmented_v6.2_noK__modificate__carne__bruciato__gpt_image_1_5__000886.jpg,1,1,0,1.0,1.0,1.0,1.0,,,1,0,0,0
ds2__exp_3_augmented_v6.2_noK__modificate__carne__bruciato__gpt_image_1_5__000894.jpg,1,1,0,1.0,1.0,1.0,1.0,,,1,0,0,0
ds2__exp_3_augmented_v6.2_noK__modificate__carne__bruciato__gpt_image_1_5__000895.jpg,1,1,0,1.0,1.0,1.0,1.0,,,1,0,0,0
ds2__exp_3_augmented_v6.2_noK__modificate__burger_panino__marcio__gpt_image_1_5__000793.jpg,1,1,0,1.0,1.0,1.0,1.0,,,1,0,0,0
ds2__exp_3_augmented_v6.2_noK__modificate__burger_panino__marcio__gpt_image_1_5__000806.jpg,1,1,0,1.0,1.0,1.0,1.0,,,1,0,0,0
ds2__exp_3_augmented_v6.2_noK__modificate__burger_panino__marcio__gpt_image_1_mini__000817.jpg,1,1,0,1.0,1.0,1.0,1.0,,,1,0,0,0
ds2__exp_3_augmented_v6.2_noK__modificate__burger_panino__marcio__gpt_image_1_mini__000820.jpg,1,1,0,1.0,1.0,1.0,1.0,,,1,0,0,0
ds2__exp_3_augmented_v6.2_noK__modificate__burger_panino__marcio__gpt_image_1_mini__000823.jpg,1,1,0,1.0,1.0,1.0,1.0,,,1,0,0,0
ds2__exp_3_augmented_v6.2_noK__modificate__burger_panino__marcio__gpt_image_1_mini__000831.jpg,1,1,0,1.0,1.0,1.0,1.0,,,1,0,0,0
ds2__exp_3_augmented_v6.2_noK__modificate__burger_panino__marcio__gpt_image_1_mini__000832.jpg,1,1,0,1.0,1.0,1.0,1.0,,,1,0,0,0
ds2__exp_3_augmented_v6.2_noK__modificate__burger_panino__marcio__gpt_image_1_mini__000839.jpg,1,1,0,1.0,1.0,1.0,1.0,,,1,0,0,0
ds2__exp_3_augmented_v6.2_noK__modificate__carne__crudo__gpt_image_1_5__001141.jpg,1,1,0,1.0,1.0,1.0,1.0,,,1,0,0,0
ds2__exp_3_augmented_v6.2_noK__modificate__carne__crudo__gpt_image_1_5__001147.jpg,1,1,0,1.0,1.0,1.0,1.0,,,1,0,0,0
ds2__exp_3_augmented_v6.2_noK__modificate__carne__crudo__gpt_image_1_5__001156.jpg,1,1,0,1.0,1.0,1.0,1.0,,,1,0,0,0
ds2__exp_3_augmented_v6.2_noK__modificate__carne__crudo__gpt_image_1_5__001167.jpg,1,1,0,1.0,1.0,1.0,1.0,,,1,0,0,0
ds2__exp_3_augmented_v6.2_noK__modificate__carne__crudo__gpt_image_1_5__001171.jpg,1,1,0,1.0,1.0,1.0,1.0,,,1,0,0,0
ds2__exp_3_augmented_v6.2_noK__modificate__carne__crudo__gpt_image_1_5__001172.jpg,1,1,0,1.0,1.0,1.0,1.0,,,1,0,0,0
ds2__exp_3_augmented_v6.2_noK__modificate__carne__crudo__gpt_image_1_5__001179.jpg,1,1,0,1.0,1.0,1.0,1.0,,,1,0,0,0
ds2__exp_3_augmented_v6.2_noK__modificate__carne__crudo__gpt_image_1_5__001183.jpg,1,1,0,1.0,1.0,1.0,1.0,,,1,0,0,0
ds2__exp_3_augmented_v6.2_noK__modificate__carne__crudo__gpt_image_1_5__001097.jpg,1,1,0,1.0,1.0,1.0,1.0,,,1,0,0,0
ds2__exp_3_augmented_v6.2_noK__modificate__carne__crudo__gpt_image_1_5__001103.jpg,1,1,0,1.0,1.0,1.0,1.0,,,1,0,0,0
ds2__exp_3_augmented_v6.2_noK__modificate__carne__crudo__gpt_image_1_5__001112.jpg,1,1,0,1.0,1.0,1.0,1.0,,,1,0,0,0
ds2__exp_3_augmented_v6.2_noK__modificate__carne__crudo__gpt_image_1_5__001113.jpg,1,1,0,1.0,1.0,1.0,1.0,,,1,0,0,0
ds2__exp_3_augmented_v6.2_noK__modificate__carne__crudo__gpt_image_1_5__001119.jpg,1,1,0,1.0,1.0,1.0,1.0,,,1,0,0,0
ds2__exp_3_augmented_v6.2_noK__modificate__carne__crudo__gpt_image_1_5__001124.jpg,1,1,0,1.0,1.0,1.0,1.0,,,1,0,0,0
ds2__exp_3_augmented_v6.2_noK__modificate__carne__crudo__gpt_image_1_5__001131.jpg,1,1,0,1.0,1.0,1.0,1.0,,,1,0,0,0
ds2__exp_3_augmented_v6.2_noK__modificate__carne__crudo__gpt_image_1_5__001140.jpg,1,1,0,1.0,1.0,1.0,1.0,,,1,0,0,0
ds2__exp_3_augmented_v6.2_noK__modificate__carne__bruciato__gpt_image_1_mini__001050.jpg,1,1,0,1.0,1.0,1.0,1.0,,,1,0,0,0
ds2__exp_3_augmented_v6.2_noK__modificate__carne__bruciato__gpt_image_1_mini__001055.jpg,1,1,0,1.0,1.0,1.0,1.0,,,1,0,0,0
ds2__exp_3_augmented_v6.2_noK__modificate__carne__bruciato__gpt_image_1_mini__001057.jpg,1,1,0,1.0,1.0,1.0,1.0,,,1,0,0,0
ds2__exp_3_augmented_v6.2_noK__modificate__carne__bruciato__gpt_image_1_mini__001058.jpg,1,1,0,1.0,1.0,1.0,1.0,,,1,0,0,0
ds2__exp_3_augmented_v6.2_noK__modificate__carne__bruciato__gpt_image_1_mini__001060.jpg,1,1,0,1.0,1.0,1.0,1.0,,,1,0,0,0
ds2__exp_3_augmented_v6.2_noK__modificate__carne__bruciato__gpt_image_1_mini__001067.jpg,1,1,0,1.0,1.0,1.0,1.0,,,1,0,0,0
ds2__exp_3_augmented_v6.2_noK__modificate__carne__bruciato__gpt_image_1_mini__001073.jpg,1,1,0,1.0,1.0,1.0,1.0,,,1,0,0,0
ds2__exp_3_augmented_v6.2_noK__modificate__carne__crudo__gpt_image_1_5__001090.jpg,1,1,0,1.0,1.0,1.0,1.0,,,1,0,0,0
ds2__exp_3_augmented_v6.2_noK__modificate__carne__bruciato__gpt_image_1_mini__001028.jpg,1,1,0,1.0,1.0,1.0,1.0,,,1,0,0,0
ds2__exp_3_augmented_v6.2_noK__modificate__carne__bruciato__gpt_image_1_mini__001030.jpg,1,1,0,1.0,1.0,1.0,1.0,,,1,0,0,0
ds2__exp_3_augmented_v6.2_noK__modificate__carne__bruciato__gpt_image_1_mini__001031.jpg,1,1,0,1.0,1.0,1.0,1.0,,,1,0,0,0
ds2__exp_3_augmented_v6.2_noK__modificate__carne__bruciato__gpt_image_1_mini__001035.jpg,1,1,0,1.0,1.0,1.0,1.0,,,1,0,0,0
ds2__exp_3_augmented_v6.2_noK__modificate__carne__bruciato__gpt_image_1_mini__001038.jpg,1,1,0,1.0,1.0,1.0,1.0,,,1,0,0,0
ds2__exp_3_augmented_v6.2_noK__modificate__carne__bruciato__gpt_image_1_mini__001039.jpg,1,1,0,1.0,1.0,1.0,1.0,,,1,0,0,0
ds2__exp_3_augmented_v6.2_noK__modificate__carne__bruciato__gpt_image_1_mini__001045.jpg,1,1,0,1.0,1.0,1.0,1.0,,,1,0,0,0
ds2__exp_3_augmented_v6.2_noK__modificate__carne__bruciato__gpt_image_1_mini__001049.jpg,1,1,0,1.0,1.0,1.0,1.0,,,1,0,0,0
ds2__exp_3_augmented_v6.2_noK__modificate__dessert__bruciato__gpt_image_1_5__001334.jpg,1,1,0,1.0,1.0,1.0,1.0,,,1,0,0,0
ds2__exp_3_augmented_v6.2_noK__modificate__dessert__bruciato__gpt_image_1_mini__001338.jpg,1,1,0,1.0,1.0,1.0,1.0,,,1,0,0,0
ds2__exp_3_augmented_v6.2_noK__modificate__dessert__bruciato__gpt_image_1_mini__001344.jpg,1,1,0,1.0,1.0,1.0,1.0,,,1,0,0,0
ds2__exp_3_augmented_v6.2_noK__modificate__dessert__bruciato__gpt_image_1_mini__001347.jpg,1,1,0,1.0,1.0,1.0,1.0,,,1,0,0,0
ds2__exp_3_augmented_v6.2_noK__modificate__dessert__marcio__gpt_image_1_5__001361.jpg,1,1,0,1.0,1.0,1.0,1.0,,,1,0,0,0
ds2__exp_3_augmented_v6.2_noK__modificate__dessert__marcio__gpt_image_1_5__001363.jpg,1,1,0,1.0,1.0,1.0,1.0,,,1,0,0,0
ds2__exp_3_augmented_v6.2_noK__modificate__dessert__marcio__gpt_image_1_5__001365.jpg,1,1,0,1.0,1.0,1.0,1.0,,,1,0,0,0
ds2__exp_3_augmented_v6.2_noK__modificate__fritti__bruciato__gpt_image_1_5__001386.jpg,1,1,0,1.0,1.0,1.0,1.0,,,1,0,0,0
ds2__exp_3_augmented_v6.2_noK__modificate__carne__crudo__gpt_image_1_mini__001265.jpg,1,1,0,1.0,1.0,1.0,1.0,,,1,0,0,0
ds2__exp_3_augmented_v6.2_noK__modificate__carne__crudo__gpt_image_1_mini__001267.jpg,1,1,0,1.0,1.0,1.0,1.0,,,1,0,0,0
ds2__exp_3_augmented_v6.2_noK__modificate__carne__crudo__gpt_image_1_mini__001279.jpg,1,1,0,1.0,1.0,1.0,1.0,,,1,0,0,0
ds2__exp_3_augmented_v6.2_noK__modificate__carne__marcio__gpt_image_1_5__001284.jpg,1,1,0,1.0,1.0,1.0,1.0,,,1,0,0,0
ds2__exp_3_augmented_v6.2_noK__modificate__carne__marcio__gpt_image_1_mini__001298.jpg,1,1,0,1.0,1.0,1.0,1.0,,,1,0,0,0
ds2__exp_3_augmented_v6.2_noK__modificate__carne__marcio__gpt_image_1_mini__001303.jpg,1,1,0,1.0,1.0,1.0,1.0,,,1,0,0,0
ds2__exp_3_augmented_v6.2_noK__modificate__dessert__ammuffito__gpt_image_1_mini__001313.jpg,1,1,0,1.0,1.0,1.0,1.0,,,1,0,0,0
ds2__exp_3_augmented_v6.2_noK__modificate__dessert__bruciato__gpt_image_1_5__001325.jpg,1,1,0,1.0,1.0,1.0,1.0,,,1,0,0,0
ds2__exp_3_augmented_v6.2_noK__modificate__carne__crudo__gpt_image_1_mini__001222.jpg,1,1,0,1.0,1.0,1.0,1.0,,,1,0,0,0
ds2__exp_3_augmented_v6.2_noK__modificate__carne__crudo__gpt_image_1_mini__001223.jpg,1,1,0,1.0,1.0,1.0,1.0,,,1,0,0,0
ds2__exp_3_augmented_v6.2_noK__modificate__carne__crudo__gpt_image_1_mini__001225.jpg,1,1,0,1.0,1.0,1.0,1.0,,,1,0,0,0
ds2__exp_3_augmented_v6.2_noK__modificate__carne__crudo__gpt_image_1_mini__001226.jpg,1,1,0,1.0,1.0,1.0,1.0,,,1,0,0,0
ds2__exp_3_augmented_v6.2_noK__modificate__carne__crudo__gpt_image_1_mini__001229.jpg,1,1,0,1.0,1.0,1.0,1.0,,,1,0,0,0
ds2__exp_3_augmented_v6.2_noK__modificate__carne__crudo__gpt_image_1_mini__001239.jpg,1,1,0,1.0,1.0,1.0,1.0,,,1,0,0,0
ds2__exp_3_augmented_v6.2_noK__modificate__carne__crudo__gpt_image_1_mini__001248.jpg,1,1,0,1.0,1.0,1.0,1.0,,,1,0,0,0
ds2__exp_3_augmented_v6.2_noK__modificate__carne__crudo__gpt_image_1_mini__001260.jpg,1,1,0,1.0,1.0,1.0,1.0,,,1,0,0,0
ds2__exp_3_augmented_v6.2_noK__modificate__carne__crudo__gpt_image_1_mini__001185.jpg,1,1,0,1.0,1.0,1.0,1.0,,,1,0,0,0
ds2__exp_3_augmented_v6.2_noK__modificate__carne__crudo__gpt_image_1_mini__001189.jpg,1,1,0,1.0,1.0,1.0,1.0,,,1,0,0,0
ds2__exp_3_augmented_v6.2_noK__modificate__carne__crudo__gpt_image_1_mini__001190.jpg,1,1,0,1.0,1.0,1.0,1.0,,,1,0,0,0
ds2__exp_3_augmented_v6.2_noK__modificate__carne__crudo__gpt_image_1_mini__001196.jpg,1,1,0,1.0,1.0,1.0,1.0,,,1,0,0,0
ds2__exp_3_augmented_v6.2_noK__modificate__carne__crudo__gpt_image_1_mini__001199.jpg,1,1,0,1.0,1.0,1.0,1.0,,,1,0,0,0
ds2__exp_3_augmented_v6.2_noK__modificate__carne__crudo__gpt_image_1_mini__001212.jpg,1,1,0,1.0,1.0,1.0,1.0,,,1,0,0,0
ds2__exp_3_augmented_v6.2_noK__modificate__carne__crudo__gpt_image_1_mini__001215.jpg,1,1,0,1.0,1.0,1.0,1.0,,,1,0,0,0
ds2__exp_3_augmented_v6.2_noK__modificate__carne__crudo__gpt_image_1_mini__001219.jpg,1,1,0,1.0,1.0,1.0,1.0,,,1,0,0,0
ds2__exp_3_augmented_v6.2_noK__modificate__frutta_verdura__insetti__gpt_image_1_5__001589.jpg,1,1,0,1.0,1.0,1.0,1.0,,,1,0,0,0
ds2__exp_3_augmented_v6.2_noK__modificate__frutta_verdura__insetti__gpt_image_1_mini__001604.jpg,1,1,0,1.0,1.0,1.0,1.0,,,1,0,0,0
ds2__exp_3_augmented_v6.2_noK__modificate__frutta_verdura__marcio__gpt_image_1_5__001612.jpg,1,1,0,1.0,1.0,1.0,1.0,,,1,0,0,0
ds2__exp_3_augmented_v6.2_noK__modificate__frutta_verdura__marcio__gpt_image_1_5__001628.jpg,1,1,0,1.0,1.0,1.0,1.0,,,1,0,0,0
ds2__exp_3_augmented_v6.2_noK__modificate__frutta_verdura__marcio__gpt_image_1_5__001632.jpg,1,1,0,1.0,1.0,1.0,1.0,,,1,0,0,0
ds2__exp_3_augmented_v6.2_noK__modificate__frutta_verdura__marcio__gpt_image_1_5__001635.jpg,1,1,0,1.0,1.0,1.0,1.0,,,1,0,0,0
ds2__exp_3_augmented_v6.2_noK__modificate__frutta_verdura__marcio__gpt_image_1_5__001638.jpg,1,1,0,1.0,1.0,1.0,1.0,,,1,0,0,0
ds2__exp_3_augmented_v6.2_noK__modificate__frutta_verdura__marcio__gpt_image_1_5__001642.jpg,1,1,0,1.0,1.0,1.0,1.0,,,1,0,0,0
ds2__exp_3_augmented_v6.2_noK__modificate__frutta_verdura__bruciato__gpt_image_1_5__001528.jpg,1,1,0,1.0,1.0,1.0,1.0,,,1,0,0,0
ds2__exp_3_augmented_v6.2_noK__modificate__frutta_verdura__bruciato__gpt_image_1_5__001531.jpg,1,1,0,1.0,1.0,1.0,1.0,,,1,0,0,0
ds2__exp_3_augmented_v6.2_noK__modificate__frutta_verdura__bruciato__gpt_image_1_mini__001537.jpg,1,1,0,1.0,1.0,1.0,1.0,,,1,0,0,0
ds2__exp_3_augmented_v6.2_noK__modificate__frutta_verdura__bruciato__gpt_image_1_mini__001538.jpg,1,1,0,1.0,1.0,1.0,1.0,,,1,0,0,0
ds2__exp_3_augmented_v6.2_noK__modificate__frutta_verdura__crudo__gpt_image_1_5__001548.jpg,1,1,0,1.0,1.0,1.0,1.0,,,1,0,0,0
ds2__exp_3_augmented_v6.2_noK__modificate__frutta_verdura__crudo__gpt_image_1_5__001556.jpg,1,1,0,1.0,1.0,1.0,1.0,,,1,0,0,0
ds2__exp_3_augmented_v6.2_noK__modificate__frutta_verdura__crudo__gpt_image_1_mini__001568.jpg,1,1,0,1.0,1.0,1.0,1.0,,,1,0,0,0
ds2__exp_3_augmented_v6.2_noK__modificate__frutta_verdura__crudo__gpt_image_1_mini__001569.jpg,1,1,0,1.0,1.0,1.0,1.0,,,1,0,0,0
ds2__exp_3_augmented_v6.2_noK__modificate__fritti__crudo__gpt_image_1_mini__001468.jpg,1,1,0,1.0,1.0,1.0,1.0,,,1,0,0,0
ds2__exp_3_augmented_v6.2_noK__modificate__fritti__crudo__gpt_image_1_mini__001475.jpg,1,1,0,1.0,1.0,1.0,1.0,,,1,0,0,0
ds2__exp_3_augmented_v6.2_noK__modificate__fritti__crudo__gpt_image_1_mini__001476.jpg,1,1,0,1.0,1.0,1.0,1.0,,,1,0,0,0
ds2__exp_3_augmented_v6.2_noK__modificate__frutta_verdura__ammuffito__gpt_image_1_5__001483.jpg,1,1,0,1.0,1.0,1.0,1.0,,,1,0,0,0
ds2__exp_3_augmented_v6.2_noK__modificate__frutta_verdura__ammuffito__gpt_image_1_5__001484.jpg,1,1,0,1.0,1.0,1.0,1.0,,,1,0,0,0
ds2__exp_3_augmented_v6.2_noK__modificate__frutta_verdura__ammuffito__gpt_image_1_5__001488.jpg,1,1,0,1.0,1.0,1.0,1.0,,,1,0,0,0
ds2__exp_3_augmented_v6.2_noK__modificate__frutta_verdura__ammuffito__gpt_image_1_mini__001508.jpg,1,1,0,1.0,1.0,1.0,1.0,,,1,0,0,0
ds2__exp_3_augmented_v6.2_noK__modificate__frutta_verdura__ammuffito__gpt_image_1_mini__001522.jpg,1,1,0,1.0,1.0,1.0,1.0,,,1,0,0,0
ds2__exp_3_augmented_v6.2_noK__modificate__fritti__bruciato__gpt_image_1_5__001390.jpg,1,1,0,1.0,1.0,1.0,1.0,,,1,0,0,0
ds2__exp_3_augmented_v6.2_noK__modificate__fritti__bruciato__gpt_image_1_mini__001411.jpg,1,1,0,1.0,1.0,1.0,1.0,,,1,0,0,0
ds2__exp_3_augmented_v6.2_noK__modificate__fritti__bruciato__gpt_image_1_mini__001421.jpg,1,1,0,1.0,1.0,1.0,1.0,,,1,0,0,0
ds2__exp_3_augmented_v6.2_noK__modificate__fritti__bruciato__gpt_image_1_mini__001425.jpg,1,1,0,1.0,1.0,1.0,1.0,,,1,0,0,0
ds2__exp_3_augmented_v6.2_noK__modificate__fritti__crudo__gpt_image_1_5__001438.jpg,1,1,0,1.0,1.0,1.0,1.0,,,1,0,0,0
ds2__exp_3_augmented_v6.2_noK__modificate__fritti__crudo__gpt_image_1_5__001450.jpg,1,1,0,1.0,1.0,1.0,1.0,,,1,0,0,0
ds2__exp_3_augmented_v6.2_noK__modificate__fritti__crudo__gpt_image_1_5__001452.jpg,1,1,0,1.0,1.0,1.0,1.0,,,1,0,0,0
ds2__exp_3_augmented_v6.2_noK__modificate__fritti__crudo__gpt_image_1_mini__001467.jpg,1,1,0,1.0,1.0,1.0,1.0,,,1,0,0,0
ds2__exp_3_augmented_v6.2_noK__modificate__pasta__crudo__gpt_image_1_5__001771.jpg,1,1,0,1.0,1.0,1.0,1.0,,,1,0,0,0
ds2__exp_3_augmented_v6.2_noK__modificate__pasta__crudo__gpt_image_1_5__001781.jpg,1,1,0,1.0,1.0,1.0,1.0,,,1,0,0,0
ds2__exp_3_augmented_v6.2_noK__modificate__pasta__crudo__gpt_image_1_5__001783.jpg,1,1,0,1.0,1.0,1.0,1.0,,,1,0,0,0
ds2__exp_3_augmented_v6.2_noK__modificate__pasta__crudo__gpt_image_1_5__001789.jpg,1,1,0,1.0,1.0,1.0,1.0,,,1,0,0,0
ds2__exp_3_augmented_v6.2_noK__modificate__pasta__crudo__gpt_image_1_5__001831.jpg,1,1,0,1.0,1.0,1.0,1.0,,,1,0,0,0
ds2__exp_3_augmented_v6.2_noK__modificate__pasta__crudo__gpt_image_1_5__001833.jpg,1,1,0,1.0,1.0,1.0,1.0,,,1,0,0,0
ds2__exp_3_augmented_v6.2_noK__modificate__pasta__crudo__gpt_image_1_mini__001841.jpg,1,1,0,1.0,1.0,1.0,1.0,,,1,0,0,0
ds2__exp_3_augmented_v6.2_noK__modificate__pasta__crudo__gpt_image_1_mini__001842.jpg,1,1,0,1.0,1.0,1.0,1.0,,,1,0,0,0
ds2__exp_3_augmented_v6.2_noK__modificate__insalata__marcio__gpt_image_1_mini__001732.jpg,1,1,0,1.0,1.0,1.0,1.0,,,1,0,0,0
ds2__exp_3_augmented_v6.2_noK__modificate__pasta__bruciato__gpt_image_1_5__001747.jpg,1,1,0,1.0,1.0,1.0,1.0,,,1,0,0,0
ds2__exp_3_augmented_v6.2_noK__modificate__pasta__bruciato__gpt_image_1_5__001748.jpg,1,1,0,1.0,1.0,1.0,1.0,,,1,0,0,0
ds2__exp_3_augmented_v6.2_noK__modificate__pasta__bruciato__gpt_image_1_5__001750.jpg,1,1,0,1.0,1.0,1.0,1.0,,,1,0,0,0
ds2__exp_3_augmented_v6.2_noK__modificate__pasta__bruciato__gpt_image_1_mini__001754.jpg,1,1,0,1.0,1.0,1.0,1.0,,,1,0,0,0
ds2__exp_3_augmented_v6.2_noK__modificate__pasta__bruciato__gpt_image_1_mini__001756.jpg,1,1,0,1.0,1.0,1.0,1.0,,,1,0,0,0
ds2__exp_3_augmented_v6.2_noK__modificate__pasta__bruciato__gpt_image_1_mini__001757.jpg,1,1,0,1.0,1.0,1.0,1.0,,,1,0,0,0
ds2__exp_3_augmented_v6.2_noK__modificate__pasta__bruciato__gpt_image_1_mini__001761.jpg,1,1,0,1.0,1.0,1.0,1.0,,,1,0,0,0
ds2__exp_3_augmented_v6.2_noK__modificate__frutta_verdura__marcio__gpt_image_1_mini__001698.jpg,1,1,0,1.0,1.0,1.0,1.0,,,1,0,0,0
ds2__exp_3_augmented_v6.2_noK__modificate__insalata__insetti__gpt_image_1_5__001705.jpg,1,1,0,1.0,1.0,1.0,1.0,,,1,0,0,0
ds2__exp_3_augmented_v6.2_noK__modificate__insalata__insetti__gpt_image_1_mini__001712.jpg,1,1,0,1.0,1.0,1.0,1.0,,,1,0,0,0
ds2__exp_3_augmented_v6.2_noK__modificate__insalata__insetti__gpt_image_1_mini__001713.jpg,1,1,0,1.0,1.0,1.0,1.0,,,1,0,0,0
ds2__exp_3_augmented_v6.2_noK__modificate__insalata__insetti__gpt_image_1_mini__001719.jpg,1,1,0,1.0,1.0,1.0,1.0,,,1,0,0,0
ds2__exp_3_augmented_v6.2_noK__modificate__insalata__marcio__gpt_image_1_5__001720.jpg,1,1,0,0.0,0.0,0.0,0.0,,,0,0,0,1
ds2__exp_3_augmented_v6.2_noK__modificate__insalata__marcio__gpt_image_1_5__001726.jpg,1,1,0,0.0,0.0,0.0,0.0,,,0,0,0,1
ds2__exp_3_augmented_v6.2_noK__modificate__insalata__marcio__gpt_image_1_5__001727.jpg,1,1,0,0.0,0.0,0.0,0.0,,,0,0,0,1
ds2__exp_3_augmented_v6.2_noK__modificate__frutta_verdura__marcio__gpt_image_1_5__001645.jpg,1,1,0,1.0,1.0,1.0,1.0,,,1,0,0,0
ds2__exp_3_augmented_v6.2_noK__modificate__frutta_verdura__marcio__gpt_image_1_5__001648.jpg,1,1,0,1.0,1.0,1.0,1.0,,,1,0,0,0
ds2__exp_3_augmented_v6.2_noK__modificate__frutta_verdura__marcio__gpt_image_1_5__001649.jpg,1,1,0,1.0,1.0,1.0,1.0,,,1,0,0,0
ds2__exp_3_augmented_v6.2_noK__modificate__frutta_verdura__marcio__gpt_image_1_mini__001661.jpg,1,1,0,1.0,1.0,1.0,1.0,,,1,0,0,0
ds2__exp_3_augmented_v6.2_noK__modificate__frutta_verdura__marcio__gpt_image_1_mini__001672.jpg,1,1,0,1.0,1.0,1.0,1.0,,,1,0,0,0
ds2__exp_3_augmented_v6.2_noK__modificate__frutta_verdura__marcio__gpt_image_1_mini__001689.jpg,1,1,0,1.0,1.0,1.0,1.0,,,1,0,0,0
ds2__exp_3_augmented_v6.2_noK__modificate__frutta_verdura__marcio__gpt_image_1_mini__001694.jpg,1,1,0,1.0,1.0,1.0,1.0,,,1,0,0,0
ds2__exp_3_augmented_v6.2_noK__modificate__frutta_verdura__marcio__gpt_image_1_mini__001697.jpg,1,1,0,1.0,1.0,1.0,1.0,,,1,0,0,0
ds2__exp_3_augmented_v6.2_noK__modificate__pasta__marcio__gpt_image_1_mini__002016.jpg,1,1,0,1.0,1.0,1.0,1.0,,,1,0,0,0
ds2__exp_3_augmented_v6.2_noK__modificate__pasta__marcio__gpt_image_1_mini__002026.jpg,1,1,0,1.0,1.0,1.0,1.0,,,1,0,0,0
ds2__exp_3_augmented_v6.2_noK__modificate__pasta__marcio__gpt_image_1_mini__002033.jpg,1,1,0,1.0,1.0,1.0,1.0,,,1,0,0,0
ds2__exp_3_augmented_v6.2_noK__modificate__pasta__marcio__gpt_image_1_mini__002035.jpg,1,1,0,1.0,1.0,1.0,1.0,,,1,0,0,0
ds2__exp_3_augmented_v6.2_noK__modificate__pasta__marcio__gpt_image_1_mini__002047.jpg,1,1,0,1.0,1.0,1.0,1.0,,,1,0,0,0
ds2__exp_3_augmented_v6.2_noK__modificate__pasta__marcio__gpt_image_1_mini__002048.jpg,1,1,0,1.0,1.0,1.0,1.0,,,1,0,0,0
ds2__exp_3_augmented_v6.2_noK__modificate__pasta__marcio__gpt_image_1_mini__002049.jpg,1,1,0,1.0,1.0,1.0,1.0,,,1,0,0,0
ds2__exp_3_augmented_v6.2_noK__modificate__pasta__marcio__gpt_image_1_mini__002052.jpg,1,1,0,1.0,1.0,1.0,1.0,,,1,0,0,0
ds2__exp_3_augmented_v6.2_noK__modificate__pasta__marcio__gpt_image_1_5__001977.jpg,1,1,0,1.0,1.0,1.0,1.0,,,1,0,0,0
ds2__exp_3_augmented_v6.2_noK__modificate__pasta__marcio__gpt_image_1_5__001982.jpg,1,1,0,1.0,1.0,1.0,1.0,,,1,0,0,0
ds2__exp_3_augmented_v6.2_noK__modificate__pasta__marcio__gpt_image_1_5__001983.jpg,1,1,0,1.0,1.0,1.0,1.0,,,1,0,0,0
ds2__exp_3_augmented_v6.2_noK__modificate__pasta__marcio__gpt_image_1_5__001991.jpg,1,1,0,1.0,1.0,1.0,1.0,,,1,0,0,0
ds2__exp_3_augmented_v6.2_noK__modificate__pasta__marcio__gpt_image_1_mini__001993.jpg,1,1,0,1.0,1.0,1.0,1.0,,,1,0,0,0
ds2__exp_3_augmented_v6.2_noK__modificate__pasta__marcio__gpt_image_1_mini__002003.jpg,1,1,0,1.0,1.0,1.0,1.0,,,1,0,0,0
ds2__exp_3_augmented_v6.2_noK__modificate__pasta__marcio__gpt_image_1_mini__002005.jpg,1,1,0,1.0,1.0,1.0,1.0,,,1,0,0,0
ds2__exp_3_augmented_v6.2_noK__modificate__pasta__marcio__gpt_image_1_mini__002013.jpg,1,1,0,1.0,1.0,1.0,1.0,,,1,0,0,0
ds2__exp_3_augmented_v6.2_noK__modificate__pasta__marcio__gpt_image_1_5__001918.jpg,1,1,0,1.0,1.0,1.0,1.0,,,1,0,0,0
ds2__exp_3_augmented_v6.2_noK__modificate__pasta__marcio__gpt_image_1_5__001926.jpg,1,1,0,1.0,1.0,1.0,1.0,,,1,0,0,0
ds2__exp_3_augmented_v6.2_noK__modificate__pasta__marcio__gpt_image_1_5__001927.jpg,1,1,0,1.0,1.0,1.0,1.0,,,1,0,0,0
ds2__exp_3_augmented_v6.2_noK__modificate__pasta__marcio__gpt_image_1_5__001956.jpg,1,1,0,1.0,1.0,1.0,1.0,,,1,0,0,0
ds2__exp_3_augmented_v6.2_noK__modificate__pasta__marcio__gpt_image_1_5__001960.jpg,1,1,0,1.0,1.0,1.0,1.0,,,1,0,0,0
ds2__exp_3_augmented_v6.2_noK__modificate__pasta__marcio__gpt_image_1_5__001964.jpg,1,1,0,1.0,1.0,1.0,1.0,,,1,0,0,0
ds2__exp_3_augmented_v6.2_noK__modificate__pasta__marcio__gpt_image_1_5__001975.jpg,1,1,0,1.0,1.0,1.0,1.0,,,1,0,0,0
ds2__exp_3_augmented_v6.2_noK__modificate__pasta__marcio__gpt_image_1_5__001976.jpg,1,1,0,1.0,1.0,1.0,1.0,,,1,0,0,0
ds2__exp_3_augmented_v6.2_noK__modificate__pasta__crudo__gpt_image_1_mini__001854.jpg,1,1,0,1.0,1.0,1.0,1.0,,,1,0,0,0
ds2__exp_3_augmented_v6.2_noK__modificate__pasta__crudo__gpt_image_1_mini__001869.jpg,1,1,0,1.0,1.0,1.0,1.0,,,1,0,0,0
ds2__exp_3_augmented_v6.2_noK__modificate__pasta__crudo__gpt_image_1_mini__001877.jpg,1,1,0,1.0,1.0,1.0,1.0,,,1,0,0,0
ds2__exp_3_augmented_v6.2_noK__modificate__pasta__crudo__gpt_image_1_mini__001881.jpg,1,1,0,1.0,1.0,1.0,1.0,,,1,0,0,0
ds2__exp_3_augmented_v6.2_noK__modificate__pasta__crudo__gpt_image_1_mini__001886.jpg,1,1,0,1.0,1.0,1.0,1.0,,,1,0,0,0
ds2__exp_3_augmented_v6.2_noK__modificate__pasta__crudo__gpt_image_1_mini__001896.jpg,1,1,0,1.0,1.0,1.0,1.0,,,1,0,0,0
ds2__exp_3_augmented_v6.2_noK__modificate__pasta__crudo__gpt_image_1_mini__001906.jpg,1,1,0,1.0,1.0,1.0,1.0,,,1,0,0,0
ds2__exp_3_augmented_v6.2_noK__modificate__pasta__marcio__gpt_image_1_5__001917.jpg,1,1,0,1.0,1.0,1.0,1.0,,,1,0,0,0
ds2__exp_3_augmented_v6.2_noK__modificate__pizza__bruciato__gpt_image_1_mini__002194.jpg,1,1,0,1.0,1.0,1.0,1.0,,,1,0,0,0
ds2__exp_3_augmented_v6.2_noK__modificate__pizza__bruciato__gpt_image_1_mini__002198.jpg,1,1,0,1.0,1.0,1.0,1.0,,,1,0,0,0
ds2__exp_3_augmented_v6.2_noK__modificate__pizza__bruciato__gpt_image_1_mini__002199.jpg,1,1,0,1.0,1.0,1.0,1.0,,,1,0,0,0
ds2__exp_3_augmented_v6.2_noK__modificate__pizza__bruciato__gpt_image_1_mini__002207.jpg,1,1,0,1.0,1.0,1.0,1.0,,,1,0,0,0
ds2__exp_3_augmented_v6.2_noK__modificate__pizza__bruciato__gpt_image_1_mini__002218.jpg,1,1,0,1.0,1.0,1.0,1.0,,,1,0,0,0
ds2__exp_3_augmented_v6.2_noK__modificate__pizza__bruciato__gpt_image_1_mini__002219.jpg,1,1,0,1.0,1.0,1.0,1.0,,,1,0,0,0
ds2__exp_3_augmented_v6.2_noK__modificate__pizza__bruciato__gpt_image_1_mini__002222.jpg,1,1,0,1.0,1.0,1.0,1.0,,,1,0,0,0
ds2__exp_3_augmented_v6.2_noK__modificate__pizza__crudo__gpt_image_1_5__002227.jpg,1,1,0,1.0,1.0,1.0,1.0,,,1,0,0,0
ds2__exp_3_augmented_v6.2_noK__modificate__pizza__bruciato__gpt_image_1_5__002136.jpg,1,1,0,1.0,1.0,1.0,1.0,,,1,0,0,0
ds2__exp_3_augmented_v6.2_noK__modificate__pizza__bruciato__gpt_image_1_5__002138.jpg,1,1,0,1.0,1.0,1.0,1.0,,,1,0,0,0
ds2__exp_3_augmented_v6.2_noK__modificate__pizza__bruciato__gpt_image_1_5__002144.jpg,1,1,0,1.0,1.0,1.0,1.0,,,1,0,0,0
ds2__exp_3_augmented_v6.2_noK__modificate__pizza__bruciato__gpt_image_1_5__002147.jpg,1,1,0,1.0,1.0,1.0,1.0,,,1,0,0,0
ds2__exp_3_augmented_v6.2_noK__modificate__pizza__bruciato__gpt_image_1_5__002152.jpg,1,1,0,1.0,1.0,1.0,1.0,,,1,0,0,0
ds2__exp_3_augmented_v6.2_noK__modificate__pizza__bruciato__gpt_image_1_5__002156.jpg,1,1,0,1.0,1.0,1.0,1.0,,,1,0,0,0
ds2__exp_3_augmented_v6.2_noK__modificate__pizza__bruciato__gpt_image_1_5__002157.jpg,1,1,0,1.0,1.0,1.0,1.0,,,1,0,0,0
ds2__exp_3_augmented_v6.2_noK__modificate__pizza__bruciato__gpt_image_1_mini__002186.jpg,1,1,0,1.0,1.0,1.0,1.0,,,1,0,0,0
ds2__exp_3_augmented_v6.2_noK__modificate__patatine__crudo__gpt_image_1_5__002096.jpg,1,1,0,1.0,1.0,1.0,1.0,,,1,0,0,0
ds2__exp_3_augmented_v6.2_noK__modificate__patatine__crudo__gpt_image_1_5__002102.jpg,1,1,0,1.0,1.0,1.0,1.0,,,1,0,0,0
ds2__exp_3_augmented_v6.2_noK__modificate__patatine__crudo__gpt_image_1_mini__002107.jpg,1,1,0,1.0,1.0,1.0,1.0,,,1,0,0,0
ds2__exp_3_augmented_v6.2_noK__modificate__patatine__crudo__gpt_image_1_mini__002110.jpg,1,1,0,1.0,1.0,1.0,1.0,,,1,0,0,0
ds2__exp_3_augmented_v6.2_noK__modificate__pizza__ammuffito__gpt_image_1_mini__002122.jpg,1,1,0,1.0,1.0,1.0,1.0,,,1,0,0,0
ds2__exp_3_augmented_v6.2_noK__modificate__pizza__ammuffito__gpt_image_1_mini__002123.jpg,1,1,0,1.0,1.0,1.0,1.0,,,1,0,0,0
ds2__exp_3_augmented_v6.2_noK__modificate__pizza__ammuffito__gpt_image_1_mini__002125.jpg,1,1,0,1.0,1.0,1.0,1.0,,,1,0,0,0
ds2__exp_3_augmented_v6.2_noK__modificate__pizza__bruciato__gpt_image_1_5__002129.jpg,1,1,0,1.0,1.0,1.0,1.0,,,1,0,0,0
ds2__exp_3_augmented_v6.2_noK__modificate__pasta__marcio__gpt_image_1_mini__002059.jpg,1,1,0,1.0,1.0,1.0,1.0,,,1,0,0,0
ds2__exp_3_augmented_v6.2_noK__modificate__pasta__marcio__gpt_image_1_mini__002061.jpg,1,1,0,1.0,1.0,1.0,1.0,,,1,0,0,0
ds2__exp_3_augmented_v6.2_noK__modificate__patatine__bruciato__gpt_image_1_5__002073.jpg,1,1,0,1.0,1.0,1.0,1.0,,,1,0,0,0
ds2__exp_3_augmented_v6.2_noK__modificate__patatine__bruciato__gpt_image_1_5__002079.jpg,1,1,0,1.0,1.0,1.0,1.0,,,1,0,0,0
ds2__exp_3_augmented_v6.2_noK__modificate__patatine__bruciato__gpt_image_1_mini__002080.jpg,1,1,0,1.0,1.0,1.0,1.0,,,1,0,0,0
ds2__exp_3_augmented_v6.2_noK__modificate__patatine__bruciato__gpt_image_1_mini__002084.jpg,1,1,0,1.0,1.0,1.0,1.0,,,1,0,0,0
ds2__exp_3_augmented_v6.2_noK__modificate__patatine__bruciato__gpt_image_1_mini__002088.jpg,1,1,0,1.0,1.0,1.0,1.0,,,1,0,0,0
ds2__exp_3_augmented_v6.2_noK__modificate__patatine__bruciato__gpt_image_1_mini__002094.jpg,1,1,0,1.0,1.0,1.0,1.0,,,1,0,0,0
ds2__exp_3_augmented_v6.2_noK__modificate__riso_paella__bruciato__gpt_image_1_mini__002393.jpg,1,1,0,1.0,1.0,1.0,1.0,,,1,0,0,0
ds2__exp_3_augmented_v6.2_noK__modificate__riso_paella__bruciato__gpt_image_1_mini__002398.jpg,1,1,0,1.0,1.0,1.0,1.0,,,1,0,0,0
ds2__exp_3_augmented_v6.2_noK__modificate__riso_paella__bruciato__gpt_image_1_mini__002401.jpg,1,1,0,1.0,1.0,1.0,1.0,,,1,0,0,0
ds2__exp_3_augmented_v6.2_noK__modificate__riso_paella__bruciato__gpt_image_1_mini__002409.jpg,1,1,0,1.0,1.0,1.0,1.0,,,1,0,0,0
ds2__exp_3_augmented_v6.2_noK__modificate__riso_paella__bruciato__gpt_image_1_mini__002413.jpg,1,1,0,1.0,1.0,1.0,1.0,,,1,0,0,0
ds2__exp_3_augmented_v6.2_noK__modificate__riso_paella__bruciato__gpt_image_1_mini__002415.jpg,1,1,0,1.0,1.0,1.0,1.0,,,1,0,0,0
ds2__exp_3_augmented_v6.2_noK__modificate__riso_paella__bruciato__gpt_image_1_mini__002426.jpg,1,1,0,1.0,1.0,1.0,1.0,,,1,0,0,0
ds2__exp_3_augmented_v6.2_noK__modificate__riso_paella__bruciato__gpt_image_1_mini__002430.jpg,1,1,0,1.0,1.0,1.0,1.0,,,1,0,0,0
ds2__exp_3_augmented_v6.2_noK__modificate__riso_paella__bruciato__gpt_image_1_5__002351.jpg,1,1,0,1.0,1.0,1.0,1.0,,,1,0,0,0
ds2__exp_3_augmented_v6.2_noK__modificate__riso_paella__bruciato__gpt_image_1_5__002365.jpg,1,1,0,1.0,1.0,1.0,1.0,,,1,0,0,0
ds2__exp_3_augmented_v6.2_noK__modificate__riso_paella__bruciato__gpt_image_1_5__002366.jpg,1,1,0,1.0,1.0,1.0,1.0,,,1,0,0,0
ds2__exp_3_augmented_v6.2_noK__modificate__riso_paella__bruciato__gpt_image_1_5__002375.jpg,1,1,0,1.0,1.0,1.0,1.0,,,1,0,0,0
ds2__exp_3_augmented_v6.2_noK__modificate__riso_paella__bruciato__gpt_image_1_5__002380.jpg,1,1,0,1.0,1.0,1.0,1.0,,,1,0,0,0
ds2__exp_3_augmented_v6.2_noK__modificate__riso_paella__bruciato__gpt_image_1_5__002382.jpg,1,1,0,1.0,1.0,1.0,1.0,,,1,0,0,0
ds2__exp_3_augmented_v6.2_noK__modificate__riso_paella__bruciato__gpt_image_1_5__002386.jpg,1,1,0,1.0,1.0,1.0,1.0,,,1,0,0,0
ds2__exp_3_augmented_v6.2_noK__modificate__riso_paella__bruciato__gpt_image_1_5__002391.jpg,1,1,0,1.0,1.0,1.0,1.0,,,1,0,0,0
ds2__exp_3_augmented_v6.2_noK__modificate__pizza__crudo__gpt_image_1_mini__002281.jpg,1,1,0,1.0,1.0,1.0,1.0,,,1,0,0,0
ds2__exp_3_augmented_v6.2_noK__modificate__pizza__crudo__gpt_image_1_mini__002292.jpg,1,1,0,1.0,1.0,1.0,1.0,,,1,0,0,0
ds2__exp_3_augmented_v6.2_noK__modificate__pizza__crudo__gpt_image_1_mini__002304.jpg,1,1,0,1.0,1.0,1.0,1.0,,,1,0,0,0
ds2__exp_3_augmented_v6.2_noK__modificate__riso_paella__ammuffito__gpt_image_1_5__002318.jpg,1,1,0,1.0,1.0,1.0,1.0,,,1,0,0,0
ds2__exp_3_augmented_v6.2_noK__modificate__riso_paella__ammuffito__gpt_image_1_5__002320.jpg,1,1,0,1.0,1.0,1.0,1.0,,,1,0,0,0
ds2__exp_3_augmented_v6.2_noK__modificate__riso_paella__ammuffito__gpt_image_1_mini__002343.jpg,1,1,0,1.0,1.0,1.0,1.0,,,1,0,0,0
ds2__exp_3_augmented_v6.2_noK__modificate__riso_paella__bruciato__gpt_image_1_5__002348.jpg,1,1,0,1.0,1.0,1.0,1.0,,,1,0,0,0
ds2__exp_3_augmented_v6.2_noK__modificate__riso_paella__bruciato__gpt_image_1_5__002349.jpg,1,1,0,1.0,1.0,1.0,1.0,,,1,0,0,0
ds2__exp_3_augmented_v6.2_noK__modificate__pizza__crudo__gpt_image_1_5__002230.jpg,1,1,0,1.0,1.0,1.0,1.0,,,1,0,0,0
ds2__exp_3_augmented_v6.2_noK__modificate__pizza__crudo__gpt_image_1_5__002234.jpg,1,1,0,1.0,1.0,1.0,1.0,,,1,0,0,0
ds2__exp_3_augmented_v6.2_noK__modificate__pizza__crudo__gpt_image_1_5__002238.jpg,1,1,0,1.0,1.0,1.0,1.0,,,1,0,0,0
ds2__exp_3_augmented_v6.2_noK__modificate__pizza__crudo__gpt_image_1_5__002243.jpg,1,1,0,1.0,1.0,1.0,1.0,,,1,0,0,0
ds2__exp_3_augmented_v6.2_noK__modificate__pizza__crudo__gpt_image_1_5__002244.jpg,1,1,0,1.0,1.0,1.0,1.0,,,1,0,0,0
ds2__exp_3_augmented_v6.2_noK__modificate__pizza__crudo__gpt_image_1_5__002257.jpg,1,1,0,1.0,1.0,1.0,1.0,,,1,0,0,0
ds2__exp_3_augmented_v6.2_noK__modificate__pizza__crudo__gpt_image_1_mini__002271.jpg,1,1,0,1.0,1.0,1.0,1.0,,,1,0,0,0
ds2__exp_3_augmented_v6.2_noK__modificate__pizza__crudo__gpt_image_1_mini__002278.jpg,1,1,0,1.0,1.0,1.0,1.0,,,1,0,0,0
ds2__exp_3_augmented_v6.2_noK__modificate__sushi__insetti__gpt_image_1_mini__002598.jpg,1,1,0,1.0,1.0,1.0,1.0,,,1,0,0,0
ds2__exp_3_augmented_v6.2_noK__modificate__sushi__marcio__gpt_image_1_5__002601.jpg,1,1,0,1.0,1.0,1.0,1.0,,,1,0,0,0
ds2__exp_3_augmented_v6.2_noK__modificate__sushi__marcio__gpt_image_1_5__002611.jpg,1,1,0,1.0,1.0,1.0,1.0,,,1,0,0,0
ds2__exp_3_augmented_v6.2_noK__modificate__sushi__marcio__gpt_image_1_mini__002626.jpg,1,1,0,1.0,1.0,1.0,1.0,,,1,0,0,0
ds2__exp_3_augmented_v6.2_noK__modificate__sushi__marcio__gpt_image_1_mini__002632.jpg,1,1,0,1.0,1.0,1.0,1.0,,,1,0,0,0
ds2__exp_3_augmented_v6.2_noK__modificate__sushi__marcio__gpt_image_1_mini__002639.jpg,1,1,0,1.0,1.0,1.0,1.0,,,1,0,0,0
ds2__exp_3_augmented_v6.2_noK__modificate__sushi__marcio__gpt_image_1_mini__002644.jpg,1,1,0,1.0,1.0,1.0,1.0,,,1,0,0,0
ds2__exp_3_augmented_v6.2_noK__modificate__sushi__marcio__gpt_image_1_mini__002647.jpg,1,1,0,1.0,1.0,1.0,1.0,,,1,0,0,0
ds2__exp_3_augmented_v6.2_noK__modificate__riso_paella__crudo__gpt_image_1_mini__002526.jpg,1,1,0,1.0,1.0,1.0,1.0,,,1,0,0,0
ds2__exp_3_augmented_v6.2_noK__modificate__riso_paella__crudo__gpt_image_1_mini__002529.jpg,1,1,0,1.0,1.0,1.0,1.0,,,1,0,0,0
ds2__exp_3_augmented_v6.2_noK__modificate__riso_paella__marcio__gpt_image_1_5__002543.jpg,1,1,0,1.0,1.0,1.0,1.0,,,1,0,0,0
ds2__exp_3_augmented_v6.2_noK__modificate__riso_paella__marcio__gpt_image_1_5__002551.jpg,1,1,0,1.0,1.0,1.0,1.0,,,1,0,0,0
ds2__exp_3_augmented_v6.2_noK__modificate__riso_paella__marcio__gpt_image_1_mini__002557.jpg,1,1,0,1.0,1.0,1.0,1.0,,,1,0,0,0
ds2__exp_3_augmented_v6.2_noK__modificate__sushi__crudo__gpt_image_1_5__002574.jpg,1,1,0,1.0,1.0,1.0,1.0,,,1,0,0,0
ds2__exp_3_augmented_v6.2_noK__modificate__sushi__crudo__gpt_image_1_mini__002576.jpg,1,1,0,1.0,1.0,1.0,1.0,,,1,0,0,0
ds2__exp_3_augmented_v6.2_noK__modificate__sushi__insetti__gpt_image_1_5__002589.jpg,1,1,0,1.0,1.0,1.0,1.0,,,1,0,0,0
ds2__exp_3_augmented_v6.2_noK__modificate__riso_paella__crudo__gpt_image_1_5__002487.jpg,1,1,0,1.0,1.0,1.0,1.0,,,1,0,0,0
ds2__exp_3_augmented_v6.2_noK__modificate__riso_paella__crudo__gpt_image_1_mini__002491.jpg,1,1,0,1.0,1.0,1.0,1.0,,,1,0,0,0
ds2__exp_3_augmented_v6.2_noK__modificate__riso_paella__crudo__gpt_image_1_mini__002496.jpg,1,1,0,1.0,1.0,1.0,1.0,,,1,0,0,0
ds2__exp_3_augmented_v6.2_noK__modificate__riso_paella__crudo__gpt_image_1_mini__002503.jpg,1,1,0,1.0,1.0,1.0,1.0,,,1,0,0,0
ds2__exp_3_augmented_v6.2_noK__modificate__riso_paella__crudo__gpt_image_1_mini__002505.jpg,1,1,0,1.0,1.0,1.0,1.0,,,1,0,0,0
ds2__exp_3_augmented_v6.2_noK__modificate__riso_paella__crudo__gpt_image_1_mini__002509.jpg,1,1,0,1.0,1.0,1.0,1.0,,,1,0,0,0
ds2__exp_3_augmented_v6.2_noK__modificate__riso_paella__crudo__gpt_image_1_mini__002513.jpg,1,1,0,1.0,1.0,1.0,1.0,,,1,0,0,0
ds2__exp_3_augmented_v6.2_noK__modificate__riso_paella__crudo__gpt_image_1_mini__002516.jpg,1,1,0,1.0,1.0,1.0,1.0,,,1,0,0,0
ds2__exp_3_augmented_v6.2_noK__modificate__riso_paella__bruciato__gpt_image_1_mini__002437.jpg,1,1,0,1.0,1.0,1.0,1.0,,,1,0,0,0
ds2__exp_3_augmented_v6.2_noK__modificate__riso_paella__crudo__gpt_image_1_5__002443.jpg,1,1,0,1.0,1.0,1.0,1.0,,,1,0,0,0
ds2__exp_3_augmented_v6.2_noK__modificate__riso_paella__crudo__gpt_image_1_5__002452.jpg,1,1,0,1.0,1.0,1.0,1.0,,,1,0,0,0
ds2__exp_3_augmented_v6.2_noK__modificate__riso_paella__crudo__gpt_image_1_5__002458.jpg,1,1,0,1.0,1.0,1.0,1.0,,,1,0,0,0
ds2__exp_3_augmented_v6.2_noK__modificate__riso_paella__crudo__gpt_image_1_5__002466.jpg,1,1,0,1.0,1.0,1.0,1.0,,,1,0,0,0
ds2__exp_3_augmented_v6.2_noK__modificate__riso_paella__crudo__gpt_image_1_5__002472.jpg,1,1,0,1.0,1.0,1.0,1.0,,,1,0,0,0
ds2__exp_3_augmented_v6.2_noK__modificate__riso_paella__crudo__gpt_image_1_5__002480.jpg,1,1,0,1.0,1.0,1.0,1.0,,,1,0,0,0
ds2__exp_3_augmented_v6.2_noK__modificate__riso_paella__crudo__gpt_image_1_5__002481.jpg,1,1,0,1.0,1.0,1.0,1.0,,,1,0,0,0
ds3__platsim_raw_vale_id__modificate__altro__insetti__gpt_image_1_mini__000124.jpg,1,1,0,1.0,1.0,1.0,1.0,,,1,0,0,0
ds3__platsim_raw_vale_id__modificate__altro__marcio__gpt_image_1_5__000127.jpg,1,1,0,1.0,1.0,1.0,1.0,,,1,0,0,0
ds3__platsim_raw_vale_id__modificate__altro__marcio__gpt_image_1_5__000131.jpg,1,1,0,1.0,1.0,1.0,1.0,,,1,0,0,0
ds3__platsim_raw_vale_id__modificate__altro__marcio__gpt_image_1_5__000136.jpg,1,1,0,1.0,1.0,1.0,1.0,,,1,0,0,0
ds3__platsim_raw_vale_id__modificate__altro__marcio__gpt_image_1_5__000137.jpg,1,1,0,1.0,1.0,1.0,1.0,,,1,0,0,0
ds3__platsim_raw_vale_id__modificate__altro__marcio__gpt_image_1_5__000139.jpg,1,1,0,1.0,1.0,1.0,1.0,,,1,0,0,0
ds3__platsim_raw_vale_id__modificate__altro__marcio__gpt_image_1_5__000144.jpg,1,1,0,1.0,1.0,1.0,1.0,,,1,0,0,0
ds3__platsim_raw_vale_id__modificate__altro__marcio__gpt_image_1_5__000147.jpg,1,1,0,1.0,1.0,1.0,1.0,,,1,0,0,0
ds3__platsim_raw_vale_id__modificate__altro__insetti__gpt_image_1_5__000095.jpg,1,1,0,1.0,1.0,1.0,1.0,,,1,0,0,0
ds3__platsim_raw_vale_id__modificate__altro__insetti__gpt_image_1_5__000097.jpg,1,1,0,1.0,1.0,1.0,1.0,,,1,0,0,0
ds3__platsim_raw_vale_id__modificate__altro__insetti__gpt_image_1_5__000099.jpg,1,1,0,1.0,1.0,1.0,1.0,,,1,0,0,0
ds3__platsim_raw_vale_id__modificate__altro__insetti__gpt_image_1_5__000102.jpg,1,1,0,1.0,1.0,1.0,1.0,,,1,0,0,0
ds3__platsim_raw_vale_id__modificate__altro__insetti__gpt_image_1_5__000103.jpg,1,1,0,1.0,1.0,1.0,1.0,,,1,0,0,0
ds3__platsim_raw_vale_id__modificate__altro__insetti__gpt_image_1_5__000108.jpg,1,1,0,1.0,1.0,1.0,1.0,,,1,0,0,0
ds3__platsim_raw_vale_id__modificate__altro__insetti__gpt_image_1_5__000112.jpg,1,1,0,1.0,1.0,1.0,1.0,,,1,0,0,0
ds3__platsim_raw_vale_id__modificate__altro__insetti__gpt_image_1_mini__000122.jpg,1,1,0,1.0,1.0,1.0,1.0,,,1,0,0,0
ds3__platsim_raw_vale_id__modificate__altro__bruciato__gpt_image_1_mini__000048.jpg,1,1,0,1.0,1.0,1.0,1.0,,,1,0,0,0
ds3__platsim_raw_vale_id__modificate__altro__crudo__gpt_image_1_5__000054.jpg,1,1,0,1.0,1.0,1.0,1.0,,,1,0,0,0
ds3__platsim_raw_vale_id__modificate__altro__crudo__gpt_image_1_5__000060.jpg,1,1,0,1.0,1.0,1.0,1.0,,,1,0,0,0
ds3__platsim_raw_vale_id__modificate__altro__crudo__gpt_image_1_5__000070.jpg,1,1,0,1.0,1.0,1.0,1.0,,,1,0,0,0
ds3__platsim_raw_vale_id__modificate__altro__crudo__gpt_image_1_5__000076.jpg,1,1,0,1.0,1.0,1.0,1.0,,,1,0,0,0
ds3__platsim_raw_vale_id__modificate__altro__crudo__gpt_image_1_5__000078.jpg,1,1,0,1.0,1.0,1.0,1.0,,,1,0,0,0
ds3__platsim_raw_vale_id__modificate__altro__crudo__gpt_image_1_mini__000082.jpg,1,1,0,1.0,1.0,1.0,1.0,,,1,0,0,0
ds3__platsim_raw_vale_id__modificate__altro__insetti__gpt_image_1_5__000094.jpg,1,1,0,1.0,1.0,1.0,1.0,,,1,0,0,0
ds3__platsim_raw_vale_id__modificate__altro__bruciato__gpt_image_1_5__000009.jpg,1,1,0,1.0,1.0,1.0,1.0,,,1,0,0,0
ds3__platsim_raw_vale_id__modificate__altro__bruciato__gpt_image_1_5__000013.jpg,1,1,0,1.0,1.0,1.0,1.0,,,1,0,0,0
ds3__platsim_raw_vale_id__modificate__altro__bruciato__gpt_image_1_5__000024.jpg,1,1,0,0.0,0.0,0.0,0.0,,,0,0,0,1
ds3__platsim_raw_vale_id__modificate__altro__bruciato__gpt_image_1_5__000027.jpg,1,1,0,1.0,1.0,1.0,1.0,,,1,0,0,0
ds3__platsim_raw_vale_id__modificate__altro__bruciato__gpt_image_1_5__000032.jpg,1,1,0,0.0,0.0,0.0,0.0,,,0,0,0,1
ds3__platsim_raw_vale_id__modificate__altro__bruciato__gpt_image_1_5__000037.jpg,1,1,0,1.0,1.0,1.0,1.0,,,1,0,0,0
ds3__platsim_raw_vale_id__modificate__altro__bruciato__gpt_image_1_5__000038.jpg,1,1,0,1.0,1.0,1.0,1.0,,,1,0,0,0
ds3__platsim_raw_vale_id__modificate__altro__bruciato__gpt_image_1_mini__000042.jpg,1,1,0,1.0,1.0,1.0,1.0,,,1,0,0,0
ds3__platsim_raw_vale_id__modificate__burger__panino__marcio__gpt_image_1_mini__000287.jpg,1,1,0,1.0,1.0,1.0,1.0,,,1,0,0,0
ds3__platsim_raw_vale_id__modificate__carne__bruciato__gpt_image_1_5__000302.jpg,1,1,0,1.0,1.0,1.0,1.0,,,1,0,0,0
ds3__platsim_raw_vale_id__modificate__carne__bruciato__gpt_image_1_5__000305.jpg,1,1,0,1.0,1.0,1.0,1.0,,,1,0,0,0
ds3__platsim_raw_vale_id__modificate__carne__bruciato__gpt_image_1_5__000317.jpg,1,1,0,1.0,1.0,1.0,1.0,,,1,0,0,0
ds3__platsim_raw_vale_id__modificate__carne__crudo__gpt_image_1_5__000328.jpg,1,1,0,1.0,1.0,1.0,1.0,,,1,0,0,0
ds3__platsim_raw_vale_id__modificate__carne__crudo__gpt_image_1_5__000330.jpg,1,1,0,1.0,1.0,1.0,1.0,,,1,0,0,0
ds3__platsim_raw_vale_id__modificate__carne__crudo__gpt_image_1_5__000331.jpg,1,1,0,1.0,1.0,1.0,1.0,,,1,0,0,0
ds3__platsim_raw_vale_id__modificate__carne__crudo__gpt_image_1_5__000341.jpg,1,1,0,1.0,1.0,1.0,1.0,,,1,0,0,0
ds3__platsim_raw_vale_id__modificate__burger__panino__crudo__gpt_image_1_5__000258.jpg,1,1,0,1.0,1.0,1.0,1.0,,,1,0,0,0
ds3__platsim_raw_vale_id__modificate__burger__panino__crudo__gpt_image_1_5__000260.jpg,1,1,0,1.0,1.0,1.0,1.0,,,1,0,0,0
ds3__platsim_raw_vale_id__modificate__burger__panino__crudo__gpt_image_1_5__000266.jpg,1,1,0,1.0,1.0,1.0,1.0,,,1,0,0,0
ds3__platsim_raw_vale_id__modificate__burger__panino__crudo__gpt_image_1_mini__000270.jpg,1,1,0,1.0,1.0,1.0,1.0,,,1,0,0,0
ds3__platsim_raw_vale_id__modificate__burger__panino__crudo__gpt_image_1_mini__000274.jpg,1,1,0,1.0,1.0,1.0,1.0,,,1,0,0,0
ds3__platsim_raw_vale_id__modificate__burger__panino__insetti__gpt_image_1_5__000276.jpg,1,1,0,1.0,1.0,1.0,1.0,,,1,0,0,0
ds3__platsim_raw_vale_id__modificate__burger__panino__marcio__gpt_image_1_5__000284.jpg,1,1,0,1.0,1.0,1.0,1.0,,,1,0,0,0
ds3__platsim_raw_vale_id__modificate__burger__panino__marcio__gpt_image_1_5__000286.jpg,1,1,0,1.0,1.0,1.0,1.0,,,1,0,0,0
ds3__platsim_raw_vale_id__modificate__altro__marcio__gpt_image_1_mini__000211.jpg,1,1,0,1.0,1.0,1.0,1.0,,,1,0,0,0
ds3__platsim_raw_vale_id__modificate__altro__marcio__gpt_image_1_mini__000226.jpg,1,1,0,1.0,1.0,1.0,1.0,,,1,0,0,0
ds3__platsim_raw_vale_id__modificate__altro__marcio__gpt_image_1_mini__000227.jpg,1,1,0,1.0,1.0,1.0,1.0,,,1,0,0,0
ds3__platsim_raw_vale_id__modificate__burger__panino__bruciato__gpt_image_1_5__000230.jpg,1,1,0,1.0,1.0,1.0,1.0,,,1,0,0,0
ds3__platsim_raw_vale_id__modificate__burger__panino__bruciato__gpt_image_1_5__000235.jpg,1,1,0,1.0,1.0,1.0,1.0,,,1,0,0,0
ds3__platsim_raw_vale_id__modificate__burger__panino__crudo__gpt_image_1_5__000246.jpg,1,1,0,1.0,1.0,1.0,1.0,,,1,0,0,0
ds3__platsim_raw_vale_id__modificate__burger__panino__crudo__gpt_image_1_5__000247.jpg,1,1,0,0.0,0.0,0.0,0.0,,,0,0,0,1
ds3__platsim_raw_vale_id__modificate__burger__panino__crudo__gpt_image_1_5__000252.jpg,1,1,0,1.0,1.0,1.0,1.0,,,1,0,0,0
ds3__platsim_raw_vale_id__modificate__altro__marcio__gpt_image_1_5__000160.jpg,1,1,0,0.0,0.0,0.0,0.0,,,0,0,0,1
ds3__platsim_raw_vale_id__modificate__altro__marcio__gpt_image_1_5__000164.jpg,1,1,0,1.0,1.0,1.0,1.0,,,1,0,0,0
ds3__platsim_raw_vale_id__modificate__altro__marcio__gpt_image_1_5__000168.jpg,1,1,0,1.0,1.0,1.0,1.0,,,1,0,0,0
ds3__platsim_raw_vale_id__modificate__altro__marcio__gpt_image_1_5__000177.jpg,1,1,0,1.0,1.0,1.0,1.0,,,1,0,0,0
ds3__platsim_raw_vale_id__modificate__altro__marcio__gpt_image_1_5__000187.jpg,1,1,0,1.0,1.0,1.0,1.0,,,1,0,0,0
ds3__platsim_raw_vale_id__modificate__altro__marcio__gpt_image_1_5__000189.jpg,1,1,0,1.0,1.0,1.0,1.0,,,1,0,0,0
ds3__platsim_raw_vale_id__modificate__altro__marcio__gpt_image_1_5__000200.jpg,1,1,0,1.0,1.0,1.0,1.0,,,1,0,0,0
ds3__platsim_raw_vale_id__modificate__altro__marcio__gpt_image_1_mini__000207.jpg,1,1,0,1.0,1.0,1.0,1.0,,,1,0,0,0
ds3__platsim_raw_vale_id__modificate__pasta__crudo__gpt_image_1_5__000543.jpg,1,1,0,1.0,1.0,1.0,1.0,,,1,0,0,0
ds3__platsim_raw_vale_id__modificate__pasta__crudo__gpt_image_1_5__000548.jpg,1,1,0,0.0,0.0,0.0,0.0,,,0,0,0,1
ds3__platsim_raw_vale_id__modificate__pasta__crudo__gpt_image_1_5__000552.jpg,1,1,0,1.0,1.0,1.0,1.0,,,1,0,0,0
ds3__platsim_raw_vale_id__modificate__pasta__crudo__gpt_image_1_5__000554.jpg,1,1,0,1.0,1.0,1.0,1.0,,,1,0,0,0
ds3__platsim_raw_vale_id__modificate__pasta__crudo__gpt_image_1_5__000561.jpg,1,1,0,0.0,0.0,0.0,0.0,,,0,0,0,1
ds3__platsim_raw_vale_id__modificate__pasta__crudo__gpt_image_1_5__000565.jpg,1,1,0,1.0,1.0,1.0,1.0,,,1,0,0,0
ds3__platsim_raw_vale_id__modificate__pasta__crudo__gpt_image_1_5__000566.jpg,1,1,0,1.0,1.0,1.0,1.0,,,1,0,0,0
ds3__platsim_raw_vale_id__modificate__pasta__crudo__gpt_image_1_mini__000576.jpg,1,1,0,1.0,1.0,1.0,1.0,,,1,0,0,0
ds3__platsim_raw_vale_id__modificate__fritti__crudo__gpt_image_1_mini__000465.jpg,1,1,0,1.0,1.0,1.0,1.0,,,1,0,0,0
ds3__platsim_raw_vale_id__modificate__kebab__crudo__gpt_image_1_mini__000487.jpg,1,1,0,1.0,1.0,1.0,1.0,,,1,0,0,0
ds3__platsim_raw_vale_id__modificate__pasta__bruciato__gpt_image_1_5__000492.jpg,1,1,0,1.0,1.0,1.0,1.0,,,1,0,0,0
ds3__platsim_raw_vale_id__modificate__pasta__bruciato__gpt_image_1_mini__000513.jpg,1,1,0,1.0,1.0,1.0,1.0,,,1,0,0,0
ds3__platsim_raw_vale_id__modificate__pasta__crudo__gpt_image_1_5__000523.jpg,1,1,0,1.0,1.0,1.0,1.0,,,1,0,0,0
ds3__platsim_raw_vale_id__modificate__pasta__crudo__gpt_image_1_5__000531.jpg,1,1,0,1.0,1.0,1.0,1.0,,,1,0,0,0
ds3__platsim_raw_vale_id__modificate__pasta__crudo__gpt_image_1_5__000535.jpg,1,1,0,1.0,1.0,1.0,1.0,,,1,0,0,0
ds3__platsim_raw_vale_id__modificate__pasta__crudo__gpt_image_1_5__000536.jpg,1,1,0,1.0,1.0,1.0,1.0,,,1,0,0,0
ds3__platsim_raw_vale_id__modificate__dessert__crudo__gpt_image_1_5__000408.jpg,1,1,0,1.0,1.0,1.0,1.0,,,1,0,0,0
ds3__platsim_raw_vale_id__modificate__dessert__marcio__gpt_image_1_5__000424.jpg,1,1,0,1.0,1.0,1.0,1.0,,,1,0,0,0
ds3__platsim_raw_vale_id__modificate__dessert__marcio__gpt_image_1_5__000426.jpg,1,1,0,0.0,0.0,0.0,0.0,,,0,0,0,1
ds3__platsim_raw_vale_id__modificate__dessert__marcio__gpt_image_1_5__000427.jpg,1,1,0,1.0,1.0,1.0,1.0,,,1,0,0,0
ds3__platsim_raw_vale_id__modificate__dessert__marcio__gpt_image_1_5__000428.jpg,1,1,0,1.0,1.0,1.0,1.0,,,1,0,0,0
ds3__platsim_raw_vale_id__modificate__dessert__marcio__gpt_image_1_mini__000439.jpg,1,1,0,0.0,0.0,0.0,0.0,,,0,0,0,1
ds3__platsim_raw_vale_id__modificate__fritti__bruciato__gpt_image_1_5__000442.jpg,1,1,0,1.0,1.0,1.0,1.0,,,1,0,0,0
ds3__platsim_raw_vale_id__modificate__fritti__crudo__gpt_image_1_5__000454.jpg,1,1,0,1.0,1.0,1.0,1.0,,,1,0,0,0
ds3__platsim_raw_vale_id__modificate__carne__crudo__gpt_image_1_5__000342.jpg,1,1,0,1.0,1.0,1.0,1.0,,,1,0,0,0
ds3__platsim_raw_vale_id__modificate__carne__crudo__gpt_image_1_5__000351.jpg,1,1,0,1.0,1.0,1.0,1.0,,,1,0,0,0
ds3__platsim_raw_vale_id__modificate__carne__crudo__gpt_image_1_5__000358.jpg,1,1,0,1.0,1.0,1.0,1.0,,,1,0,0,0
ds3__platsim_raw_vale_id__modificate__carne__marcio__gpt_image_1_5__000375.jpg,1,1,0,1.0,1.0,1.0,1.0,,,1,0,0,0
ds3__platsim_raw_vale_id__modificate__dessert__bruciato__gpt_image_1_5__000392.jpg,1,1,0,1.0,1.0,1.0,1.0,,,1,0,0,0
ds3__platsim_raw_vale_id__modificate__dessert__bruciato__gpt_image_1_5__000399.jpg,1,1,0,1.0,1.0,1.0,1.0,,,1,0,0,0
ds3__platsim_raw_vale_id__modificate__dessert__bruciato__gpt_image_1_mini__000404.jpg,1,1,0,1.0,1.0,1.0,1.0,,,1,0,0,0
ds3__platsim_raw_vale_id__modificate__dessert__crudo__gpt_image_1_5__000406.jpg,1,1,0,1.0,1.0,1.0,1.0,,,1,0,0,0
ds3__platsim_raw_vale_id__modificate__riso__paella__bruciato__gpt_image_1_5__000754.jpg,1,1,0,1.0,1.0,1.0,1.0,,,1,0,0,0
ds3__platsim_raw_vale_id__modificate__riso__paella__bruciato__gpt_image_1_5__000758.jpg,1,1,0,1.0,1.0,1.0,1.0,,,1,0,0,0
ds3__platsim_raw_vale_id__modificate__riso__paella__bruciato__gpt_image_1_5__000767.jpg,1,1,0,1.0,1.0,1.0,1.0,,,1,0,0,0
ds3__platsim_raw_vale_id__modificate__riso__paella__bruciato__gpt_image_1_mini__000774.jpg,1,1,0,1.0,1.0,1.0,1.0,,,1,0,0,0
ds3__platsim_raw_vale_id__modificate__riso__paella__bruciato__gpt_image_1_mini__000778.jpg,1,1,0,1.0,1.0,1.0,1.0,,,1,0,0,0
ds3__platsim_raw_vale_id__modificate__riso__paella__bruciato__gpt_image_1_mini__000780.jpg,1,1,0,1.0,1.0,1.0,1.0,,,1,0,0,0
ds3__platsim_raw_vale_id__modificate__riso__paella__crudo__gpt_image_1_5__000782.jpg,1,1,0,1.0,1.0,1.0,1.0,,,1,0,0,0
ds3__platsim_raw_vale_id__modificate__riso__paella__crudo__gpt_image_1_5__000783.jpg,1,1,0,1.0,1.0,1.0,1.0,,,1,0,0,0
ds3__platsim_raw_vale_id__modificate__pizza__crudo__gpt_image_1_5__000712.jpg,1,1,0,0.0,0.0,0.0,0.0,,,0,0,0,1
ds3__platsim_raw_vale_id__modificate__pizza__crudo__gpt_image_1_5__000713.jpg,1,1,0,1.0,1.0,1.0,1.0,,,1,0,0,0
ds3__platsim_raw_vale_id__modificate__pizza__crudo__gpt_image_1_5__000714.jpg,1,1,0,0.0,0.0,0.0,0.0,,,0,0,0,1
ds3__platsim_raw_vale_id__modificate__pizza__crudo__gpt_image_1_5__000720.jpg,1,1,0,1.0,1.0,1.0,1.0,,,1,0,0,0
ds3__platsim_raw_vale_id__modificate__pizza__marcio__gpt_image_1_5__000731.jpg,1,1,0,1.0,1.0,1.0,1.0,,,1,0,0,0
ds3__platsim_raw_vale_id__modificate__pizza__marcio__gpt_image_1_5__000733.jpg,1,1,0,1.0,1.0,1.0,1.0,,,1,0,0,0
ds3__platsim_raw_vale_id__modificate__poke__insetti__gpt_image_1_5__000735.jpg,1,1,0,1.0,1.0,1.0,1.0,,,1,0,0,0
ds3__platsim_raw_vale_id__modificate__poke__insetti__gpt_image_1_mini__000736.jpg,1,1,0,1.0,1.0,1.0,1.0,,,1,0,0,0
ds3__platsim_raw_vale_id__modificate__pasta__marcio__gpt_image_1_mini__000639.jpg,1,1,0,1.0,1.0,1.0,1.0,,,1,0,0,0
ds3__platsim_raw_vale_id__modificate__pasta__marcio__gpt_image_1_mini__000642.jpg,1,1,0,1.0,1.0,1.0,1.0,,,1,0,0,0
ds3__platsim_raw_vale_id__modificate__patatine__bruciato__gpt_image_1_5__000657.jpg,1,1,0,1.0,1.0,1.0,1.0,,,1,0,0,0
ds3__platsim_raw_vale_id__modificate__patatine__crudo__gpt_image_1_5__000666.jpg,1,1,0,1.0,1.0,1.0,1.0,,,1,0,0,0
ds3__platsim_raw_vale_id__modificate__pizza__bruciato__gpt_image_1_5__000678.jpg,1,1,0,1.0,1.0,1.0,1.0,,,1,0,0,0
ds3__platsim_raw_vale_id__modificate__pizza__bruciato__gpt_image_1_5__000690.jpg,1,1,0,1.0,1.0,1.0,1.0,,,1,0,0,0
ds3__platsim_raw_vale_id__modificate__pizza__crudo__gpt_image_1_5__000706.jpg,1,1,0,1.0,1.0,1.0,1.0,,,1,0,0,0
ds3__platsim_raw_vale_id__modificate__pizza__crudo__gpt_image_1_5__000711.jpg,1,1,0,1.0,1.0,1.0,1.0,,,1,0,0,0
ds3__platsim_raw_vale_id__modificate__pasta__marcio__gpt_image_1_5__000585.jpg,1,1,0,1.0,1.0,1.0,1.0,,,1,0,0,0
ds3__platsim_raw_vale_id__modificate__pasta__marcio__gpt_image_1_5__000590.jpg,1,1,0,0.0,0.0,0.0,0.0,,,0,0,0,1
ds3__platsim_raw_vale_id__modificate__pasta__marcio__gpt_image_1_5__000595.jpg,1,1,0,1.0,1.0,1.0,1.0,,,1,0,0,0
ds3__platsim_raw_vale_id__modificate__pasta__marcio__gpt_image_1_5__000602.jpg,1,1,0,1.0,1.0,1.0,1.0,,,1,0,0,0
ds3__platsim_raw_vale_id__modificate__pasta__marcio__gpt_image_1_5__000605.jpg,1,1,0,1.0,1.0,1.0,1.0,,,1,0,0,0
ds3__platsim_raw_vale_id__modificate__pasta__marcio__gpt_image_1_5__000611.jpg,1,1,0,1.0,1.0,1.0,1.0,,,1,0,0,0
ds3__platsim_raw_vale_id__modificate__pasta__marcio__gpt_image_1_5__000613.jpg,1,1,0,1.0,1.0,1.0,1.0,,,1,0,0,0
ds3__platsim_raw_vale_id__modificate__pasta__marcio__gpt_image_1_5__000618.jpg,1,1,0,1.0,1.0,1.0,1.0,,,1,0,0,0
ds4__platsim_whatsapp_vale_id__modificate__altro__marcio__gpt_image_1_5__000059.jpg,1,1,0,1.0,1.0,1.0,1.0,,,1,0,0,0
ds4__platsim_whatsapp_vale_id__modificate__altro__marcio__gpt_image_1_5__000060.jpg,1,1,0,0.0,0.0,0.0,0.0,,,0,0,0,1
ds4__platsim_whatsapp_vale_id__modificate__altro__marcio__gpt_image_1_mini__000066.jpg,1,1,0,1.0,1.0,1.0,1.0,,,1,0,0,0
ds4__platsim_whatsapp_vale_id__modificate__carne__bruciato__gpt_image_1_5__000091.jpg,1,1,0,1.0,1.0,1.0,1.0,,,1,0,0,0
ds4__platsim_whatsapp_vale_id__modificate__carne__bruciato__gpt_image_1_5__000093.jpg,1,1,0,1.0,1.0,1.0,1.0,,,1,0,0,0
ds4__platsim_whatsapp_vale_id__modificate__carne__bruciato__gpt_image_1_mini__000103.jpg,1,1,0,1.0,1.0,1.0,1.0,,,1,0,0,0
ds4__platsim_whatsapp_vale_id__modificate__carne__crudo__gpt_image_1_5__000107.jpg,1,1,0,1.0,1.0,1.0,1.0,,,1,0,0,0
ds4__platsim_whatsapp_vale_id__modificate__carne__crudo__gpt_image_1_5__000108.jpg,1,1,0,1.0,1.0,1.0,1.0,,,1,0,0,0
ds3__platsim_raw_vale_id__modificate__zuppa__marcio__gpt_image_1_mini__000895.jpg,1,1,0,1.0,1.0,1.0,1.0,,,1,0,0,0
ds4__platsim_whatsapp_vale_id__modificate__altro__bruciato__gpt_image_1_mini__000019.jpg,1,1,0,1.0,1.0,1.0,1.0,,,1,0,0,0
ds4__platsim_whatsapp_vale_id__modificate__altro__crudo__gpt_image_1_5__000028.jpg,1,1,0,1.0,1.0,1.0,1.0,,,1,0,0,0
ds4__platsim_whatsapp_vale_id__modificate__altro__crudo__gpt_image_1_mini__000038.jpg,1,1,0,1.0,1.0,1.0,1.0,,,1,0,0,0
ds4__platsim_whatsapp_vale_id__modificate__altro__insetti__gpt_image_1_mini__000043.jpg,1,1,0,1.0,1.0,1.0,1.0,,,1,0,0,0
ds4__platsim_whatsapp_vale_id__modificate__altro__insetti__gpt_image_1_mini__000044.jpg,1,1,0,1.0,1.0,1.0,1.0,,,1,0,0,0
ds4__platsim_whatsapp_vale_id__modificate__altro__marcio__gpt_image_1_5__000047.jpg,1,1,0,1.0,1.0,1.0,1.0,,,1,0,0,0
ds4__platsim_whatsapp_vale_id__modificate__altro__marcio__gpt_image_1_5__000051.jpg,1,1,0,1.0,1.0,1.0,1.0,,,1,0,0,0
ds3__platsim_raw_vale_id__modificate__sushi__insetti__gpt_image_1_mini__000845.jpg,1,1,0,1.0,1.0,1.0,1.0,,,1,0,0,0
ds3__platsim_raw_vale_id__modificate__sushi__marcio__gpt_image_1_5__000863.jpg,1,1,0,0.0,0.0,0.0,0.0,,,0,0,0,1
ds3__platsim_raw_vale_id__modificate__sushi__marcio__gpt_image_1_mini__000872.jpg,1,1,0,1.0,1.0,1.0,1.0,,,1,0,0,0
ds3__platsim_raw_vale_id__modificate__zuppa__ammuffito__gpt_image_1_5__000876.jpg,1,1,0,1.0,1.0,1.0,1.0,,,1,0,0,0
ds3__platsim_raw_vale_id__modificate__zuppa__bruciato__gpt_image_1_5__000878.jpg,1,1,0,1.0,1.0,1.0,1.0,,,1,0,0,0
ds3__platsim_raw_vale_id__modificate__zuppa__marcio__gpt_image_1_5__000886.jpg,1,1,0,1.0,1.0,1.0,1.0,,,1,0,0,0
ds3__platsim_raw_vale_id__modificate__zuppa__marcio__gpt_image_1_5__000889.jpg,1,1,0,1.0,1.0,1.0,1.0,,,1,0,0,0
ds3__platsim_raw_vale_id__modificate__zuppa__marcio__gpt_image_1_5__000892.jpg,1,1,0,1.0,1.0,1.0,1.0,,,1,0,0,0
ds3__platsim_raw_vale_id__modificate__riso__paella__crudo__gpt_image_1_5__000786.jpg,1,1,0,1.0,1.0,1.0,1.0,,,1,0,0,0
ds3__platsim_raw_vale_id__modificate__riso__paella__crudo__gpt_image_1_5__000794.jpg,1,1,0,0.0,0.0,0.0,0.0,,,0,0,0,1
ds3__platsim_raw_vale_id__modificate__riso__paella__crudo__gpt_image_1_5__000797.jpg,1,1,0,1.0,1.0,1.0,1.0,,,1,0,0,0
ds3__platsim_raw_vale_id__modificate__riso__paella__crudo__gpt_image_1_5__000800.jpg,1,1,0,1.0,1.0,1.0,1.0,,,1,0,0,0
ds3__platsim_raw_vale_id__modificate__riso__paella__marcio__gpt_image_1_mini__000826.jpg,1,1,0,1.0,1.0,1.0,1.0,,,1,0,0,0
ds3__platsim_raw_vale_id__modificate__sushi__crudo__gpt_image_1_5__000828.jpg,1,1,0,1.0,1.0,1.0,1.0,,,1,0,0,0
ds3__platsim_raw_vale_id__modificate__sushi__crudo__gpt_image_1_mini__000830.jpg,1,1,0,1.0,1.0,1.0,1.0,,,1,0,0,0
ds3__platsim_raw_vale_id__modificate__sushi__insetti__gpt_image_1_5__000835.jpg,1,1,0,1.0,1.0,1.0,1.0,,,1,0,0,0
ds4__platsim_whatsapp_vale_id__modificate__pasta__marcio__gpt_image_1_5__000266.jpg,1,1,0,1.0,1.0,1.0,1.0,,,1,0,0,0
ds4__platsim_whatsapp_vale_id__modificate__pasta__marcio__gpt_image_1_5__000285.jpg,1,1,0,1.0,1.0,1.0,1.0,,,1,0,0,0
ds4__platsim_whatsapp_vale_id__modificate__pasta__marcio__gpt_image_1_mini__000288.jpg,1,1,0,1.0,1.0,1.0,1.0,,,1,0,0,0
ds4__platsim_whatsapp_vale_id__modificate__pasta__marcio__gpt_image_1_mini__000290.jpg,1,1,0,1.0,1.0,1.0,1.0,,,1,0,0,0
ds4__platsim_whatsapp_vale_id__modificate__pasta__marcio__gpt_image_1_mini__000291.jpg,1,1,0,1.0,1.0,1.0,1.0,,,1,0,0,0
ds4__platsim_whatsapp_vale_id__modificate__pasta__marcio__gpt_image_1_mini__000294.jpg,1,1,0,1.0,1.0,1.0,1.0,,,1,0,0,0
ds4__platsim_whatsapp_vale_id__modificate__pasta__marcio__gpt_image_1_mini__000296.jpg,1,1,0,1.0,1.0,1.0,1.0,,,1,0,0,0
ds4__platsim_whatsapp_vale_id__modificate__patatine__bruciato__gpt_image_1_5__000303.jpg,1,1,0,1.0,1.0,1.0,1.0,,,1,0,0,0
ds4__platsim_whatsapp_vale_id__modificate__frutta__verdura__ammuffito__gpt_image_1_5__000208.jpg,1,1,0,1.0,1.0,1.0,1.0,,,1,0,0,0
ds4__platsim_whatsapp_vale_id__modificate__frutta__verdura__marcio__gpt_image_1_5__000210.jpg,1,1,0,1.0,1.0,1.0,1.0,,,1,0,0,0
ds4__platsim_whatsapp_vale_id__modificate__insalata__marcio__gpt_image_1_mini__000218.jpg,1,1,0,1.0,1.0,1.0,1.0,,,1,0,0,0
ds4__platsim_whatsapp_vale_id__modificate__kebab__crudo__gpt_image_1_5__000219.jpg,1,1,0,1.0,1.0,1.0,1.0,,,1,0,0,0
ds4__platsim_whatsapp_vale_id__modificate__pasta__altro__gpt_image_1_5__000223.jpg,1,1,0,1.0,1.0,1.0,1.0,,,1,0,0,0
ds4__platsim_whatsapp_vale_id__modificate__pasta__bruciato__gpt_image_1_5__000229.jpg,1,1,0,1.0,1.0,1.0,1.0,,,1,0,0,0
ds4__platsim_whatsapp_vale_id__modificate__pasta__crudo__gpt_image_1_5__000235.jpg,1,1,0,1.0,1.0,1.0,1.0,,,1,0,0,0
ds4__platsim_whatsapp_vale_id__modificate__pasta__crudo__gpt_image_1_mini__000257.jpg,1,1,0,1.0,1.0,1.0,1.0,,,1,0,0,0
ds4__platsim_whatsapp_vale_id__modificate__dessert__bruciato__gpt_image_1_5__000157.jpg,1,1,0,1.0,1.0,1.0,1.0,,,1,0,0,0
ds4__platsim_whatsapp_vale_id__modificate__dessert__crudo__gpt_image_1_5__000170.jpg,1,1,0,1.0,1.0,1.0,1.0,,,1,0,0,0
ds4__platsim_whatsapp_vale_id__modificate__dessert__marcio__gpt_image_1_5__000175.jpg,1,1,0,0.0,0.0,0.0,0.0,,,0,0,0,1
ds4__platsim_whatsapp_vale_id__modificate__dessert__marcio__gpt_image_1_5__000176.jpg,1,1,0,1.0,1.0,1.0,1.0,,,1,0,0,0
ds4__platsim_whatsapp_vale_id__modificate__dessert__marcio__gpt_image_1_5__000181.jpg,1,1,0,1.0,1.0,1.0,1.0,,,1,0,0,0
ds4__platsim_whatsapp_vale_id__modificate__dessert__marcio__gpt_image_1_5__000184.jpg,1,1,0,1.0,1.0,1.0,1.0,,,1,0,0,0
ds4__platsim_whatsapp_vale_id__modificate__dessert__marcio__gpt_image_1_mini__000187.jpg,1,1,0,1.0,1.0,1.0,1.0,,,1,0,0,0
ds4__platsim_whatsapp_vale_id__modificate__fritti__bruciato__gpt_image_1_5__000192.jpg,1,1,0,1.0,1.0,1.0,1.0,,,1,0,0,0
ds4__platsim_whatsapp_vale_id__modificate__carne__crudo__gpt_image_1_5__000112.jpg,1,1,0,1.0,1.0,1.0,1.0,,,1,0,0,0
ds4__platsim_whatsapp_vale_id__modificate__carne__crudo__gpt_image_1_5__000122.jpg,1,1,0,1.0,1.0,1.0,1.0,,,1,0,0,0
ds4__platsim_whatsapp_vale_id__modificate__carne__crudo__gpt_image_1_5__000124.jpg,1,1,0,1.0,1.0,1.0,1.0,,,1,0,0,0
ds4__platsim_whatsapp_vale_id__modificate__carne__crudo__gpt_image_1_mini__000129.jpg,1,1,0,1.0,1.0,1.0,1.0,,,1,0,0,0
ds4__platsim_whatsapp_vale_id__modificate__carne__marcio__gpt_image_1_5__000139.jpg,1,1,0,1.0,1.0,1.0,1.0,,,1,0,0,0
ds4__platsim_whatsapp_vale_id__modificate__carne__marcio__gpt_image_1_5__000140.jpg,1,1,0,1.0,1.0,1.0,1.0,,,1,0,0,0
ds4__platsim_whatsapp_vale_id__modificate__dessert__ammuffito__gpt_image_1_5__000147.jpg,1,1,0,0.0,0.0,0.0,0.0,,,0,0,0,1
ds4__platsim_whatsapp_vale_id__modificate__dessert__bruciato__gpt_image_1_5__000154.jpg,1,1,0,0.0,0.0,0.0,0.0,,,0,0,0,1
ds5__raw_vale_id__modificate__altro__crudo__gpt_image_1_5__000075.jpg,1,1,0,1.0,1.0,1.0,1.0,,,1,0,0,0
ds5__raw_vale_id__modificate__altro__crudo__gpt_image_1_mini__000089.jpg,1,1,0,1.0,1.0,1.0,1.0,,,1,0,0,0
ds5__raw_vale_id__modificate__altro__insetti__gpt_image_1_5__000094.jpg,1,1,0,1.0,1.0,1.0,1.0,,,1,0,0,0
ds5__raw_vale_id__modificate__altro__insetti__gpt_image_1_5__000095.jpg,1,1,0,1.0,1.0,1.0,1.0,,,1,0,0,0
ds5__raw_vale_id__modificate__altro__insetti__gpt_image_1_5__000099.jpg,1,1,0,1.0,1.0,1.0,1.0,,,1,0,0,0
ds5__raw_vale_id__modificate__altro__insetti__gpt_image_1_5__000100.jpg,1,1,0,1.0,1.0,1.0,1.0,,,1,0,0,0
ds5__raw_vale_id__modificate__altro__insetti__gpt_image_1_5__000109.jpg,1,1,0,0.0,0.0,0.0,0.0,,,0,0,0,1
ds5__raw_vale_id__modificate__altro__insetti__gpt_image_1_5__000113.jpg,1,1,0,1.0,1.0,1.0,1.0,,,1,0,0,0
ds5__raw_vale_id__modificate__altro__bruciato__gpt_image_1_5__000030.png,1,1,0,1.0,1.0,1.0,1.0,,,1,0,0,0
ds5__raw_vale_id__modificate__altro__bruciato__gpt_image_1_5__000034.jpg,1,1,0,0.0,0.0,0.0,0.0,,,0,0,0,1
ds5__raw_vale_id__modificate__altro__bruciato__gpt_image_1_mini__000043.jpg,1,1,0,1.0,1.0,1.0,1.0,,,1,0,0,0
ds5__raw_vale_id__modificate__altro__bruciato__gpt_image_1_mini__000046.jpg,1,1,0,1.0,1.0,1.0,1.0,,,1,0,0,0
ds5__raw_vale_id__modificate__altro__bruciato__gpt_image_1_mini__000047.jpg,1,1,0,1.0,1.0,1.0,1.0,,,1,0,0,0
ds5__raw_vale_id__modificate__altro__crudo__gpt_image_1_5__000056.jpg,1,1,0,1.0,1.0,1.0,1.0,,,1,0,0,0
ds5__raw_vale_id__modificate__altro__crudo__gpt_image_1_5__000063.jpg,1,1,0,1.0,1.0,1.0,1.0,,,1,0,0,0
ds5__raw_vale_id__modificate__altro__crudo__gpt_image_1_5__000067.jpg,1,1,0,1.0,1.0,1.0,1.0,,,1,0,0,0
ds4__platsim_whatsapp_vale_id__modificate__riso__paella__bruciato__gpt_image_1_5__000359.jpg,1,1,0,1.0,1.0,1.0,1.0,,,1,0,0,0
ds4__platsim_whatsapp_vale_id__modificate__riso__paella__bruciato__gpt_image_1_5__000361.jpg,1,1,0,1.0,1.0,1.0,1.0,,,1,0,0,0
ds4__platsim_whatsapp_vale_id__modificate__riso__paella__crudo__gpt_image_1_5__000377.jpg,1,1,0,0.0,0.0,0.0,0.0,,,0,0,0,1
ds4__platsim_whatsapp_vale_id__modificate__riso__paella__crudo__gpt_image_1_5__000384.jpg,1,1,0,0.0,0.0,0.0,0.0,,,0,0,0,1
ds4__platsim_whatsapp_vale_id__modificate__sushi__marcio__gpt_image_1_5__000412.jpg,1,1,0,1.0,1.0,1.0,1.0,,,1,0,0,0
ds5__raw_vale_id__modificate__altro__ammuffito__gpt_image_1_5__000001.jpg,1,1,0,1.0,1.0,1.0,1.0,,,1,0,0,0
ds5__raw_vale_id__modificate__altro__bruciato__gpt_image_1_5__000005.jpg,1,1,0,1.0,1.0,1.0,1.0,,,1,0,0,0
ds5__raw_vale_id__modificate__altro__bruciato__gpt_image_1_5__000025.jpg,1,1,0,1.0,1.0,1.0,1.0,,,1,0,0,0
ds4__platsim_whatsapp_vale_id__modificate__patatine__bruciato__gpt_image_1_mini__000308.jpg,1,1,0,1.0,1.0,1.0,1.0,,,1,0,0,0
ds4__platsim_whatsapp_vale_id__modificate__pizza__bruciato__gpt_image_1_mini__000328.jpg,1,1,0,1.0,1.0,1.0,1.0,,,1,0,0,0
ds4__platsim_whatsapp_vale_id__modificate__pizza__crudo__gpt_image_1_5__000333.jpg,1,1,0,1.0,1.0,1.0,1.0,,,1,0,0,0
ds4__platsim_whatsapp_vale_id__modificate__pizza__crudo__gpt_image_1_5__000334.jpg,1,1,0,1.0,1.0,1.0,1.0,,,1,0,0,0
ds4__platsim_whatsapp_vale_id__modificate__pizza__crudo__gpt_image_1_mini__000341.jpg,1,1,0,0.0,0.0,0.0,0.0,,,0,0,0,1
ds4__platsim_whatsapp_vale_id__modificate__riso__paella__bruciato__gpt_image_1_5__000350.jpg,1,1,0,1.0,1.0,1.0,1.0,,,1,0,0,0
ds4__platsim_whatsapp_vale_id__modificate__riso__paella__bruciato__gpt_image_1_5__000355.jpg,1,1,0,1.0,1.0,1.0,1.0,,,1,0,0,0
ds4__platsim_whatsapp_vale_id__modificate__riso__paella__bruciato__gpt_image_1_5__000357.jpg,1,1,0,1.0,1.0,1.0,1.0,,,1,0,0,0
ds5__raw_vale_id__modificate__carne__bruciato__gpt_image_1_mini__000325.jpg,1,1,0,1.0,1.0,1.0,1.0,,,1,0,0,0
ds5__raw_vale_id__modificate__carne__bruciato__gpt_image_1_mini__000326.jpg,1,1,0,1.0,1.0,1.0,1.0,,,1,0,0,0
ds5__raw_vale_id__modificate__carne__crudo__gpt_image_1_5__000340.jpg,1,1,0,1.0,1.0,1.0,1.0,,,1,0,0,0
ds5__raw_vale_id__modificate__carne__crudo__gpt_image_1_5__000348.jpg,1,1,0,1.0,1.0,1.0,1.0,,,1,0,0,0
ds5__raw_vale_id__modificate__carne__crudo__gpt_image_1_5__000354.jpg,1,1,0,1.0,1.0,1.0,1.0,,,1,0,0,0
ds5__raw_vale_id__modificate__carne__crudo__gpt_image_1_5__000358.jpg,1,1,0,1.0,1.0,1.0,1.0,,,1,0,0,0
ds5__raw_vale_id__modificate__carne__marcio__gpt_image_1_5__000372.jpg,1,1,0,1.0,1.0,1.0,1.0,,,1,0,0,0
ds5__raw_vale_id__modificate__dessert__ammuffito__gpt_image_1_mini__000387.jpg,1,1,0,1.0,1.0,1.0,1.0,,,1,0,0,0
ds5__raw_vale_id__modificate__burger__panino__crudo__gpt_image_1_5__000246.jpg,1,1,0,1.0,1.0,1.0,1.0,,,1,0,0,0
ds5__raw_vale_id__modificate__burger__panino__crudo__gpt_image_1_mini__000268.jpg,1,1,0,1.0,1.0,1.0,1.0,,,1,0,0,0
ds5__raw_vale_id__modificate__burger__panino__marcio__gpt_image_1_5__000281.jpeg,1,1,0,1.0,1.0,1.0,1.0,,,1,0,0,0
ds5__raw_vale_id__modificate__burger__panino__marcio__gpt_image_1_5__000283.jpg,1,1,0,1.0,1.0,1.0,1.0,,,1,0,0,0
ds5__raw_vale_id__modificate__burger__panino__marcio__gpt_image_1_5__000286.jpg,1,1,0,1.0,1.0,1.0,1.0,,,1,0,0,0
ds5__raw_vale_id__modificate__carne__bruciato__gpt_image_1_5__000292.jpg,1,1,0,1.0,1.0,1.0,1.0,,,1,0,0,0
ds5__raw_vale_id__modificate__carne__bruciato__gpt_image_1_5__000298.jpg,1,1,0,1.0,1.0,1.0,1.0,,,1,0,0,0
ds5__raw_vale_id__modificate__carne__bruciato__gpt_image_1_5__000308.png,1,1,0,1.0,1.0,1.0,1.0,,,1,0,0,0
ds5__raw_vale_id__modificate__altro__marcio__gpt_image_1_5__000180.jpg,1,1,0,1.0,1.0,1.0,1.0,,,1,0,0,0
ds5__raw_vale_id__modificate__altro__marcio__gpt_image_1_5__000182.jpg,1,1,0,1.0,1.0,1.0,1.0,,,1,0,0,0
ds5__raw_vale_id__modificate__altro__marcio__gpt_image_1_5__000190.jpg,1,1,0,1.0,1.0,1.0,1.0,,,1,0,0,0
ds5__raw_vale_id__modificate__altro__marcio__gpt_image_1_5__000203.jpg,1,1,0,1.0,1.0,1.0,1.0,,,1,0,0,0
ds5__raw_vale_id__modificate__altro__marcio__gpt_image_1_mini__000221.jpg,1,1,0,1.0,1.0,1.0,1.0,,,1,0,0,0
ds5__raw_vale_id__modificate__altro__marcio__gpt_image_1_mini__000227.jpg,1,1,0,1.0,1.0,1.0,1.0,,,1,0,0,0
ds5__raw_vale_id__modificate__burger__panino__bruciato__gpt_image_1_5__000238.jpg,1,1,0,1.0,1.0,1.0,1.0,,,1,0,0,0
ds5__raw_vale_id__modificate__burger__panino__bruciato__gpt_image_1_mini__000243.jpg,1,1,0,1.0,1.0,1.0,1.0,,,1,0,0,0
ds5__raw_vale_id__modificate__altro__insetti__gpt_image_1_mini__000119.jpg,1,1,0,1.0,1.0,1.0,1.0,,,1,0,0,0
ds5__raw_vale_id__modificate__altro__marcio__gpt_image_1_5__000131.jpg,1,1,0,1.0,1.0,1.0,1.0,,,1,0,0,0
ds5__raw_vale_id__modificate__altro__marcio__gpt_image_1_5__000160.jpg,1,1,0,0.0,0.0,0.0,0.0,,,0,0,0,1
ds5__raw_vale_id__modificate__altro__marcio__gpt_image_1_5__000167.jpg,1,1,0,1.0,1.0,1.0,1.0,,,1,0,0,0
ds5__raw_vale_id__modificate__altro__marcio__gpt_image_1_5__000169.jpg,1,1,0,1.0,1.0,1.0,1.0,,,1,0,0,0
ds5__raw_vale_id__modificate__altro__marcio__gpt_image_1_5__000172.jpeg,1,1,0,1.0,1.0,1.0,1.0,,,1,0,0,0
ds5__raw_vale_id__modificate__altro__marcio__gpt_image_1_5__000174.jpg,1,1,0,1.0,1.0,1.0,1.0,,,1,0,0,0
ds5__raw_vale_id__modificate__altro__marcio__gpt_image_1_5__000175.jpg,1,1,0,1.0,1.0,1.0,1.0,,,1,0,0,0
ds5__raw_vale_id__modificate__pasta__marcio__gpt_image_1_5__000600.jpg,1,1,0,1.0,1.0,1.0,1.0,,,1,0,0,0
ds5__raw_vale_id__modificate__pasta__marcio__gpt_image_1_5__000610.jpg,1,1,0,1.0,1.0,1.0,1.0,,,1,0,0,0
ds5__raw_vale_id__modificate__pasta__marcio__gpt_image_1_5__000611.jpg,1,1,0,1.0,1.0,1.0,1.0,,,1,0,0,0
ds5__raw_vale_id__modificate__pasta__marcio__gpt_image_1_5__000613.jpg,1,1,0,1.0,1.0,1.0,1.0,,,1,0,0,0
ds5__raw_vale_id__modificate__pasta__marcio__gpt_image_1_5__000614.jpg,1,1,0,1.0,1.0,1.0,1.0,,,1,0,0,0
ds5__raw_vale_id__modificate__pasta__marcio__gpt_image_1_5__000619.jpg,1,1,0,1.0,1.0,1.0,1.0,,,1,0,0,0
ds5__raw_vale_id__modificate__pasta__marcio__gpt_image_1_5__000629.jpg,1,1,0,1.0,1.0,1.0,1.0,,,1,0,0,0
ds5__raw_vale_id__modificate__pasta__marcio__gpt_image_1_mini__000638.jpg,1,1,0,1.0,1.0,1.0,1.0,,,1,0,0,0
ds5__raw_vale_id__modificate__pasta__crudo__gpt_image_1_5__000533.jpg,1,1,0,1.0,1.0,1.0,1.0,,,1,0,0,0
ds5__raw_vale_id__modificate__pasta__crudo__gpt_image_1_mini__000582.jpg,1,1,0,1.0,1.0,1.0,1.0,,,1,0,0,0
ds5__raw_vale_id__modificate__pasta__insetti__gpt_image_1_5__000583.jpg,1,1,0,1.0,1.0,1.0,1.0,,,1,0,0,0
ds5__raw_vale_id__modificate__pasta__marcio__gpt_image_1_5__000588.jpg,1,1,0,1.0,1.0,1.0,1.0,,,1,0,0,0
ds5__raw_vale_id__modificate__pasta__marcio__gpt_image_1_5__000590.jpg,1,1,0,0.0,0.0,0.0,0.0,,,0,0,0,1
ds5__raw_vale_id__modificate__pasta__marcio__gpt_image_1_5__000593.jpg,1,1,0,1.0,1.0,1.0,1.0,,,1,0,0,0
ds5__raw_vale_id__modificate__pasta__marcio__gpt_image_1_5__000594.jpg,1,1,0,1.0,1.0,1.0,1.0,,,1,0,0,0
ds5__raw_vale_id__modificate__pasta__marcio__gpt_image_1_5__000596.jpg,1,1,0,1.0,1.0,1.0,1.0,,,1,0,0,0
ds5__raw_vale_id__modificate__fritti__bruciato__gpt_image_1_5__000444.jpg,1,1,0,1.0,1.0,1.0,1.0,,,1,0,0,0
ds5__raw_vale_id__modificate__fritti__bruciato__gpt_image_1_mini__000451.jpg,1,1,0,1.0,1.0,1.0,1.0,,,1,0,0,0
ds5__raw_vale_id__modificate__insalata__marcio__gpt_image_1_5__000475.jpg,1,1,0,1.0,1.0,1.0,1.0,,,1,0,0,0
ds5__raw_vale_id__modificate__kebab__crudo__gpt_image_1_mini__000487.png,1,1,0,1.0,1.0,1.0,1.0,,,1,0,0,0
ds5__raw_vale_id__modificate__pasta__bruciato__gpt_image_1_5__000494.jpg,1,1,0,1.0,1.0,1.0,1.0,,,1,0,0,0
ds5__raw_vale_id__modificate__pasta__bruciato__gpt_image_1_5__000495.jpg,1,1,0,1.0,1.0,1.0,1.0,,,1,0,0,0
ds5__raw_vale_id__modificate__pasta__bruciato__gpt_image_1_5__000499.jpg,1,1,0,1.0,1.0,1.0,1.0,,,1,0,0,0
ds5__raw_vale_id__modificate__pasta__bruciato__gpt_image_1_mini__000514.jpg,1,1,0,1.0,1.0,1.0,1.0,,,1,0,0,0
ds5__raw_vale_id__modificate__dessert__bruciato__gpt_image_1_5__000390.jpeg,1,1,0,1.0,1.0,1.0,1.0,,,1,0,0,0
ds5__raw_vale_id__modificate__dessert__bruciato__gpt_image_1_5__000391.jpg,1,1,0,1.0,1.0,1.0,1.0,,,1,0,0,0
ds5__raw_vale_id__modificate__dessert__bruciato__gpt_image_1_5__000400.jpg,1,1,0,1.0,1.0,1.0,1.0,,,1,0,0,0
ds5__raw_vale_id__modificate__dessert__insetti__gpt_image_1_5__000412.jpg,1,1,0,1.0,1.0,1.0,1.0,,,1,0,0,0
ds5__raw_vale_id__modificate__dessert__insetti__gpt_image_1_mini__000416.jpg,1,1,0,1.0,1.0,1.0,1.0,,,1,0,0,0
ds5__raw_vale_id__modificate__dessert__marcio__gpt_image_1_5__000421.jpg,1,1,0,1.0,1.0,1.0,1.0,,,1,0,0,0
ds5__raw_vale_id__modificate__dessert__marcio__gpt_image_1_5__000426.jpg,1,1,0,0.0,0.0,0.0,0.0,,,0,0,0,1
ds5__raw_vale_id__modificate__dessert__marcio__gpt_image_1_5__000433.jpg,1,1,0,1.0,1.0,1.0,1.0,,,1,0,0,0
ds5__raw_vale_id__modificate__riso__paella__crudo__gpt_image_1_mini__000812.jpg,1,1,0,1.0,1.0,1.0,1.0,,,1,0,0,0
ds5__raw_vale_id__modificate__sushi__insetti__gpt_image_1_5__000832.jpg,1,1,0,1.0,1.0,1.0,1.0,,,1,0,0,0
ds5__raw_vale_id__modificate__sushi__insetti__gpt_image_1_5__000839.jpg,1,1,0,1.0,1.0,1.0,1.0,,,1,0,0,0
ds5__raw_vale_id__modificate__sushi__insetti__gpt_image_1_mini__000843.jpg,1,1,0,1.0,1.0,1.0,1.0,,,1,0,0,0
ds5__raw_vale_id__modificate__sushi__insetti__gpt_image_1_mini__000846.jpg,1,1,0,1.0,1.0,1.0,1.0,,,1,0,0,0
ds5__raw_vale_id__modificate__sushi__marcio__gpt_image_1_5__000853.jpg,1,1,0,1.0,1.0,1.0,1.0,,,1,0,0,0
ds5__raw_vale_id__modificate__sushi__marcio__gpt_image_1_5__000854.jpg,1,1,0,1.0,1.0,1.0,1.0,,,1,0,0,0
ds5__raw_vale_id__modificate__sushi__marcio__gpt_image_1_5__000855.jpg,1,1,0,1.0,1.0,1.0,1.0,,,1,0,0,0
ds5__raw_vale_id__modificate__riso__paella__bruciato__gpt_image_1_5__000750.jpg,1,1,0,1.0,1.0,1.0,1.0,,,1,0,0,0
ds5__raw_vale_id__modificate__riso__paella__bruciato__gpt_image_1_5__000753.jpg,1,1,0,1.0,1.0,1.0,1.0,,,1,0,0,0
ds5__raw_vale_id__modificate__riso__paella__bruciato__gpt_image_1_5__000766.jpg,1,1,0,1.0,1.0,1.0,1.0,,,1,0,0,0
ds5__raw_vale_id__modificate__riso__paella__bruciato__gpt_image_1_5__000769.jpg,1,1,0,1.0,1.0,1.0,1.0,,,1,0,0,0
ds5__raw_vale_id__modificate__riso__paella__bruciato__gpt_image_1_5__000771.jpg,1,1,0,1.0,1.0,1.0,1.0,,,1,0,0,0
ds5__raw_vale_id__modificate__riso__paella__bruciato__gpt_image_1_mini__000774.jpg,1,1,0,1.0,1.0,1.0,1.0,,,1,0,0,0
ds5__raw_vale_id__modificate__riso__paella__crudo__gpt_image_1_5__000790.jpg,1,1,0,1.0,1.0,1.0,1.0,,,1,0,0,0
ds5__raw_vale_id__modificate__riso__paella__crudo__gpt_image_1_5__000794.jpg,1,1,0,0.0,0.0,0.0,0.0,,,0,0,0,1
ds5__raw_vale_id__modificate__pizza__bruciato__gpt_image_1_mini__000699.jpg,1,1,0,1.0,1.0,1.0,1.0,,,1,0,0,0
ds5__raw_vale_id__modificate__pizza__crudo__gpt_image_1_5__000708.jpg,1,1,0,1.0,1.0,1.0,1.0,,,1,0,0,0
ds5__raw_vale_id__modificate__pizza__crudo__gpt_image_1_5__000712.jpg,1,1,0,0.0,0.0,0.0,0.0,,,0,0,0,1
ds5__raw_vale_id__modificate__pizza__crudo__gpt_image_1_5__000714.jpg,1,1,0,0.0,0.0,0.0,0.0,,,0,0,0,1
ds5__raw_vale_id__modificate__pizza__crudo__gpt_image_1_mini__000723.jpg,1,1,0,1.0,1.0,1.0,1.0,,,1,0,0,0
ds5__raw_vale_id__modificate__pizza__marcio__gpt_image_1_5__000732.jpg,1,1,0,0.0,0.0,0.0,0.0,,,0,0,0,1
ds5__raw_vale_id__modificate__riso__paella__bruciato__gpt_image_1_5__000743.jpg,1,1,0,1.0,1.0,1.0,1.0,,,1,0,0,0
ds5__raw_vale_id__modificate__riso__paella__bruciato__gpt_image_1_5__000748.jpg,1,1,0,1.0,1.0,1.0,1.0,,,1,0,0,0
ds5__raw_vale_id__modificate__pasta__marcio__gpt_image_1_mini__000640.jpg,1,1,0,1.0,1.0,1.0,1.0,,,1,0,0,0
ds5__raw_vale_id__modificate__pasta__marcio__gpt_image_1_mini__000648.jpg,1,1,0,1.0,1.0,1.0,1.0,,,1,0,0,0
ds5__raw_vale_id__modificate__pasta__marcio__gpt_image_1_mini__000652.jpg,1,1,0,1.0,1.0,1.0,1.0,,,1,0,0,0
ds5__raw_vale_id__modificate__pizza__bruciato__gpt_image_1_5__000675.jpg,1,1,0,1.0,1.0,1.0,1.0,,,1,0,0,0
ds5__raw_vale_id__modificate__pizza__bruciato__gpt_image_1_5__000678.jpg,1,1,0,1.0,1.0,1.0,1.0,,,1,0,0,0
ds5__raw_vale_id__modificate__pizza__bruciato__gpt_image_1_5__000686.jpg,1,1,0,1.0,1.0,1.0,1.0,,,1,0,0,0
ds5__raw_vale_id__modificate__pizza__bruciato__gpt_image_1_5__000690.jpg,1,1,0,1.0,1.0,1.0,1.0,,,1,0,0,0
ds5__raw_vale_id__modificate__pizza__bruciato__gpt_image_1_5__000692.jpg,1,1,0,1.0,1.0,1.0,1.0,,,1,0,0,0
ds6__whatsapp_vale_id__modificate__riso__paella__crudo__gpt_image_1_mini__000386.jpg,1,1,0,1.0,1.0,1.0,1.0,,,1,0,0,0
ds6__whatsapp_vale_id__modificate__riso__paella__crudo__gpt_image_1_mini__000388.jpeg,1,1,0,1.0,1.0,1.0,1.0,,,1,0,0,0
ds6__whatsapp_vale_id__modificate__riso__paella__insetti__gpt_image_1_mini__000391.jpg,1,1,0,1.0,1.0,1.0,1.0,,,1,0,0,0
ds6__whatsapp_vale_id__modificate__riso__paella__marcio__gpt_image_1_5__000398.jpeg,1,1,0,1.0,1.0,1.0,1.0,,,1,0,0,0
ds6__whatsapp_vale_id__modificate__sushi__insetti__gpt_image_1_5__000407.jpeg,1,1,0,1.0,1.0,1.0,1.0,,,1,0,0,0
ds6__whatsapp_vale_id__modificate__sushi__marcio__gpt_image_1_5__000409.jpg,1,1,0,1.0,1.0,1.0,1.0,,,1,0,0,0
ds6__whatsapp_vale_id__modificate__sushi__marcio__gpt_image_1_5__000410.jpeg,1,1,0,0.0,0.0,0.0,0.0,,,0,0,0,1
ds1__platsim_ar_pico_banana_9gb-V__modificate__root__000065.jpg,1,1,0,1.0,1.0,1.0,1.0,,,1,0,0,0
ds6__whatsapp_vale_id__modificate__pizza__crudo__gpt_image_1_5__000339.jpeg,1,1,0,1.0,1.0,1.0,1.0,,,1,0,0,0
ds6__whatsapp_vale_id__modificate__pizza__crudo__gpt_image_1_mini__000341.jpeg,1,1,0,0.0,0.0,0.0,0.0,,,0,0,0,1
ds6__whatsapp_vale_id__modificate__riso__paella__bruciato__gpt_image_1_5__000350.jpeg,1,1,0,1.0,1.0,1.0,1.0,,,1,0,0,0
ds6__whatsapp_vale_id__modificate__riso__paella__bruciato__gpt_image_1_5__000353.jpeg,1,1,0,1.0,1.0,1.0,1.0,,,1,0,0,0
ds6__whatsapp_vale_id__modificate__riso__paella__bruciato__gpt_image_1_5__000355.jpeg,1,1,0,1.0,1.0,1.0,1.0,,,1,0,0,0
ds6__whatsapp_vale_id__modificate__riso__paella__bruciato__gpt_image_1_5__000356.jpg,1,1,0,1.0,1.0,1.0,1.0,,,1,0,0,0
ds6__whatsapp_vale_id__modificate__riso__paella__bruciato__gpt_image_1_5__000361.jpg,1,1,0,1.0,1.0,1.0,1.0,,,1,0,0,0
ds6__whatsapp_vale_id__modificate__riso__paella__crudo__gpt_image_1_5__000378.jpg,1,1,0,1.0,1.0,1.0,1.0,,,1,0,0,0
ds6__whatsapp_vale_id__modificate__pasta__marcio__gpt_image_1_5__000282.jpeg,1,1,0,1.0,1.0,1.0,1.0,,,1,0,0,0
ds6__whatsapp_vale_id__modificate__pasta__marcio__gpt_image_1_5__000283.jpeg,1,1,0,1.0,1.0,1.0,1.0,,,1,0,0,0
ds6__whatsapp_vale_id__modificate__pasta__marcio__gpt_image_1_mini__000296.jpeg,1,1,0,1.0,1.0,1.0,1.0,,,1,0,0,0
ds6__whatsapp_vale_id__modificate__pasta__marcio__gpt_image_1_mini__000299.jpeg,1,1,0,1.0,1.0,1.0,1.0,,,1,0,0,0
ds6__whatsapp_vale_id__modificate__patatine__bruciato__gpt_image_1_5__000302.jpeg,1,1,0,1.0,1.0,1.0,1.0,,,1,0,0,0
ds6__whatsapp_vale_id__modificate__pizza__bruciato__gpt_image_1_5__000318.jpeg,1,1,0,1.0,1.0,1.0,1.0,,,1,0,0,0
ds6__whatsapp_vale_id__modificate__pizza__bruciato__gpt_image_1_5__000323.jpeg,1,1,0,1.0,1.0,1.0,1.0,,,1,0,0,0
ds6__whatsapp_vale_id__modificate__pizza__crudo__gpt_image_1_5__000337.jpeg,1,1,0,1.0,1.0,1.0,1.0,,,1,0,0,0
ds6__whatsapp_vale_id__modificate__pasta__altro__gpt_image_1_5__000223.jpeg,1,1,0,1.0,1.0,1.0,1.0,,,1,0,0,0
ds6__whatsapp_vale_id__modificate__pasta__ammuffito__gpt_image_1_mini__000226.jpeg,1,1,0,1.0,1.0,1.0,1.0,,,1,0,0,0
ds6__whatsapp_vale_id__modificate__pasta__crudo__gpt_image_1_5__000234.jpeg,1,1,0,1.0,1.0,1.0,1.0,,,1,0,0,0
ds6__whatsapp_vale_id__modificate__pasta__crudo__gpt_image_1_5__000243.jpeg,1,1,0,1.0,1.0,1.0,1.0,,,1,0,0,0
ds6__whatsapp_vale_id__modificate__pasta__crudo__gpt_image_1_5__000247.jpeg,1,1,0,1.0,1.0,1.0,1.0,,,1,0,0,0
ds6__whatsapp_vale_id__modificate__pasta__crudo__gpt_image_1_mini__000255.jpeg,1,1,0,1.0,1.0,1.0,1.0,,,1,0,0,0
ds6__whatsapp_vale_id__modificate__pasta__marcio__gpt_image_1_5__000275.jpeg,1,1,0,0.0,0.0,0.0,0.0,,,0,0,0,1
ds6__whatsapp_vale_id__modificate__pasta__marcio__gpt_image_1_5__000280.jpeg,1,1,0,1.0,1.0,1.0,1.0,,,1,0,0,0
ds1__platsim_ar_pico_banana_9gb-V__modificate__root__000273.jpg,1,1,0,0.0,0.0,0.0,0.0,,,0,0,0,1
ds1__platsim_ar_pico_banana_9gb-V__modificate__root__000276.jpg,1,1,0,1.0,1.0,1.0,1.0,,,1,0,0,0
ds1__platsim_ar_pico_banana_9gb-V__modificate__root__000279.jpg,1,1,0,1.0,1.0,1.0,1.0,,,1,0,0,0
ds1__platsim_ar_pico_banana_9gb-V__modificate__root__000290.jpg,1,1,0,1.0,1.0,1.0,1.0,,,1,0,0,0
ds1__platsim_ar_pico_banana_9gb-V__modificate__root__000293.jpg,1,1,0,0.0,0.0,0.0,0.0,,,0,0,0,1
ds1__platsim_ar_pico_banana_9gb-V__modificate__root__000304.jpg,1,1,0,1.0,1.0,1.0,1.0,,,1,0,0,0
ds1__platsim_ar_pico_banana_9gb-V__modificate__root__000306.jpg,1,1,0,1.0,1.0,1.0,1.0,,,1,0,0,0
ds1__platsim_ar_pico_banana_9gb-V__modificate__root__000309.jpg,1,1,0,1.0,1.0,1.0,1.0,,,1,0,0,0
ds1__platsim_ar_pico_banana_9gb-V__modificate__root__000211.jpg,1,1,0,0.0,0.0,0.0,0.0,,,0,0,0,1
ds1__platsim_ar_pico_banana_9gb-V__modificate__root__000212.jpg,1,1,0,0.0,0.0,0.0,0.0,,,0,0,0,1
ds1__platsim_ar_pico_banana_9gb-V__modificate__root__000227.jpg,1,1,0,1.0,1.0,1.0,1.0,,,1,0,0,0
ds1__platsim_ar_pico_banana_9gb-V__modificate__root__000239.jpg,1,1,0,1.0,1.0,1.0,1.0,,,1,0,0,0
ds1__platsim_ar_pico_banana_9gb-V__modificate__root__000247.jpg,1,1,0,1.0,1.0,1.0,1.0,,,1,0,0,0
ds1__platsim_ar_pico_banana_9gb-V__modificate__root__000255.jpg,1,1,0,0.0,0.0,0.0,0.0,,,0,0,0,1
ds1__platsim_ar_pico_banana_9gb-V__modificate__root__000259.jpg,1,1,0,0.0,0.0,0.0,0.0,,,0,0,0,1
ds1__platsim_ar_pico_banana_9gb-V__modificate__root__000271.jpg,1,1,0,0.0,0.0,0.0,0.0,,,0,0,0,1
ds1__platsim_ar_pico_banana_9gb-V__modificate__root__000168.jpg,1,1,0,1.0,1.0,1.0,1.0,,,1,0,0,0
ds1__platsim_ar_pico_banana_9gb-V__modificate__root__000171.jpg,1,1,0,1.0,1.0,1.0,1.0,,,1,0,0,0
ds1__platsim_ar_pico_banana_9gb-V__modificate__root__000176.jpg,1,1,0,1.0,1.0,1.0,1.0,,,1,0,0,0
ds1__platsim_ar_pico_banana_9gb-V__modificate__root__000177.jpg,1,1,0,1.0,1.0,1.0,1.0,,,1,0,0,0
ds1__platsim_ar_pico_banana_9gb-V__modificate__root__000200.jpg,1,1,0,0.0,0.0,0.0,0.0,,,0,0,0,1
ds1__platsim_ar_pico_banana_9gb-V__modificate__root__000202.jpg,1,1,0,1.0,1.0,1.0,1.0,,,1,0,0,0
ds1__platsim_ar_pico_banana_9gb-V__modificate__root__000203.jpg,1,1,0,1.0,1.0,1.0,1.0,,,1,0,0,0
ds1__platsim_ar_pico_banana_9gb-V__modificate__root__000210.jpg,1,1,0,1.0,1.0,1.0,1.0,,,1,0,0,0
ds1__platsim_ar_pico_banana_9gb-V__modificate__root__000068.jpg,1,1,0,0.0,0.0,0.0,0.0,,,0,0,0,1
ds1__platsim_ar_pico_banana_9gb-V__modificate__root__000077.jpg,1,1,0,1.0,1.0,1.0,1.0,,,1,0,0,0
ds1__platsim_ar_pico_banana_9gb-V__modificate__root__000078.jpg,1,1,0,1.0,1.0,1.0,1.0,,,1,0,0,0
ds1__platsim_ar_pico_banana_9gb-V__modificate__root__000090.jpg,1,1,0,1.0,1.0,1.0,1.0,,,1,0,0,0
ds1__platsim_ar_pico_banana_9gb-V__modificate__root__000100.jpg,1,1,0,1.0,1.0,1.0,1.0,,,1,0,0,0
ds1__platsim_ar_pico_banana_9gb-V__modificate__root__000108.jpg,1,1,0,0.0,0.0,0.0,0.0,,,0,0,0,1
ds1__platsim_ar_pico_banana_9gb-V__modificate__root__000109.jpg,1,1,0,1.0,1.0,1.0,1.0,,,1,0,0,0
ds1__platsim_ar_pico_banana_9gb-V__modificate__root__000126.jpg,1,1,0,1.0,1.0,1.0,1.0,,,1,0,0,0
