path,y_true,y_prob,y_pred,source,quality,food_category,defect_type,generator
/content/tmp_merged_datasets/merged_training_dataset/modificate/ds4__platsim_whatsapp_vale_id__modificate__riso__paella__bruciato__gpt_image_1_5__000359.jpg,1,0.99475974,1,modificate,,ds4__platsim_whatsapp_vale_id__modificate__riso__paella__bruciato__gpt_image_1_5__000359.jpg,,
/content/tmp_merged_datasets/merged_training_dataset/modificate/ds3__platsim_raw_vale_id__modificate__altro__marcio__gpt_image_1_5__000137.jpg,1,0.981254,1,modificate,,ds3__platsim_raw_vale_id__modificate__altro__marcio__gpt_image_1_5__000137.jpg,,
/content/tmp_merged_datasets/merged_training_dataset/modificate/ds2__exp_3_augmented_v6.2_noK__modificate__burger_panino__crudo__gpt_image_1_5__000657.jpg,1,0.9857554,1,modificate,,ds2__exp_3_augmented_v6.2_noK__modificate__burger_panino__crudo__gpt_image_1_5__000657.jpg,,
/content/tmp_merged_datasets/merged_training_dataset/modificate/ds1__platsim_ar_pico_banana_9gb-V__modificate__root__000126.jpg,1,0.8926524,1,modificate,,ds1__platsim_ar_pico_banana_9gb-V__modificate__root__000126.jpg,,
/content/tmp_merged_datasets/merged_training_dataset/originali/ds2__exp_3_augmented_v6.2_noK__originali__buono__zuppa__000964.jpg,0,0.008094373,0,originali,ds2__exp_3_augmented_v6.2_noK__originali__buono__zuppa__000964.jpg,,,
/content/tmp_merged_datasets/merged_training_dataset/originali/ds1__platsim_ar_pico_banana_9gb-V__originali__root__000580.jpg,0,0.0476687,0,originali,ds1__platsim_ar_pico_banana_9gb-V__originali__root__000580.jpg,,,
/content/tmp_merged_datasets/merged_training_dataset/modificate/ds2__exp_3_augmented_v6.2_noK__modificate__riso_paella__crudo__gpt_image_1_mini__002496.jpg,1,0.98946863,1,modificate,,ds2__exp_3_augmented_v6.2_noK__modificate__riso_paella__crudo__gpt_image_1_mini__002496.jpg,,
/content/tmp_merged_datasets/merged_training_dataset/originali/ds1__platsim_ar_pico_banana_9gb-V__originali__root__001966.jpg,0,0.017260628,0,originali,ds1__platsim_ar_pico_banana_9gb-V__originali__root__001966.jpg,,,
/content/tmp_merged_datasets/merged_training_dataset/modificate/ds1__platsim_ar_pico_banana_9gb-V__modificate__root__000078.jpg,1,0.9640412,1,modificate,,ds1__platsim_ar_pico_banana_9gb-V__modificate__root__000078.jpg,,
/content/tmp_merged_datasets/merged_training_dataset/originali/ds1__platsim_ar_pico_banana_9gb-V__originali__root__000610.jpg,0,0.012343789,0,originali,ds1__platsim_ar_pico_banana_9gb-V__originali__root__000610.jpg,,,
/content/tmp_merged_datasets/merged_training_dataset/originali/ds2__exp_3_augmented_v6.2_noK__originali__buono__carne__000346.jpg,0,0.06690985,0,originali,ds2__exp_3_augmented_v6.2_noK__originali__buono__carne__000346.jpg,,,
/content/tmp_merged_datasets/merged_training_dataset/modificate/ds6__whatsapp_vale_id__modificate__pasta__marcio__gpt_image_1_5__000283.jpeg,1,0.97727156,1,modificate,,ds6__whatsapp_vale_id__modificate__pasta__marcio__gpt_image_1_5__000283.jpeg,,
/content/tmp_merged_datasets/merged_training_dataset/originali/ds2__exp_3_augmented_v6.2_noK__originali__buono__burger_panino__000198.jpg,0,0.04199638,0,originali,ds2__exp_3_augmented_v6.2_noK__originali__buono__burger_panino__000198.jpg,,,
/content/tmp_merged_datasets/merged_training_dataset/originali/ds6__whatsapp_vale_id__originali__buono__sushi__000169.jpeg,0,0.018641913,0,originali,ds6__whatsapp_vale_id__originali__buono__sushi__000169.jpeg,,,
/content/tmp_merged_datasets/merged_training_dataset/modificate/ds1__platsim_ar_pico_banana_9gb-V__modificate__root__001659.jpg,1,0.4864371,0,modificate,,ds1__platsim_ar_pico_banana_9gb-V__modificate__root__001659.jpg,,
/content/tmp_merged_datasets/merged_training_dataset/modificate/ds2__exp_3_augmented_v6.2_noK__modificate__altro__marcio__gpt_image_1_mini__000476.jpg,1,0.9921407,1,modificate,,ds2__exp_3_augmented_v6.2_noK__modificate__altro__marcio__gpt_image_1_mini__000476.jpg,,
/content/tmp_merged_datasets/merged_training_dataset/originali/ds2__exp_3_augmented_v6.2_noK__originali__buono__frutta_verdura__000568.jpg,0,0.03935171,0,originali,ds2__exp_3_augmented_v6.2_noK__originali__buono__frutta_verdura__000568.jpg,,,
/content/tmp_merged_datasets/merged_training_dataset/modificate/ds4__platsim_whatsapp_vale_id__modificate__carne__crudo__gpt_image_1_mini__000129.jpg,1,0.9968453,1,modificate,,ds4__platsim_whatsapp_vale_id__modificate__carne__crudo__gpt_image_1_mini__000129.jpg,,
/content/tmp_merged_datasets/merged_training_dataset/originali/ds2__exp_3_augmented_v6.2_noK__originali__buono__carne__000364.jpg,0,0.012535395,0,originali,ds2__exp_3_augmented_v6.2_noK__originali__buono__carne__000364.jpg,,,
/content/tmp_merged_datasets/merged_training_dataset/modificate/ds2__exp_3_augmented_v6.2_noK__modificate__carne__crudo__gpt_image_1_mini__001248.jpg,1,0.9948715,1,modificate,,ds2__exp_3_augmented_v6.2_noK__modificate__carne__crudo__gpt_image_1_mini__001248.jpg,,
/content/tmp_merged_datasets/merged_training_dataset/modificate/ds1__platsim_ar_pico_banana_9gb-V__modificate__root__002139.jpg,1,0.97361666,1,modificate,,ds1__platsim_ar_pico_banana_9gb-V__modificate__root__002139.jpg,,
/content/tmp_merged_datasets/merged_training_dataset/modificate/ds1__platsim_ar_pico_banana_9gb-V__modificate__root__002201.jpg,1,0.023414303,0,modificate,,ds1__platsim_ar_pico_banana_9gb-V__modificate__root__002201.jpg,,
/content/tmp_merged_datasets/merged_training_dataset/modificate/ds2__exp_3_augmented_v6.2_noK__modificate__altro__bruciato__gpt_image_1_5__000026.jpg,1,0.9962825,1,modificate,,ds2__exp_3_augmented_v6.2_noK__modificate__altro__bruciato__gpt_image_1_5__000026.jpg,,
/content/tmp_merged_datasets/merged_training_dataset/originali/ds6__whatsapp_vale_id__originali__buono__fritti__000090.jpeg,0,0.027225563,0,originali,ds6__whatsapp_vale_id__originali__buono__fritti__000090.jpeg,,,
/content/tmp_merged_datasets/merged_training_dataset/modificate/ds1__platsim_ar_pico_banana_9gb-V__modificate__root__000989.jpg,1,0.08727972,0,modificate,,ds1__platsim_ar_pico_banana_9gb-V__modificate__root__000989.jpg,,
/content/tmp_merged_datasets/merged_training_dataset/modificate/ds2__exp_3_augmented_v6.2_noK__modificate__riso_paella__bruciato__gpt_image_1_mini__002413.jpg,1,0.9979272,1,modificate,,ds2__exp_3_augmented_v6.2_noK__modificate__riso_paella__bruciato__gpt_image_1_mini__002413.jpg,,
/content/tmp_merged_datasets/merged_training_dataset/modificate/ds2__exp_3_augmented_v6.2_noK__modificate__carne__bruciato__gpt_image_1_5__000898.jpg,1,0.99667394,1,modificate,,ds2__exp_3_augmented_v6.2_noK__modificate__carne__bruciato__gpt_image_1_5__000898.jpg,,
/content/tmp_merged_datasets/merged_training_dataset/originali/ds2__exp_3_augmented_v6.2_noK__originali__buono__frutta_verdura__000522.jpg,0,0.015143347,0,originali,ds2__exp_3_augmented_v6.2_noK__originali__buono__frutta_verdura__000522.jpg,,,
/content/tmp_merged_datasets/merged_training_dataset/originali/ds4__platsim_whatsapp_vale_id__originali__buono__pizza__000143.jpg,0,0.02174383,0,originali,ds4__platsim_whatsapp_vale_id__originali__buono__pizza__000143.jpg,,,
/content/tmp_merged_datasets/merged_training_dataset/modificate/ds2__exp_3_augmented_v6.2_noK__modificate__carne__crudo__gpt_image_1_mini__001189.jpg,1,0.99480766,1,modificate,,ds2__exp_3_augmented_v6.2_noK__modificate__carne__crudo__gpt_image_1_mini__001189.jpg,,
/content/tmp_merged_datasets/merged_training_dataset/modificate/ds1__platsim_ar_pico_banana_9gb-V__modificate__root__000562.jpg,1,0.9420522,1,modificate,,ds1__platsim_ar_pico_banana_9gb-V__modificate__root__000562.jpg,,
/content/tmp_merged_datasets/merged_training_dataset/originali/ds2__exp_3_augmented_v6.2_noK__originali__cattivo__frutta_verdura__marcio__001257.jpg,0,0.029392825,0,originali,ds2__exp_3_augmented_v6.2_noK__originali__cattivo__frutta_verdura__marcio__001257.jpg,,,
/content/tmp_merged_datasets/merged_training_dataset/modificate/ds1__platsim_ar_pico_banana_9gb-V__modificate__root__001866.jpg,1,0.58260137,1,modificate,,ds1__platsim_ar_pico_banana_9gb-V__modificate__root__001866.jpg,,
/content/tmp_merged_datasets/merged_training_dataset/originali/ds1__platsim_ar_pico_banana_9gb-V__originali__root__001487.jpg,0,0.007938126,0,originali,ds1__platsim_ar_pico_banana_9gb-V__originali__root__001487.jpg,,,
/content/tmp_merged_datasets/merged_training_dataset/originali/ds1__platsim_ar_pico_banana_9gb-V__originali__root__001378.jpg,0,0.0073290346,0,originali,ds1__platsim_ar_pico_banana_9gb-V__originali__root__001378.jpg,,,
/content/tmp_merged_datasets/merged_training_dataset/originali/ds2__exp_3_augmented_v6.2_noK__originali__cattivo__pizza__bruciato__001397.jpg,0,0.012202126,0,originali,ds2__exp_3_augmented_v6.2_noK__originali__cattivo__pizza__bruciato__001397.jpg,,,
/content/tmp_merged_datasets/merged_training_dataset/modificate/ds2__exp_3_augmented_v6.2_noK__modificate__frutta_verdura__crudo__gpt_image_1_mini__001569.jpg,1,0.9957313,1,modificate,,ds2__exp_3_augmented_v6.2_noK__modificate__frutta_verdura__crudo__gpt_image_1_mini__001569.jpg,,
/content/tmp_merged_datasets/merged_training_dataset/modificate/ds2__exp_3_augmented_v6.2_noK__modificate__carne__crudo__gpt_image_1_mini__001185.jpg,1,0.994955,1,modificate,,ds2__exp_3_augmented_v6.2_noK__modificate__carne__crudo__gpt_image_1_mini__001185.jpg,,
/content/tmp_merged_datasets/merged_training_dataset/modificate/ds6__whatsapp_vale_id__modificate__riso__paella__crudo__gpt_image_1_mini__000388.jpeg,1,0.9880091,1,modificate,,ds6__whatsapp_vale_id__modificate__riso__paella__crudo__gpt_image_1_mini__000388.jpeg,,
/content/tmp_merged_datasets/merged_training_dataset/modificate/ds1__platsim_ar_pico_banana_9gb-V__modificate__root__001508.jpg,1,0.85163844,1,modificate,,ds1__platsim_ar_pico_banana_9gb-V__modificate__root__001508.jpg,,
/content/tmp_merged_datasets/merged_training_dataset/modificate/ds1__platsim_ar_pico_banana_9gb-V__modificate__root__000955.jpg,1,0.9435898,1,modificate,,ds1__platsim_ar_pico_banana_9gb-V__modificate__root__000955.jpg,,
/content/tmp_merged_datasets/merged_training_dataset/modificate/ds3__platsim_raw_vale_id__modificate__riso__paella__bruciato__gpt_image_1_mini__000778.jpg,1,0.9918154,1,modificate,,ds3__platsim_raw_vale_id__modificate__riso__paella__bruciato__gpt_image_1_mini__000778.jpg,,
/content/tmp_merged_datasets/merged_training_dataset/originali/ds6__whatsapp_vale_id__originali__buono__pasta__000107.jpeg,0,0.42816243,0,originali,ds6__whatsapp_vale_id__originali__buono__pasta__000107.jpeg,,,
/content/tmp_merged_datasets/merged_training_dataset/originali/ds1__platsim_ar_pico_banana_9gb-V__originali__root__000509.jpg,0,0.9570795,1,originali,ds1__platsim_ar_pico_banana_9gb-V__originali__root__000509.jpg,,,
/content/tmp_merged_datasets/merged_training_dataset/originali/ds3__platsim_raw_vale_id__originali__buono__sushi__000360.jpg,0,0.016080588,0,originali,ds3__platsim_raw_vale_id__originali__buono__sushi__000360.jpg,,,
/content/tmp_merged_datasets/merged_training_dataset/originali/ds1__platsim_ar_pico_banana_9gb-V__originali__root__002262.jpg,0,0.064584054,0,originali,ds1__platsim_ar_pico_banana_9gb-V__originali__root__002262.jpg,,,
/content/tmp_merged_datasets/merged_training_dataset/modificate/ds2__exp_3_augmented_v6.2_noK__modificate__frutta_verdura__ammuffito__gpt_image_1_5__001483.jpg,1,0.9926455,1,modificate,,ds2__exp_3_augmented_v6.2_noK__modificate__frutta_verdura__ammuffito__gpt_image_1_5__001483.jpg,,
/content/tmp_merged_datasets/merged_training_dataset/modificate/ds4__platsim_whatsapp_vale_id__modificate__insalata__marcio__gpt_image_1_mini__000218.jpg,1,0.88759106,1,modificate,,ds4__platsim_whatsapp_vale_id__modificate__insalata__marcio__gpt_image_1_mini__000218.jpg,,
/content/tmp_merged_datasets/merged_training_dataset/originali/ds5__raw_vale_id__originali__buono__pasta__000231.jpg,0,0.011799613,0,originali,ds5__raw_vale_id__originali__buono__pasta__000231.jpg,,,
/content/tmp_merged_datasets/merged_training_dataset/modificate/ds1__platsim_ar_pico_banana_9gb-V__modificate__root__002280.jpg,1,0.9543127,1,modificate,,ds1__platsim_ar_pico_banana_9gb-V__modificate__root__002280.jpg,,
/content/tmp_merged_datasets/merged_training_dataset/modificate/ds1__platsim_ar_pico_banana_9gb-V__modificate__root__000884.jpg,1,0.9727711,1,modificate,,ds1__platsim_ar_pico_banana_9gb-V__modificate__root__000884.jpg,,
/content/tmp_merged_datasets/merged_training_dataset/modificate/ds1__platsim_ar_pico_banana_9gb-V__modificate__root__001121.jpg,1,0.9704727,1,modificate,,ds1__platsim_ar_pico_banana_9gb-V__modificate__root__001121.jpg,,
/content/tmp_merged_datasets/merged_training_dataset/modificate/ds2__exp_3_augmented_v6.2_noK__modificate__pasta__marcio__gpt_image_1_5__001927.jpg,1,0.9906391,1,modificate,,ds2__exp_3_augmented_v6.2_noK__modificate__pasta__marcio__gpt_image_1_5__001927.jpg,,
/content/tmp_merged_datasets/merged_training_dataset/originali/ds1__platsim_ar_pico_banana_9gb-V__originali__root__001612.jpg,0,0.021611422,0,originali,ds1__platsim_ar_pico_banana_9gb-V__originali__root__001612.jpg,,,
/content/tmp_merged_datasets/merged_training_dataset/modificate/ds2__exp_3_augmented_v6.2_noK__modificate__carne__crudo__gpt_image_1_mini__001260.jpg,1,0.9946743,1,modificate,,ds2__exp_3_augmented_v6.2_noK__modificate__carne__crudo__gpt_image_1_mini__001260.jpg,,
/content/tmp_merged_datasets/merged_training_dataset/modificate/ds1__platsim_ar_pico_banana_9gb-V__modificate__root__001086.jpg,1,0.6960047,1,modificate,,ds1__platsim_ar_pico_banana_9gb-V__modificate__root__001086.jpg,,
/content/tmp_merged_datasets/merged_training_dataset/modificate/ds2__exp_3_augmented_v6.2_noK__modificate__burger_panino__bruciato__gpt_image_1_5__000508.jpg,1,0.99619776,1,modificate,,ds2__exp_3_augmented_v6.2_noK__modificate__burger_panino__bruciato__gpt_image_1_5__000508.jpg,,
/content/tmp_merged_datasets/merged_training_dataset/originali/ds1__platsim_ar_pico_banana_9gb-V__originali__root__000004.jpg,0,0.01488282,0,originali,ds1__platsim_ar_pico_banana_9gb-V__originali__root__000004.jpg,,,
/content/tmp_merged_datasets/merged_training_dataset/modificate/ds2__exp_3_augmented_v6.2_noK__modificate__burger_panino__bruciato__gpt_image_1_mini__000538.jpg,1,0.9973515,1,modificate,,ds2__exp_3_augmented_v6.2_noK__modificate__burger_panino__bruciato__gpt_image_1_mini__000538.jpg,,
/content/tmp_merged_datasets/merged_training_dataset/originali/ds6__whatsapp_vale_id__originali__buono__dessert__000069.jpeg,0,0.017036218,0,originali,ds6__whatsapp_vale_id__originali__buono__dessert__000069.jpeg,,,
/content/tmp_merged_datasets/merged_training_dataset/modificate/ds1__platsim_ar_pico_banana_9gb-V__modificate__root__000439.jpg,1,0.88099915,1,modificate,,ds1__platsim_ar_pico_banana_9gb-V__modificate__root__000439.jpg,,
/content/tmp_merged_datasets/merged_training_dataset/modificate/ds3__platsim_raw_vale_id__modificate__pasta__marcio__gpt_image_1_5__000618.jpg,1,0.79711044,1,modificate,,ds3__platsim_raw_vale_id__modificate__pasta__marcio__gpt_image_1_5__000618.jpg,,
/content/tmp_merged_datasets/merged_training_dataset/modificate/ds3__platsim_raw_vale_id__modificate__zuppa__marcio__gpt_image_1_5__000889.jpg,1,0.99267346,1,modificate,,ds3__platsim_raw_vale_id__modificate__zuppa__marcio__gpt_image_1_5__000889.jpg,,
/content/tmp_merged_datasets/merged_training_dataset/originali/ds1__platsim_ar_pico_banana_9gb-V__originali__root__000602.jpg,0,0.025905812,0,originali,ds1__platsim_ar_pico_banana_9gb-V__originali__root__000602.jpg,,,
/content/tmp_merged_datasets/merged_training_dataset/originali/ds3__platsim_raw_vale_id__originali__buono__frutta_verdura__000212.jpg,0,0.9162262,1,originali,ds3__platsim_raw_vale_id__originali__buono__frutta_verdura__000212.jpg,,,
/content/tmp_merged_datasets/merged_training_dataset/originali/ds1__platsim_ar_pico_banana_9gb-V__originali__root__002153.jpg,0,0.20776339,0,originali,ds1__platsim_ar_pico_banana_9gb-V__originali__root__002153.jpg,,,
/content/tmp_merged_datasets/merged_training_dataset/modificate/ds1__platsim_ar_pico_banana_9gb-V__modificate__root__001766.jpg,1,0.012613513,0,modificate,,ds1__platsim_ar_pico_banana_9gb-V__modificate__root__001766.jpg,,
/content/tmp_merged_datasets/merged_training_dataset/originali/ds1__platsim_ar_pico_banana_9gb-V__originali__root__002012.jpg,0,0.2123881,0,originali,ds1__platsim_ar_pico_banana_9gb-V__originali__root__002012.jpg,,,
/content/tmp_merged_datasets/merged_training_dataset/modificate/ds1__platsim_ar_pico_banana_9gb-V__modificate__root__001067.jpg,1,0.041127566,0,modificate,,ds1__platsim_ar_pico_banana_9gb-V__modificate__root__001067.jpg,,
/content/tmp_merged_datasets/merged_training_dataset/modificate/ds1__platsim_ar_pico_banana_9gb-V__modificate__root__001952.jpg,1,0.92828274,1,modificate,,ds1__platsim_ar_pico_banana_9gb-V__modificate__root__001952.jpg,,
/content/tmp_merged_datasets/merged_training_dataset/modificate/ds5__raw_vale_id__modificate__carne__bruciato__gpt_image_1_mini__000325.jpg,1,0.9888812,1,modificate,,ds5__raw_vale_id__modificate__carne__bruciato__gpt_image_1_mini__000325.jpg,,
/content/tmp_merged_datasets/merged_training_dataset/modificate/ds2__exp_3_augmented_v6.2_noK__modificate__frutta_verdura__marcio__gpt_image_1_mini__001672.jpg,1,0.97434694,1,modificate,,ds2__exp_3_augmented_v6.2_noK__modificate__frutta_verdura__marcio__gpt_image_1_mini__001672.jpg,,
/content/tmp_merged_datasets/merged_training_dataset/modificate/ds4__platsim_whatsapp_vale_id__modificate__dessert__crudo__gpt_image_1_5__000170.jpg,1,0.97173035,1,modificate,,ds4__platsim_whatsapp_vale_id__modificate__dessert__crudo__gpt_image_1_5__000170.jpg,,
/content/tmp_merged_datasets/merged_training_dataset/modificate/ds2__exp_3_augmented_v6.2_noK__modificate__frutta_verdura__marcio__gpt_image_1_mini__001698.jpg,1,0.984121,1,modificate,,ds2__exp_3_augmented_v6.2_noK__modificate__frutta_verdura__marcio__gpt_image_1_mini__001698.jpg,,
/content/tmp_merged_datasets/merged_training_dataset/originali/ds1__platsim_ar_pico_banana_9gb-V__originali__root__000961.jpg,0,0.13821973,0,originali,ds1__platsim_ar_pico_banana_9gb-V__originali__root__000961.jpg,,,
/content/tmp_merged_datasets/merged_training_dataset/originali/ds1__platsim_ar_pico_banana_9gb-V__originali__root__000866.jpg,0,0.03532994,0,originali,ds1__platsim_ar_pico_banana_9gb-V__originali__root__000866.jpg,,,
/content/tmp_merged_datasets/merged_training_dataset/originali/ds1__platsim_ar_pico_banana_9gb-V__originali__root__001397.jpg,0,0.036945935,0,originali,ds1__platsim_ar_pico_banana_9gb-V__originali__root__001397.jpg,,,
/content/tmp_merged_datasets/merged_training_dataset/originali/ds2__exp_3_augmented_v6.2_noK__originali__buono__pasta__000605.jpg,0,0.033397496,0,originali,ds2__exp_3_augmented_v6.2_noK__originali__buono__pasta__000605.jpg,,,
/content/tmp_merged_datasets/merged_training_dataset/modificate/ds2__exp_3_augmented_v6.2_noK__modificate__fritti__bruciato__gpt_image_1_5__001386.jpg,1,0.9912164,1,modificate,,ds2__exp_3_augmented_v6.2_noK__modificate__fritti__bruciato__gpt_image_1_5__001386.jpg,,
/content/tmp_merged_datasets/merged_training_dataset/originali/ds1__platsim_ar_pico_banana_9gb-V__originali__root__000120.jpg,0,0.014446461,0,originali,ds1__platsim_ar_pico_banana_9gb-V__originali__root__000120.jpg,,,
/content/tmp_merged_datasets/merged_training_dataset/modificate/ds4__platsim_whatsapp_vale_id__modificate__frutta__verdura__marcio__gpt_image_1_5__000210.jpg,1,0.8541097,1,modificate,,ds4__platsim_whatsapp_vale_id__modificate__frutta__verdura__marcio__gpt_image_1_5__000210.jpg,,
/content/tmp_merged_datasets/merged_training_dataset/modificate/ds1__platsim_ar_pico_banana_9gb-V__modificate__root__001266.jpg,1,0.0852356,0,modificate,,ds1__platsim_ar_pico_banana_9gb-V__modificate__root__001266.jpg,,
/content/tmp_merged_datasets/merged_training_dataset/originali/ds1__platsim_ar_pico_banana_9gb-V__originali__root__000090.jpg,0,0.032800943,0,originali,ds1__platsim_ar_pico_banana_9gb-V__originali__root__000090.jpg,,,
/content/tmp_merged_datasets/merged_training_dataset/modificate/ds2__exp_3_augmented_v6.2_noK__modificate__patatine__crudo__gpt_image_1_5__002102.jpg,1,0.9923724,1,modificate,,ds2__exp_3_augmented_v6.2_noK__modificate__patatine__crudo__gpt_image_1_5__002102.jpg,,
/content/tmp_merged_datasets/merged_training_dataset/originali/ds1__platsim_ar_pico_banana_9gb-V__originali__root__001909.jpg,0,0.95144176,1,originali,ds1__platsim_ar_pico_banana_9gb-V__originali__root__001909.jpg,,,
/content/tmp_merged_datasets/merged_training_dataset/modificate/ds1__platsim_ar_pico_banana_9gb-V__modificate__root__000304.jpg,1,0.9596314,1,modificate,,ds1__platsim_ar_pico_banana_9gb-V__modificate__root__000304.jpg,,
/content/tmp_merged_datasets/merged_training_dataset/modificate/ds2__exp_3_augmented_v6.2_noK__modificate__dessert__marcio__gpt_image_1_5__001365.jpg,1,0.994964,1,modificate,,ds2__exp_3_augmented_v6.2_noK__modificate__dessert__marcio__gpt_image_1_5__001365.jpg,,
/content/tmp_merged_datasets/merged_training_dataset/originali/ds1__platsim_ar_pico_banana_9gb-V__originali__root__002362.jpg,0,0.890502,1,originali,ds1__platsim_ar_pico_banana_9gb-V__originali__root__002362.jpg,,,
/content/tmp_merged_datasets/merged_training_dataset/modificate/ds2__exp_3_augmented_v6.2_noK__modificate__pizza__bruciato__gpt_image_1_5__002156.jpg,1,0.9975526,1,modificate,,ds2__exp_3_augmented_v6.2_noK__modificate__pizza__bruciato__gpt_image_1_5__002156.jpg,,
/content/tmp_merged_datasets/merged_training_dataset/modificate/ds1__platsim_ar_pico_banana_9gb-V__modificate__root__001385.jpg,1,0.028771572,0,modificate,,ds1__platsim_ar_pico_banana_9gb-V__modificate__root__001385.jpg,,
/content/tmp_merged_datasets/merged_training_dataset/modificate/ds2__exp_3_augmented_v6.2_noK__modificate__insalata__insetti__gpt_image_1_5__001705.jpg,1,0.89402694,1,modificate,,ds2__exp_3_augmented_v6.2_noK__modificate__insalata__insetti__gpt_image_1_5__001705.jpg,,
/content/tmp_merged_datasets/merged_training_dataset/originali/ds6__whatsapp_vale_id__originali__buono__carne__000060.jpeg,0,0.020495126,0,originali,ds6__whatsapp_vale_id__originali__buono__carne__000060.jpeg,,,
/content/tmp_merged_datasets/merged_training_dataset/originali/ds5__raw_vale_id__originali__buono__pasta__000247.jpg,0,0.026968047,0,originali,ds5__raw_vale_id__originali__buono__pasta__000247.jpg,,,
/content/tmp_merged_datasets/merged_training_dataset/modificate/ds3__platsim_raw_vale_id__modificate__carne__bruciato__gpt_image_1_5__000302.jpg,1,0.99398416,1,modificate,,ds3__platsim_raw_vale_id__modificate__carne__bruciato__gpt_image_1_5__000302.jpg,,
/content/tmp_merged_datasets/merged_training_dataset/originali/ds1__platsim_ar_pico_banana_9gb-V__originali__root__000796.jpg,0,0.9315752,1,originali,ds1__platsim_ar_pico_banana_9gb-V__originali__root__000796.jpg,,,
/content/tmp_merged_datasets/merged_training_dataset/originali/ds4__platsim_whatsapp_vale_id__originali__buono__frutta_verdura__000093.jpg,0,0.029755974,0,originali,ds4__platsim_whatsapp_vale_id__originali__buono__frutta_verdura__000093.jpg,,,
/content/tmp_merged_datasets/merged_training_dataset/originali/ds5__raw_vale_id__originali__buono__altro__000068.jpg,0,0.019963894,0,originali,ds5__raw_vale_id__originali__buono__altro__000068.jpg,,,
/content/tmp_merged_datasets/merged_training_dataset/originali/ds2__exp_3_augmented_v6.2_noK__originali__buono__carne__000426.jpg,0,0.010083198,0,originali,ds2__exp_3_augmented_v6.2_noK__originali__buono__carne__000426.jpg,,,
/content/tmp_merged_datasets/merged_training_dataset/modificate/ds2__exp_3_augmented_v6.2_noK__modificate__altro__bruciato__gpt_image_1_mini__000092.jpg,1,0.9978167,1,modificate,,ds2__exp_3_augmented_v6.2_noK__modificate__altro__bruciato__gpt_image_1_mini__000092.jpg,,
/content/tmp_merged_datasets/merged_training_dataset/modificate/ds2__exp_3_augmented_v6.2_noK__modificate__carne__crudo__gpt_image_1_5__001172.jpg,1,0.9952004,1,modificate,,ds2__exp_3_augmented_v6.2_noK__modificate__carne__crudo__gpt_image_1_5__001172.jpg,,
/content/tmp_merged_datasets/merged_training_dataset/originali/ds5__raw_vale_id__originali__buono__dessert__000197.jpg,0,0.9114771,1,originali,ds5__raw_vale_id__originali__buono__dessert__000197.jpg,,,
/content/tmp_merged_datasets/merged_training_dataset/originali/ds4__platsim_whatsapp_vale_id__originali__buono__dessert__000081.jpg,0,0.034936696,0,originali,ds4__platsim_whatsapp_vale_id__originali__buono__dessert__000081.jpg,,,
/content/tmp_merged_datasets/merged_training_dataset/modificate/ds4__platsim_whatsapp_vale_id__modificate__pasta__marcio__gpt_image_1_mini__000288.jpg,1,0.9928469,1,modificate,,ds4__platsim_whatsapp_vale_id__modificate__pasta__marcio__gpt_image_1_mini__000288.jpg,,
/content/tmp_merged_datasets/merged_training_dataset/originali/ds1__platsim_ar_pico_banana_9gb-V__originali__root__002375.jpg,0,0.9625264,1,originali,ds1__platsim_ar_pico_banana_9gb-V__originali__root__002375.jpg,,,
/content/tmp_merged_datasets/merged_training_dataset/originali/ds2__exp_3_augmented_v6.2_noK__originali__buono__frutta_verdura__000539.jpg,0,0.025499942,0,originali,ds2__exp_3_augmented_v6.2_noK__originali__buono__frutta_verdura__000539.jpg,,,
/content/tmp_merged_datasets/merged_training_dataset/originali/ds1__platsim_ar_pico_banana_9gb-V__originali__root__002075.jpg,0,0.64124197,1,originali,ds1__platsim_ar_pico_banana_9gb-V__originali__root__002075.jpg,,,
/content/tmp_merged_datasets/merged_training_dataset/originali/ds1__platsim_ar_pico_banana_9gb-V__originali__root__001522.jpg,0,0.91268367,1,originali,ds1__platsim_ar_pico_banana_9gb-V__originali__root__001522.jpg,,,
/content/tmp_merged_datasets/merged_training_dataset/originali/ds2__exp_3_augmented_v6.2_noK__originali__buono__altro__000009.jpg,0,0.008628799,0,originali,ds2__exp_3_augmented_v6.2_noK__originali__buono__altro__000009.jpg,,,
/content/tmp_merged_datasets/merged_training_dataset/originali/ds1__platsim_ar_pico_banana_9gb-V__originali__root__001301.jpg,0,0.9522006,1,originali,ds1__platsim_ar_pico_banana_9gb-V__originali__root__001301.jpg,,,
/content/tmp_merged_datasets/merged_training_dataset/modificate/ds3__platsim_raw_vale_id__modificate__altro__marcio__gpt_image_1_5__000147.jpg,1,0.96996707,1,modificate,,ds3__platsim_raw_vale_id__modificate__altro__marcio__gpt_image_1_5__000147.jpg,,
/content/tmp_merged_datasets/merged_training_dataset/originali/ds1__platsim_ar_pico_banana_9gb-V__originali__root__001339.jpg,0,0.8232196,1,originali,ds1__platsim_ar_pico_banana_9gb-V__originali__root__001339.jpg,,,
/content/tmp_merged_datasets/merged_training_dataset/originali/ds1__platsim_ar_pico_banana_9gb-V__originali__root__002047.jpg,0,0.61791176,1,originali,ds1__platsim_ar_pico_banana_9gb-V__originali__root__002047.jpg,,,
/content/tmp_merged_datasets/merged_training_dataset/originali/ds1__platsim_ar_pico_banana_9gb-V__originali__root__001926.jpg,0,0.16610323,0,originali,ds1__platsim_ar_pico_banana_9gb-V__originali__root__001926.jpg,,,
/content/tmp_merged_datasets/merged_training_dataset/originali/ds2__exp_3_augmented_v6.2_noK__originali__buono__carne__000404.jpg,0,0.06253815,0,originali,ds2__exp_3_augmented_v6.2_noK__originali__buono__carne__000404.jpg,,,
/content/tmp_merged_datasets/merged_training_dataset/modificate/ds1__platsim_ar_pico_banana_9gb-V__modificate__root__000336.jpg,1,0.030755296,0,modificate,,ds1__platsim_ar_pico_banana_9gb-V__modificate__root__000336.jpg,,
/content/tmp_merged_datasets/merged_training_dataset/originali/ds1__platsim_ar_pico_banana_9gb-V__originali__root__000017.jpg,0,0.9008203,1,originali,ds1__platsim_ar_pico_banana_9gb-V__originali__root__000017.jpg,,,
/content/tmp_merged_datasets/merged_training_dataset/originali/ds6__whatsapp_vale_id__originali__buono__altro__000007.jpeg,0,0.22769594,0,originali,ds6__whatsapp_vale_id__originali__buono__altro__000007.jpeg,,,
/content/tmp_merged_datasets/merged_training_dataset/modificate/ds2__exp_3_augmented_v6.2_noK__modificate__sushi__marcio__gpt_image_1_mini__002639.jpg,1,0.9794374,1,modificate,,ds2__exp_3_augmented_v6.2_noK__modificate__sushi__marcio__gpt_image_1_mini__002639.jpg,,
/content/tmp_merged_datasets/merged_training_dataset/originali/ds1__platsim_ar_pico_banana_9gb-V__originali__root__001798.jpg,0,0.3312193,0,originali,ds1__platsim_ar_pico_banana_9gb-V__originali__root__001798.jpg,,,
/content/tmp_merged_datasets/merged_training_dataset/modificate/ds1__platsim_ar_pico_banana_9gb-V__modificate__root__001426.jpg,1,0.019279296,0,modificate,,ds1__platsim_ar_pico_banana_9gb-V__modificate__root__001426.jpg,,
/content/tmp_merged_datasets/merged_training_dataset/originali/ds1__platsim_ar_pico_banana_9gb-V__originali__root__002325.jpg,0,0.95369613,1,originali,ds1__platsim_ar_pico_banana_9gb-V__originali__root__002325.jpg,,,
/content/tmp_merged_datasets/merged_training_dataset/originali/ds2__exp_3_augmented_v6.2_noK__originali__buono__riso_paella__000830.jpg,0,0.025508286,0,originali,ds2__exp_3_augmented_v6.2_noK__originali__buono__riso_paella__000830.jpg,,,
/content/tmp_merged_datasets/merged_training_dataset/modificate/ds2__exp_3_augmented_v6.2_noK__modificate__altro__crudo__gpt_image_1_mini__000279.jpg,1,0.9958391,1,modificate,,ds2__exp_3_augmented_v6.2_noK__modificate__altro__crudo__gpt_image_1_mini__000279.jpg,,
/content/tmp_merged_datasets/merged_training_dataset/modificate/ds1__platsim_ar_pico_banana_9gb-V__modificate__root__001599.jpg,1,0.88652694,1,modificate,,ds1__platsim_ar_pico_banana_9gb-V__modificate__root__001599.jpg,,
/content/tmp_merged_datasets/merged_training_dataset/modificate/ds6__whatsapp_vale_id__modificate__altro__bruciato__gpt_image_1_5__000017.jpeg,1,0.9974451,1,modificate,,ds6__whatsapp_vale_id__modificate__altro__bruciato__gpt_image_1_5__000017.jpeg,,
/content/tmp_merged_datasets/merged_training_dataset/modificate/ds2__exp_3_augmented_v6.2_noK__modificate__sushi__marcio__gpt_image_1_5__002611.jpg,1,0.9816049,1,modificate,,ds2__exp_3_augmented_v6.2_noK__modificate__sushi__marcio__gpt_image_1_5__002611.jpg,,
/content/tmp_merged_datasets/merged_training_dataset/originali/ds1__platsim_ar_pico_banana_9gb-V__originali__root__000520.jpg,0,0.0060856245,0,originali,ds1__platsim_ar_pico_banana_9gb-V__originali__root__000520.jpg,,,
/content/tmp_merged_datasets/merged_training_dataset/modificate/ds1__platsim_ar_pico_banana_9gb-V__modificate__root__000812.jpg,1,0.931743,1,modificate,,ds1__platsim_ar_pico_banana_9gb-V__modificate__root__000812.jpg,,
/content/tmp_merged_datasets/merged_training_dataset/modificate/ds2__exp_3_augmented_v6.2_noK__modificate__burger_panino__crudo__gpt_image_1_5__000662.jpg,1,0.98583305,1,modificate,,ds2__exp_3_augmented_v6.2_noK__modificate__burger_panino__crudo__gpt_image_1_5__000662.jpg,,
/content/tmp_merged_datasets/merged_training_dataset/modificate/ds1__platsim_ar_pico_banana_9gb-V__modificate__root__000661.jpg,1,0.98509604,1,modificate,,ds1__platsim_ar_pico_banana_9gb-V__modificate__root__000661.jpg,,
/content/tmp_merged_datasets/merged_training_dataset/originali/ds1__platsim_ar_pico_banana_9gb-V__originali__root__000655.jpg,0,0.8216661,1,originali,ds1__platsim_ar_pico_banana_9gb-V__originali__root__000655.jpg,,,
/content/tmp_merged_datasets/merged_training_dataset/modificate/ds3__platsim_raw_vale_id__modificate__pasta__bruciato__gpt_image_1_mini__000513.jpg,1,0.98736876,1,modificate,,ds3__platsim_raw_vale_id__modificate__pasta__bruciato__gpt_image_1_mini__000513.jpg,,
/content/tmp_merged_datasets/merged_training_dataset/modificate/ds2__exp_3_augmented_v6.2_noK__modificate__carne__crudo__gpt_image_1_5__001112.jpg,1,0.99645364,1,modificate,,ds2__exp_3_augmented_v6.2_noK__modificate__carne__crudo__gpt_image_1_5__001112.jpg,,
/content/tmp_merged_datasets/merged_training_dataset/originali/ds2__exp_3_augmented_v6.2_noK__originali__cattivo__frutta_verdura__ammuffito__001238.jpg,0,0.0046863332,0,originali,ds2__exp_3_augmented_v6.2_noK__originali__cattivo__frutta_verdura__ammuffito__001238.jpg,,,
/content/tmp_merged_datasets/merged_training_dataset/modificate/ds2__exp_3_augmented_v6.2_noK__modificate__pizza__bruciato__gpt_image_1_5__002157.jpg,1,0.9974873,1,modificate,,ds2__exp_3_augmented_v6.2_noK__modificate__pizza__bruciato__gpt_image_1_5__002157.jpg,,
/content/tmp_merged_datasets/merged_training_dataset/originali/ds1__platsim_ar_pico_banana_9gb-V__originali__root__001443.jpg,0,0.015466515,0,originali,ds1__platsim_ar_pico_banana_9gb-V__originali__root__001443.jpg,,,
/content/tmp_merged_datasets/merged_training_dataset/originali/ds2__exp_3_augmented_v6.2_noK__originali__buono__insalata__000584.jpg,0,0.04693739,0,originali,ds2__exp_3_augmented_v6.2_noK__originali__buono__insalata__000584.jpg,,,
/content/tmp_merged_datasets/merged_training_dataset/modificate/ds1__platsim_ar_pico_banana_9gb-V__modificate__root__000895.jpg,1,0.9114542,1,modificate,,ds1__platsim_ar_pico_banana_9gb-V__modificate__root__000895.jpg,,
/content/tmp_merged_datasets/merged_training_dataset/modificate/ds3__platsim_raw_vale_id__modificate__riso__paella__crudo__gpt_image_1_5__000782.jpg,1,0.96824574,1,modificate,,ds3__platsim_raw_vale_id__modificate__riso__paella__crudo__gpt_image_1_5__000782.jpg,,
/content/tmp_merged_datasets/merged_training_dataset/originali/ds1__platsim_ar_pico_banana_9gb-V__originali__root__000407.jpg,0,0.9561295,1,originali,ds1__platsim_ar_pico_banana_9gb-V__originali__root__000407.jpg,,,
/content/tmp_merged_datasets/merged_training_dataset/modificate/ds1__platsim_ar_pico_banana_9gb-V__modificate__root__001151.jpg,1,0.8560258,1,modificate,,ds1__platsim_ar_pico_banana_9gb-V__modificate__root__001151.jpg,,
/content/tmp_merged_datasets/merged_training_dataset/modificate/ds1__platsim_ar_pico_banana_9gb-V__modificate__root__002218.jpg,1,0.02234199,0,modificate,,ds1__platsim_ar_pico_banana_9gb-V__modificate__root__002218.jpg,,
/content/tmp_merged_datasets/merged_training_dataset/modificate/ds1__platsim_ar_pico_banana_9gb-V__modificate__root__001058.jpg,1,0.9657705,1,modificate,,ds1__platsim_ar_pico_banana_9gb-V__modificate__root__001058.jpg,,
/content/tmp_merged_datasets/merged_training_dataset/modificate/ds4__platsim_whatsapp_vale_id__modificate__carne__crudo__gpt_image_1_5__000122.jpg,1,0.9907923,1,modificate,,ds4__platsim_whatsapp_vale_id__modificate__carne__crudo__gpt_image_1_5__000122.jpg,,
/content/tmp_merged_datasets/merged_training_dataset/originali/ds2__exp_3_augmented_v6.2_noK__originali__cattivo__carne__bruciato__001140.jpg,0,0.006796743,0,originali,ds2__exp_3_augmented_v6.2_noK__originali__cattivo__carne__bruciato__001140.jpg,,,
/content/tmp_merged_datasets/merged_training_dataset/originali/ds2__exp_3_augmented_v6.2_noK__originali__cattivo__zuppa__bruciato__001427.jpg,0,0.017874032,0,originali,ds2__exp_3_augmented_v6.2_noK__originali__cattivo__zuppa__bruciato__001427.jpg,,,
/content/tmp_merged_datasets/merged_training_dataset/modificate/ds6__whatsapp_vale_id__modificate__altro__insetti__gpt_image_1_5__000041.jpeg,1,0.9383366,1,modificate,,ds6__whatsapp_vale_id__modificate__altro__insetti__gpt_image_1_5__000041.jpeg,,
/content/tmp_merged_datasets/merged_training_dataset/modificate/ds1__platsim_ar_pico_banana_9gb-V__modificate__root__000747.jpg,1,0.9126984,1,modificate,,ds1__platsim_ar_pico_banana_9gb-V__modificate__root__000747.jpg,,
/content/tmp_merged_datasets/merged_training_dataset/modificate/ds3__platsim_raw_vale_id__modificate__dessert__bruciato__gpt_image_1_5__000399.jpg,1,0.98593616,1,modificate,,ds3__platsim_raw_vale_id__modificate__dessert__bruciato__gpt_image_1_5__000399.jpg,,
/content/tmp_merged_datasets/merged_training_dataset/modificate/ds3__platsim_raw_vale_id__modificate__altro__insetti__gpt_image_1_mini__000122.jpg,1,0.9167119,1,modificate,,ds3__platsim_raw_vale_id__modificate__altro__insetti__gpt_image_1_mini__000122.jpg,,
/content/tmp_merged_datasets/merged_training_dataset/originali/ds1__platsim_ar_pico_banana_9gb-V__originali__root__002213.jpg,0,0.23761457,0,originali,ds1__platsim_ar_pico_banana_9gb-V__originali__root__002213.jpg,,,
/content/tmp_merged_datasets/merged_training_dataset/modificate/ds2__exp_3_augmented_v6.2_noK__modificate__burger_panino__bruciato__gpt_image_1_mini__000544.jpg,1,0.99569595,1,modificate,,ds2__exp_3_augmented_v6.2_noK__modificate__burger_panino__bruciato__gpt_image_1_mini__000544.jpg,,
/content/tmp_merged_datasets/merged_training_dataset/modificate/ds2__exp_3_augmented_v6.2_noK__modificate__riso_paella__bruciato__gpt_image_1_5__002386.jpg,1,0.9890637,1,modificate,,ds2__exp_3_augmented_v6.2_noK__modificate__riso_paella__bruciato__gpt_image_1_5__002386.jpg,,
/content/tmp_merged_datasets/merged_training_dataset/modificate/ds1__platsim_ar_pico_banana_9gb-V__modificate__root__001285.jpg,1,0.95277214,1,modificate,,ds1__platsim_ar_pico_banana_9gb-V__modificate__root__001285.jpg,,
/content/tmp_merged_datasets/merged_training_dataset/originali/ds3__platsim_raw_vale_id__originali__buono__altro__000046.jpg,0,0.019393478,0,originali,ds3__platsim_raw_vale_id__originali__buono__altro__000046.jpg,,,
/content/tmp_merged_datasets/merged_training_dataset/modificate/ds1__platsim_ar_pico_banana_9gb-V__modificate__root__001487.jpg,1,0.9413643,1,modificate,,ds1__platsim_ar_pico_banana_9gb-V__modificate__root__001487.jpg,,
/content/tmp_merged_datasets/merged_training_dataset/originali/ds5__raw_vale_id__originali__buono__dessert__000183.jpg,0,0.010816792,0,originali,ds5__raw_vale_id__originali__buono__dessert__000183.jpg,,,
/content/tmp_merged_datasets/merged_training_dataset/modificate/ds2__exp_3_augmented_v6.2_noK__modificate__burger_panino__crudo__gpt_image_1_mini__000783.jpg,1,0.9742289,1,modificate,,ds2__exp_3_augmented_v6.2_noK__modificate__burger_panino__crudo__gpt_image_1_mini__000783.jpg,,
/content/tmp_merged_datasets/merged_training_dataset/originali/ds2__exp_3_augmented_v6.2_noK__originali__buono__pasta__000719.jpg,0,0.008196081,0,originali,ds2__exp_3_augmented_v6.2_noK__originali__buono__pasta__000719.jpg,,,
/content/tmp_merged_datasets/merged_training_dataset/modificate/ds2__exp_3_augmented_v6.2_noK__modificate__pasta__crudo__gpt_image_1_5__001771.jpg,1,0.980807,1,modificate,,ds2__exp_3_augmented_v6.2_noK__modificate__pasta__crudo__gpt_image_1_5__001771.jpg,,
/content/tmp_merged_datasets/merged_training_dataset/originali/ds2__exp_3_augmented_v6.2_noK__originali__buono__altro__000089.jpg,0,0.018486684,0,originali,ds2__exp_3_augmented_v6.2_noK__originali__buono__altro__000089.jpg,,,
/content/tmp_merged_datasets/merged_training_dataset/modificate/ds2__exp_3_augmented_v6.2_noK__modificate__carne__bruciato__gpt_image_1_mini__001009.jpg,1,0.9962998,1,modificate,,ds2__exp_3_augmented_v6.2_noK__modificate__carne__bruciato__gpt_image_1_mini__001009.jpg,,
/content/tmp_merged_datasets/merged_training_dataset/modificate/ds2__exp_3_augmented_v6.2_noK__modificate__frutta_verdura__marcio__gpt_image_1_5__001648.jpg,1,0.9848075,1,modificate,,ds2__exp_3_augmented_v6.2_noK__modificate__frutta_verdura__marcio__gpt_image_1_5__001648.jpg,,
/content/tmp_merged_datasets/merged_training_dataset/modificate/ds6__whatsapp_vale_id__modificate__riso__paella__bruciato__gpt_image_1_5__000353.jpeg,1,0.99438345,1,modificate,,ds6__whatsapp_vale_id__modificate__riso__paella__bruciato__gpt_image_1_5__000353.jpeg,,
/content/tmp_merged_datasets/merged_training_dataset/modificate/ds2__exp_3_augmented_v6.2_noK__modificate__pasta__crudo__gpt_image_1_mini__001906.jpg,1,0.9747935,1,modificate,,ds2__exp_3_augmented_v6.2_noK__modificate__pasta__crudo__gpt_image_1_mini__001906.jpg,,
/content/tmp_merged_datasets/merged_training_dataset/modificate/ds1__platsim_ar_pico_banana_9gb-V__modificate__root__001936.jpg,1,0.95587295,1,modificate,,ds1__platsim_ar_pico_banana_9gb-V__modificate__root__001936.jpg,,
/content/tmp_merged_datasets/merged_training_dataset/modificate/ds5__raw_vale_id__modificate__pasta__bruciato__gpt_image_1_5__000499.jpg,1,0.99538356,1,modificate,,ds5__raw_vale_id__modificate__pasta__bruciato__gpt_image_1_5__000499.jpg,,
/content/tmp_merged_datasets/merged_training_dataset/modificate/ds6__whatsapp_vale_id__modificate__dessert__altro__gpt_image_1_5__000146.jpeg,1,0.9910363,1,modificate,,ds6__whatsapp_vale_id__modificate__dessert__altro__gpt_image_1_5__000146.jpeg,,
/content/tmp_merged_datasets/merged_training_dataset/modificate/ds2__exp_3_augmented_v6.2_noK__modificate__burger_panino__marcio__gpt_image_1_mini__000820.jpg,1,0.9964001,1,modificate,,ds2__exp_3_augmented_v6.2_noK__modificate__burger_panino__marcio__gpt_image_1_mini__000820.jpg,,
/content/tmp_merged_datasets/merged_training_dataset/modificate/ds3__platsim_raw_vale_id__modificate__carne__crudo__gpt_image_1_5__000342.jpg,1,0.95180166,1,modificate,,ds3__platsim_raw_vale_id__modificate__carne__crudo__gpt_image_1_5__000342.jpg,,
/content/tmp_merged_datasets/merged_training_dataset/modificate/ds3__platsim_raw_vale_id__modificate__burger__panino__insetti__gpt_image_1_5__000276.jpg,1,0.88908446,1,modificate,,ds3__platsim_raw_vale_id__modificate__burger__panino__insetti__gpt_image_1_5__000276.jpg,,
/content/tmp_merged_datasets/merged_training_dataset/modificate/ds5__raw_vale_id__modificate__dessert__marcio__gpt_image_1_5__000421.jpg,1,0.9649961,1,modificate,,ds5__raw_vale_id__modificate__dessert__marcio__gpt_image_1_5__000421.jpg,,
/content/tmp_merged_datasets/merged_training_dataset/modificate/ds2__exp_3_augmented_v6.2_noK__modificate__altro__marcio__gpt_image_1_mini__000415.jpg,1,0.9933529,1,modificate,,ds2__exp_3_augmented_v6.2_noK__modificate__altro__marcio__gpt_image_1_mini__000415.jpg,,
/content/tmp_merged_datasets/merged_training_dataset/modificate/ds3__platsim_raw_vale_id__modificate__riso__paella__crudo__gpt_image_1_5__000800.jpg,1,0.88760364,1,modificate,,ds3__platsim_raw_vale_id__modificate__riso__paella__crudo__gpt_image_1_5__000800.jpg,,
/content/tmp_merged_datasets/merged_training_dataset/modificate/ds1__platsim_ar_pico_banana_9gb-V__modificate__root__001898.jpg,1,0.88012826,1,modificate,,ds1__platsim_ar_pico_banana_9gb-V__modificate__root__001898.jpg,,
/content/tmp_merged_datasets/merged_training_dataset/modificate/ds2__exp_3_augmented_v6.2_noK__modificate__carne__bruciato__gpt_image_1_mini__001058.jpg,1,0.99595284,1,modificate,,ds2__exp_3_augmented_v6.2_noK__modificate__carne__bruciato__gpt_image_1_mini__001058.jpg,,
/content/tmp_merged_datasets/merged_training_dataset/modificate/ds1__platsim_ar_pico_banana_9gb-V__modificate__root__002352.jpg,1,0.978957,1,modificate,,ds1__platsim_ar_pico_banana_9gb-V__modificate__root__002352.jpg,,
/content/tmp_merged_datasets/merged_training_dataset/modificate/ds2__exp_3_augmented_v6.2_noK__modificate__carne__bruciato__gpt_image_1_5__000896.jpg,1,0.9965809,1,modificate,,ds2__exp_3_augmented_v6.2_noK__modificate__carne__bruciato__gpt_image_1_5__000896.jpg,,
/content/tmp_merged_datasets/merged_training_dataset/modificate/ds2__exp_3_augmented_v6.2_noK__modificate__altro__crudo__gpt_image_1_mini__000264.jpg,1,0.9884615,1,modificate,,ds2__exp_3_augmented_v6.2_noK__modificate__altro__crudo__gpt_image_1_mini__000264.jpg,,
/content/tmp_merged_datasets/merged_training_dataset/originali/ds2__exp_3_augmented_v6.2_noK__originali__buono__zuppa__000999.jpg,0,0.015713109,0,originali,ds2__exp_3_augmented_v6.2_noK__originali__buono__zuppa__000999.jpg,,,
/content/tmp_merged_datasets/merged_training_dataset/originali/ds2__exp_3_augmented_v6.2_noK__originali__cattivo__carne__crudo__001156.jpg,0,0.008294708,0,originali,ds2__exp_3_augmented_v6.2_noK__originali__cattivo__carne__crudo__001156.jpg,,,
/content/tmp_merged_datasets/merged_training_dataset/modificate/ds1__platsim_ar_pico_banana_9gb-V__modificate__root__000488.jpg,1,0.92021245,1,modificate,,ds1__platsim_ar_pico_banana_9gb-V__modificate__root__000488.jpg,,
/content/tmp_merged_datasets/merged_training_dataset/modificate/ds2__exp_3_augmented_v6.2_noK__modificate__altro__bruciato__gpt_image_1_5__000025.jpg,1,0.9959925,1,modificate,,ds2__exp_3_augmented_v6.2_noK__modificate__altro__bruciato__gpt_image_1_5__000025.jpg,,
/content/tmp_merged_datasets/merged_training_dataset/modificate/ds3__platsim_raw_vale_id__modificate__zuppa__ammuffito__gpt_image_1_5__000876.jpg,1,0.9944003,1,modificate,,ds3__platsim_raw_vale_id__modificate__zuppa__ammuffito__gpt_image_1_5__000876.jpg,,
/content/tmp_merged_datasets/merged_training_dataset/originali/ds1__platsim_ar_pico_banana_9gb-V__originali__root__001505.jpg,0,0.012616719,0,originali,ds1__platsim_ar_pico_banana_9gb-V__originali__root__001505.jpg,,,
/content/tmp_merged_datasets/merged_training_dataset/modificate/ds5__raw_vale_id__modificate__pasta__marcio__gpt_image_1_5__000629.jpg,1,0.98349416,1,modificate,,ds5__raw_vale_id__modificate__pasta__marcio__gpt_image_1_5__000629.jpg,,
/content/tmp_merged_datasets/merged_training_dataset/modificate/ds1__platsim_ar_pico_banana_9gb-V__modificate__root__001230.jpg,1,0.9620719,1,modificate,,ds1__platsim_ar_pico_banana_9gb-V__modificate__root__001230.jpg,,
/content/tmp_merged_datasets/merged_training_dataset/modificate/ds4__platsim_whatsapp_vale_id__modificate__patatine__bruciato__gpt_image_1_mini__000308.jpg,1,0.99775237,1,modificate,,ds4__platsim_whatsapp_vale_id__modificate__patatine__bruciato__gpt_image_1_mini__000308.jpg,,
/content/tmp_merged_datasets/merged_training_dataset/originali/ds5__raw_vale_id__originali__buono__carne__000155.jpg,0,0.07007781,0,originali,ds5__raw_vale_id__originali__buono__carne__000155.jpg,,,
/content/tmp_merged_datasets/merged_training_dataset/originali/ds1__platsim_ar_pico_banana_9gb-V__originali__root__000323.jpg,0,0.9385412,1,originali,ds1__platsim_ar_pico_banana_9gb-V__originali__root__000323.jpg,,,
/content/tmp_merged_datasets/merged_training_dataset/originali/ds5__raw_vale_id__originali__buono__fritti__000203.jpg,0,0.036586307,0,originali,ds5__raw_vale_id__originali__buono__fritti__000203.jpg,,,
/content/tmp_merged_datasets/merged_training_dataset/modificate/ds2__exp_3_augmented_v6.2_noK__modificate__riso_paella__bruciato__gpt_image_1_mini__002398.jpg,1,0.9916938,1,modificate,,ds2__exp_3_augmented_v6.2_noK__modificate__riso_paella__bruciato__gpt_image_1_mini__002398.jpg,,
/content/tmp_merged_datasets/merged_training_dataset/modificate/ds1__platsim_ar_pico_banana_9gb-V__modificate__root__002387.jpg,1,0.951524,1,modificate,,ds1__platsim_ar_pico_banana_9gb-V__modificate__root__002387.jpg,,
/content/tmp_merged_datasets/merged_training_dataset/originali/ds1__platsim_ar_pico_banana_9gb-V__originali__root__001628.jpg,0,0.92717576,1,originali,ds1__platsim_ar_pico_banana_9gb-V__originali__root__001628.jpg,,,
/content/tmp_merged_datasets/merged_training_dataset/modificate/ds2__exp_3_augmented_v6.2_noK__modificate__pasta__marcio__gpt_image_1_5__001983.jpg,1,0.97758317,1,modificate,,ds2__exp_3_augmented_v6.2_noK__modificate__pasta__marcio__gpt_image_1_5__001983.jpg,,
/content/tmp_merged_datasets/merged_training_dataset/originali/ds3__platsim_raw_vale_id__originali__buono__altro__000076.jpg,0,0.009502901,0,originali,ds3__platsim_raw_vale_id__originali__buono__altro__000076.jpg,,,
/content/tmp_merged_datasets/merged_training_dataset/modificate/ds1__platsim_ar_pico_banana_9gb-V__modificate__root__002469.jpg,1,0.9359622,1,modificate,,ds1__platsim_ar_pico_banana_9gb-V__modificate__root__002469.jpg,,
/content/tmp_merged_datasets/merged_training_dataset/modificate/ds2__exp_3_augmented_v6.2_noK__modificate__frutta_verdura__bruciato__gpt_image_1_mini__001537.jpg,1,0.9968593,1,modificate,,ds2__exp_3_augmented_v6.2_noK__modificate__frutta_verdura__bruciato__gpt_image_1_mini__001537.jpg,,
/content/tmp_merged_datasets/merged_training_dataset/originali/ds3__platsim_raw_vale_id__originali__buono__carne__000150.jpg,0,0.054385863,0,originali,ds3__platsim_raw_vale_id__originali__buono__carne__000150.jpg,,,
/content/tmp_merged_datasets/merged_training_dataset/modificate/ds1__platsim_ar_pico_banana_9gb-V__modificate__root__001128.jpg,1,0.64496195,1,modificate,,ds1__platsim_ar_pico_banana_9gb-V__modificate__root__001128.jpg,,
/content/tmp_merged_datasets/merged_training_dataset/modificate/ds2__exp_3_augmented_v6.2_noK__modificate__carne__bruciato__gpt_image_1_5__000878.jpg,1,0.99529266,1,modificate,,ds2__exp_3_augmented_v6.2_noK__modificate__carne__bruciato__gpt_image_1_5__000878.jpg,,
/content/tmp_merged_datasets/merged_training_dataset/modificate/ds1__platsim_ar_pico_banana_9gb-V__modificate__root__001391.jpg,1,0.8517539,1,modificate,,ds1__platsim_ar_pico_banana_9gb-V__modificate__root__001391.jpg,,
/content/tmp_merged_datasets/merged_training_dataset/originali/ds1__platsim_ar_pico_banana_9gb-V__originali__root__000572.jpg,0,0.01337067,0,originali,ds1__platsim_ar_pico_banana_9gb-V__originali__root__000572.jpg,,,
/content/tmp_merged_datasets/merged_training_dataset/originali/ds2__exp_3_augmented_v6.2_noK__originali__buono__burger_panino__000291.jpg,0,0.013025614,0,originali,ds2__exp_3_augmented_v6.2_noK__originali__buono__burger_panino__000291.jpg,,,
/content/tmp_merged_datasets/merged_training_dataset/originali/ds4__platsim_whatsapp_vale_id__originali__buono__pasta__000104.jpg,0,0.05331485,0,originali,ds4__platsim_whatsapp_vale_id__originali__buono__pasta__000104.jpg,,,
/content/tmp_merged_datasets/merged_training_dataset/originali/ds5__raw_vale_id__originali__buono__altro__000075.jpg,0,0.05180779,0,originali,ds5__raw_vale_id__originali__buono__altro__000075.jpg,,,
/content/tmp_merged_datasets/merged_training_dataset/modificate/ds2__exp_3_augmented_v6.2_noK__modificate__carne__crudo__gpt_image_1_mini__001215.jpg,1,0.99192214,1,modificate,,ds2__exp_3_augmented_v6.2_noK__modificate__carne__crudo__gpt_image_1_mini__001215.jpg,,
/content/tmp_merged_datasets/merged_training_dataset/modificate/ds1__platsim_ar_pico_banana_9gb-V__modificate__root__002351.jpg,1,0.059118934,0,modificate,,ds1__platsim_ar_pico_banana_9gb-V__modificate__root__002351.jpg,,
/content/tmp_merged_datasets/merged_training_dataset/modificate/ds2__exp_3_augmented_v6.2_noK__modificate__riso_paella__ammuffito__gpt_image_1_mini__002343.jpg,1,0.9927953,1,modificate,,ds2__exp_3_augmented_v6.2_noK__modificate__riso_paella__ammuffito__gpt_image_1_mini__002343.jpg,,
/content/tmp_merged_datasets/merged_training_dataset/modificate/ds1__platsim_ar_pico_banana_9gb-V__modificate__root__001531.jpg,1,0.97236687,1,modificate,,ds1__platsim_ar_pico_banana_9gb-V__modificate__root__001531.jpg,,
/content/tmp_merged_datasets/merged_training_dataset/originali/ds1__platsim_ar_pico_banana_9gb-V__originali__root__002216.jpg,0,0.86755544,1,originali,ds1__platsim_ar_pico_banana_9gb-V__originali__root__002216.jpg,,,
/content/tmp_merged_datasets/merged_training_dataset/originali/ds1__platsim_ar_pico_banana_9gb-V__originali__root__000361.jpg,0,0.9323792,1,originali,ds1__platsim_ar_pico_banana_9gb-V__originali__root__000361.jpg,,,
/content/tmp_merged_datasets/merged_training_dataset/originali/ds2__exp_3_augmented_v6.2_noK__originali__buono__burger_panino__000171.jpg,0,0.019737309,0,originali,ds2__exp_3_augmented_v6.2_noK__originali__buono__burger_panino__000171.jpg,,,
/content/tmp_merged_datasets/merged_training_dataset/modificate/ds5__raw_vale_id__modificate__riso__paella__bruciato__gpt_image_1_5__000769.jpg,1,0.9941474,1,modificate,,ds5__raw_vale_id__modificate__riso__paella__bruciato__gpt_image_1_5__000769.jpg,,
/content/tmp_merged_datasets/merged_training_dataset/originali/ds3__platsim_raw_vale_id__originali__buono__dessert__000185.jpg,0,0.030147105,0,originali,ds3__platsim_raw_vale_id__originali__buono__dessert__000185.jpg,,,
/content/tmp_merged_datasets/merged_training_dataset/modificate/ds1__platsim_ar_pico_banana_9gb-V__modificate__root__001855.jpg,1,0.8252545,1,modificate,,ds1__platsim_ar_pico_banana_9gb-V__modificate__root__001855.jpg,,
/content/tmp_merged_datasets/merged_training_dataset/modificate/ds1__platsim_ar_pico_banana_9gb-V__modificate__root__000203.jpg,1,0.98328996,1,modificate,,ds1__platsim_ar_pico_banana_9gb-V__modificate__root__000203.jpg,,
/content/tmp_merged_datasets/merged_training_dataset/modificate/ds2__exp_3_augmented_v6.2_noK__modificate__altro__marcio__gpt_image_1_5__000369.jpg,1,0.9830935,1,modificate,,ds2__exp_3_augmented_v6.2_noK__modificate__altro__marcio__gpt_image_1_5__000369.jpg,,
/content/tmp_merged_datasets/merged_training_dataset/modificate/ds2__exp_3_augmented_v6.2_noK__modificate__altro__marcio__gpt_image_1_mini__000467.jpg,1,0.99139446,1,modificate,,ds2__exp_3_augmented_v6.2_noK__modificate__altro__marcio__gpt_image_1_mini__000467.jpg,,
/content/tmp_merged_datasets/merged_training_dataset/modificate/ds2__exp_3_augmented_v6.2_noK__modificate__insalata__marcio__gpt_image_1_mini__001732.jpg,1,0.9787058,1,modificate,,ds2__exp_3_augmented_v6.2_noK__modificate__insalata__marcio__gpt_image_1_mini__001732.jpg,,
/content/tmp_merged_datasets/merged_training_dataset/modificate/ds1__platsim_ar_pico_banana_9gb-V__modificate__root__002015.jpg,1,0.9605663,1,modificate,,ds1__platsim_ar_pico_banana_9gb-V__modificate__root__002015.jpg,,
/content/tmp_merged_datasets/merged_training_dataset/originali/ds2__exp_3_augmented_v6.2_noK__originali__buono__carne__000450.jpg,0,0.013123316,0,originali,ds2__exp_3_augmented_v6.2_noK__originali__buono__carne__000450.jpg,,,
/content/tmp_merged_datasets/merged_training_dataset/originali/ds6__whatsapp_vale_id__originali__buono__pasta__000112.jpeg,0,0.01435981,0,originali,ds6__whatsapp_vale_id__originali__buono__pasta__000112.jpeg,,,
/content/tmp_merged_datasets/merged_training_dataset/originali/ds2__exp_3_augmented_v6.2_noK__originali__buono__frutta_verdura__000575.jpg,0,0.040532753,0,originali,ds2__exp_3_augmented_v6.2_noK__originali__buono__frutta_verdura__000575.jpg,,,
/content/tmp_merged_datasets/merged_training_dataset/originali/ds4__platsim_whatsapp_vale_id__originali__buono__pasta__000107.jpg,0,0.016232708,0,originali,ds4__platsim_whatsapp_vale_id__originali__buono__pasta__000107.jpg,,,
/content/tmp_merged_datasets/merged_training_dataset/modificate/ds6__whatsapp_vale_id__modificate__pizza__crudo__gpt_image_1_5__000339.jpeg,1,0.9231928,1,modificate,,ds6__whatsapp_vale_id__modificate__pizza__crudo__gpt_image_1_5__000339.jpeg,,
/content/tmp_merged_datasets/merged_training_dataset/modificate/ds2__exp_3_augmented_v6.2_noK__modificate__riso_paella__bruciato__gpt_image_1_5__002380.jpg,1,0.9863978,1,modificate,,ds2__exp_3_augmented_v6.2_noK__modificate__riso_paella__bruciato__gpt_image_1_5__002380.jpg,,
/content/tmp_merged_datasets/merged_training_dataset/modificate/ds3__platsim_raw_vale_id__modificate__altro__crudo__gpt_image_1_5__000078.jpg,1,0.9551691,1,modificate,,ds3__platsim_raw_vale_id__modificate__altro__crudo__gpt_image_1_5__000078.jpg,,
/content/tmp_merged_datasets/merged_training_dataset/originali/ds3__platsim_raw_vale_id__originali__buono__pizza__000302.jpg,0,0.014335764,0,originali,ds3__platsim_raw_vale_id__originali__buono__pizza__000302.jpg,,,
/content/tmp_merged_datasets/merged_training_dataset/modificate/ds1__platsim_ar_pico_banana_9gb-V__modificate__root__002075.jpg,1,0.97905207,1,modificate,,ds1__platsim_ar_pico_banana_9gb-V__modificate__root__002075.jpg,,
/content/tmp_merged_datasets/merged_training_dataset/modificate/ds1__platsim_ar_pico_banana_9gb-V__modificate__root__001459.jpg,1,0.1241104,0,modificate,,ds1__platsim_ar_pico_banana_9gb-V__modificate__root__001459.jpg,,
/content/tmp_merged_datasets/merged_training_dataset/originali/ds6__whatsapp_vale_id__originali__buono__riso_paella__000151.jpg,0,0.014161039,0,originali,ds6__whatsapp_vale_id__originali__buono__riso_paella__000151.jpg,,,
/content/tmp_merged_datasets/merged_training_dataset/originali/ds4__platsim_whatsapp_vale_id__originali__buono__altro__000016.jpg,0,0.016447267,0,originali,ds4__platsim_whatsapp_vale_id__originali__buono__altro__000016.jpg,,,
/content/tmp_merged_datasets/merged_training_dataset/originali/ds1__platsim_ar_pico_banana_9gb-V__originali__root__002371.jpg,0,0.9304558,1,originali,ds1__platsim_ar_pico_banana_9gb-V__originali__root__002371.jpg,,,
/content/tmp_merged_datasets/merged_training_dataset/originali/ds4__platsim_whatsapp_vale_id__originali__buono__pasta__000110.jpg,0,0.027053678,0,originali,ds4__platsim_whatsapp_vale_id__originali__buono__pasta__000110.jpg,,,
/content/tmp_merged_datasets/merged_training_dataset/modificate/ds2__exp_3_augmented_v6.2_noK__modificate__fritti__crudo__gpt_image_1_mini__001468.jpg,1,0.9947754,1,modificate,,ds2__exp_3_augmented_v6.2_noK__modificate__fritti__crudo__gpt_image_1_mini__001468.jpg,,
/content/tmp_merged_datasets/merged_training_dataset/modificate/ds3__platsim_raw_vale_id__modificate__pasta__marcio__gpt_image_1_mini__000639.jpg,1,0.9834598,1,modificate,,ds3__platsim_raw_vale_id__modificate__pasta__marcio__gpt_image_1_mini__000639.jpg,,
/content/tmp_merged_datasets/merged_training_dataset/modificate/ds1__platsim_ar_pico_banana_9gb-V__modificate__root__000333.jpg,1,0.04848398,0,modificate,,ds1__platsim_ar_pico_banana_9gb-V__modificate__root__000333.jpg,,
/content/tmp_merged_datasets/merged_training_dataset/originali/ds2__exp_3_augmented_v6.2_noK__originali__buono__carne__000306.jpg,0,0.006002409,0,originali,ds2__exp_3_augmented_v6.2_noK__originali__buono__carne__000306.jpg,,,
/content/tmp_merged_datasets/merged_training_dataset/originali/ds2__exp_3_augmented_v6.2_noK__originali__cattivo__altro__altro__001030.jpg,0,0.013781034,0,originali,ds2__exp_3_augmented_v6.2_noK__originali__cattivo__altro__altro__001030.jpg,,,
/content/tmp_merged_datasets/merged_training_dataset/originali/ds2__exp_3_augmented_v6.2_noK__originali__buono__carne__000407.jpg,0,0.055704273,0,originali,ds2__exp_3_augmented_v6.2_noK__originali__buono__carne__000407.jpg,,,
/content/tmp_merged_datasets/merged_training_dataset/originali/ds3__platsim_raw_vale_id__originali__buono__pasta__000279.jpg,0,0.014645478,0,originali,ds3__platsim_raw_vale_id__originali__buono__pasta__000279.jpg,,,
/content/tmp_merged_datasets/merged_training_dataset/originali/ds1__platsim_ar_pico_banana_9gb-V__originali__root__001978.jpg,0,0.030678995,0,originali,ds1__platsim_ar_pico_banana_9gb-V__originali__root__001978.jpg,,,
/content/tmp_merged_datasets/merged_training_dataset/originali/ds2__exp_3_augmented_v6.2_noK__originali__buono__altro__000087.jpg,0,0.008640828,0,originali,ds2__exp_3_augmented_v6.2_noK__originali__buono__altro__000087.jpg,,,
/content/tmp_merged_datasets/merged_training_dataset/originali/ds3__platsim_raw_vale_id__originali__buono__sushi__000374.jpg,0,0.026569715,0,originali,ds3__platsim_raw_vale_id__originali__buono__sushi__000374.jpg,,,
/content/tmp_merged_datasets/merged_training_dataset/originali/ds1__platsim_ar_pico_banana_9gb-V__originali__root__000844.jpg,0,0.23592989,0,originali,ds1__platsim_ar_pico_banana_9gb-V__originali__root__000844.jpg,,,
/content/tmp_merged_datasets/merged_training_dataset/modificate/ds2__exp_3_augmented_v6.2_noK__modificate__carne__crudo__gpt_image_1_5__001131.jpg,1,0.99645555,1,modificate,,ds2__exp_3_augmented_v6.2_noK__modificate__carne__crudo__gpt_image_1_5__001131.jpg,,
/content/tmp_merged_datasets/merged_training_dataset/modificate/ds3__platsim_raw_vale_id__modificate__altro__crudo__gpt_image_1_5__000054.jpg,1,0.99565816,1,modificate,,ds3__platsim_raw_vale_id__modificate__altro__crudo__gpt_image_1_5__000054.jpg,,
/content/tmp_merged_datasets/merged_training_dataset/modificate/ds5__raw_vale_id__modificate__altro__insetti__gpt_image_1_5__000113.jpg,1,0.9855619,1,modificate,,ds5__raw_vale_id__modificate__altro__insetti__gpt_image_1_5__000113.jpg,,
/content/tmp_merged_datasets/merged_training_dataset/modificate/ds2__exp_3_augmented_v6.2_noK__modificate__carne__bruciato__gpt_image_1_mini__001027.jpg,1,0.99817467,1,modificate,,ds2__exp_3_augmented_v6.2_noK__modificate__carne__bruciato__gpt_image_1_mini__001027.jpg,,
/content/tmp_merged_datasets/merged_training_dataset/originali/ds2__exp_3_augmented_v6.2_noK__originali__cattivo__frutta_verdura__marcio__001279.jpg,0,0.013744376,0,originali,ds2__exp_3_augmented_v6.2_noK__originali__cattivo__frutta_verdura__marcio__001279.jpg,,,
/content/tmp_merged_datasets/merged_training_dataset/modificate/ds5__raw_vale_id__modificate__altro__marcio__gpt_image_1_5__000172.jpeg,1,0.99146724,1,modificate,,ds5__raw_vale_id__modificate__altro__marcio__gpt_image_1_5__000172.jpeg,,
/content/tmp_merged_datasets/merged_training_dataset/modificate/ds3__platsim_raw_vale_id__modificate__pasta__crudo__gpt_image_1_5__000565.jpg,1,0.91964227,1,modificate,,ds3__platsim_raw_vale_id__modificate__pasta__crudo__gpt_image_1_5__000565.jpg,,
/content/tmp_merged_datasets/merged_training_dataset/modificate/ds5__raw_vale_id__modificate__burger__panino__marcio__gpt_image_1_5__000283.jpg,1,0.99130064,1,modificate,,ds5__raw_vale_id__modificate__burger__panino__marcio__gpt_image_1_5__000283.jpg,,
/content/tmp_merged_datasets/merged_training_dataset/originali/ds1__platsim_ar_pico_banana_9gb-V__originali__root__002111.jpg,0,0.98063964,1,originali,ds1__platsim_ar_pico_banana_9gb-V__originali__root__002111.jpg,,,
/content/tmp_merged_datasets/merged_training_dataset/originali/ds1__platsim_ar_pico_banana_9gb-V__originali__root__000703.jpg,0,0.09651234,0,originali,ds1__platsim_ar_pico_banana_9gb-V__originali__root__000703.jpg,,,
/content/tmp_merged_datasets/merged_training_dataset/originali/ds1__platsim_ar_pico_banana_9gb-V__originali__root__000303.jpg,0,0.01266244,0,originali,ds1__platsim_ar_pico_banana_9gb-V__originali__root__000303.jpg,,,
/content/tmp_merged_datasets/merged_training_dataset/modificate/ds1__platsim_ar_pico_banana_9gb-V__modificate__root__002287.jpg,1,0.10849826,0,modificate,,ds1__platsim_ar_pico_banana_9gb-V__modificate__root__002287.jpg,,
/content/tmp_merged_datasets/merged_training_dataset/modificate/ds2__exp_3_augmented_v6.2_noK__modificate__riso_paella__crudo__gpt_image_1_mini__002505.jpg,1,0.99342644,1,modificate,,ds2__exp_3_augmented_v6.2_noK__modificate__riso_paella__crudo__gpt_image_1_mini__002505.jpg,,
/content/tmp_merged_datasets/merged_training_dataset/modificate/ds4__platsim_whatsapp_vale_id__modificate__carne__crudo__gpt_image_1_5__000124.jpg,1,0.9947916,1,modificate,,ds4__platsim_whatsapp_vale_id__modificate__carne__crudo__gpt_image_1_5__000124.jpg,,
/content/tmp_merged_datasets/merged_training_dataset/originali/ds2__exp_3_augmented_v6.2_noK__originali__cattivo__carne__bruciato__001117.jpg,0,0.0066010505,0,originali,ds2__exp_3_augmented_v6.2_noK__originali__cattivo__carne__bruciato__001117.jpg,,,
/content/tmp_merged_datasets/merged_training_dataset/modificate/ds1__platsim_ar_pico_banana_9gb-V__modificate__root__000090.jpg,1,0.9817275,1,modificate,,ds1__platsim_ar_pico_banana_9gb-V__modificate__root__000090.jpg,,
/content/tmp_merged_datasets/merged_training_dataset/modificate/ds1__platsim_ar_pico_banana_9gb-V__modificate__root__001166.jpg,1,0.96603817,1,modificate,,ds1__platsim_ar_pico_banana_9gb-V__modificate__root__001166.jpg,,
/content/tmp_merged_datasets/merged_training_dataset/modificate/ds1__platsim_ar_pico_banana_9gb-V__modificate__root__000176.jpg,1,0.96658653,1,modificate,,ds1__platsim_ar_pico_banana_9gb-V__modificate__root__000176.jpg,,
/content/tmp_merged_datasets/merged_training_dataset/modificate/ds6__whatsapp_vale_id__modificate__pasta__marcio__gpt_image_1_5__000275.jpeg,1,0.044242386,0,modificate,,ds6__whatsapp_vale_id__modificate__pasta__marcio__gpt_image_1_5__000275.jpeg,,
/content/tmp_merged_datasets/merged_training_dataset/modificate/ds6__whatsapp_vale_id__modificate__carne__crudo__gpt_image_1_mini__000131.jpeg,1,0.9932313,1,modificate,,ds6__whatsapp_vale_id__modificate__carne__crudo__gpt_image_1_mini__000131.jpeg,,
/content/tmp_merged_datasets/merged_training_dataset/modificate/ds3__platsim_raw_vale_id__modificate__altro__bruciato__gpt_image_1_5__000024.jpg,1,0.10842942,0,modificate,,ds3__platsim_raw_vale_id__modificate__altro__bruciato__gpt_image_1_5__000024.jpg,,
/content/tmp_merged_datasets/merged_training_dataset/modificate/ds5__raw_vale_id__modificate__altro__marcio__gpt_image_1_5__000203.jpg,1,0.98645556,1,modificate,,ds5__raw_vale_id__modificate__altro__marcio__gpt_image_1_5__000203.jpg,,
/content/tmp_merged_datasets/merged_training_dataset/originali/ds1__platsim_ar_pico_banana_9gb-V__originali__root__001128.jpg,0,0.01107662,0,originali,ds1__platsim_ar_pico_banana_9gb-V__originali__root__001128.jpg,,,
/content/tmp_merged_datasets/merged_training_dataset/modificate/ds2__exp_3_augmented_v6.2_noK__modificate__pasta__crudo__gpt_image_1_mini__001896.jpg,1,0.9875995,1,modificate,,ds2__exp_3_augmented_v6.2_noK__modificate__pasta__crudo__gpt_image_1_mini__001896.jpg,,
/content/tmp_merged_datasets/merged_training_dataset/originali/ds2__exp_3_augmented_v6.2_noK__originali__cattivo__carne__crudo__001173.jpg,0,0.0041222475,0,originali,ds2__exp_3_augmented_v6.2_noK__originali__cattivo__carne__crudo__001173.jpg,,,
/content/tmp_merged_datasets/merged_training_dataset/modificate/ds2__exp_3_augmented_v6.2_noK__modificate__carne__bruciato__gpt_image_1_5__000853.jpg,1,0.99588156,1,modificate,,ds2__exp_3_augmented_v6.2_noK__modificate__carne__bruciato__gpt_image_1_5__000853.jpg,,
/content/tmp_merged_datasets/merged_training_dataset/originali/ds2__exp_3_augmented_v6.2_noK__originali__cattivo__frutta_verdura__marcio__001290.jpg,0,0.008146869,0,originali,ds2__exp_3_augmented_v6.2_noK__originali__cattivo__frutta_verdura__marcio__001290.jpg,,,
/content/tmp_merged_datasets/merged_training_dataset/modificate/ds5__raw_vale_id__modificate__dessert__marcio__gpt_image_1_5__000433.jpg,1,0.9409818,1,modificate,,ds5__raw_vale_id__modificate__dessert__marcio__gpt_image_1_5__000433.jpg,,
/content/tmp_merged_datasets/merged_training_dataset/originali/ds2__exp_3_augmented_v6.2_noK__originali__cattivo__carne__bruciato__001082.jpg,0,0.026950842,0,originali,ds2__exp_3_augmented_v6.2_noK__originali__cattivo__carne__bruciato__001082.jpg,,,
/content/tmp_merged_datasets/merged_training_dataset/modificate/ds1__platsim_ar_pico_banana_9gb-V__modificate__root__000808.jpg,1,0.98054427,1,modificate,,ds1__platsim_ar_pico_banana_9gb-V__modificate__root__000808.jpg,,
/content/tmp_merged_datasets/merged_training_dataset/modificate/ds4__platsim_whatsapp_vale_id__modificate__dessert__bruciato__gpt_image_1_5__000157.jpg,1,0.9861114,1,modificate,,ds4__platsim_whatsapp_vale_id__modificate__dessert__bruciato__gpt_image_1_5__000157.jpg,,
/content/tmp_merged_datasets/merged_training_dataset/modificate/ds6__whatsapp_vale_id__modificate__sushi__insetti__gpt_image_1_5__000407.jpeg,1,0.86429673,1,modificate,,ds6__whatsapp_vale_id__modificate__sushi__insetti__gpt_image_1_5__000407.jpeg,,
/content/tmp_merged_datasets/merged_training_dataset/modificate/ds1__platsim_ar_pico_banana_9gb-V__modificate__root__000211.jpg,1,0.03216668,0,modificate,,ds1__platsim_ar_pico_banana_9gb-V__modificate__root__000211.jpg,,
/content/tmp_merged_datasets/merged_training_dataset/originali/ds5__raw_vale_id__originali__buono__burger_panino__000108.jpg,0,0.059775088,0,originali,ds5__raw_vale_id__originali__buono__burger_panino__000108.jpg,,,
/content/tmp_merged_datasets/merged_training_dataset/modificate/ds2__exp_3_augmented_v6.2_noK__modificate__altro__crudo__gpt_image_1_5__000147.jpg,1,0.9926393,1,modificate,,ds2__exp_3_augmented_v6.2_noK__modificate__altro__crudo__gpt_image_1_5__000147.jpg,,
/content/tmp_merged_datasets/merged_training_dataset/originali/ds2__exp_3_augmented_v6.2_noK__originali__buono__zuppa__000974.jpg,0,0.023221107,0,originali,ds2__exp_3_augmented_v6.2_noK__originali__buono__zuppa__000974.jpg,,,
/content/tmp_merged_datasets/merged_training_dataset/originali/ds3__platsim_raw_vale_id__originali__buono__altro__000094.jpg,0,0.048430488,0,originali,ds3__platsim_raw_vale_id__originali__buono__altro__000094.jpg,,,
/content/tmp_merged_datasets/merged_training_dataset/modificate/ds5__raw_vale_id__modificate__altro__marcio__gpt_image_1_5__000190.jpg,1,0.6547842,1,modificate,,ds5__raw_vale_id__modificate__altro__marcio__gpt_image_1_5__000190.jpg,,
/content/tmp_merged_datasets/merged_training_dataset/modificate/ds2__exp_3_augmented_v6.2_noK__modificate__pasta__bruciato__gpt_image_1_mini__001761.jpg,1,0.99289227,1,modificate,,ds2__exp_3_augmented_v6.2_noK__modificate__pasta__bruciato__gpt_image_1_mini__001761.jpg,,
/content/tmp_merged_datasets/merged_training_dataset/modificate/ds2__exp_3_augmented_v6.2_noK__modificate__altro__crudo__gpt_image_1_5__000203.jpg,1,0.9939275,1,modificate,,ds2__exp_3_augmented_v6.2_noK__modificate__altro__crudo__gpt_image_1_5__000203.jpg,,
/content/tmp_merged_datasets/merged_training_dataset/modificate/ds2__exp_3_augmented_v6.2_noK__modificate__dessert__bruciato__gpt_image_1_mini__001347.jpg,1,0.99409,1,modificate,,ds2__exp_3_augmented_v6.2_noK__modificate__dessert__bruciato__gpt_image_1_mini__001347.jpg,,
/content/tmp_merged_datasets/merged_training_dataset/originali/ds5__raw_vale_id__originali__buono__pasta__000232.jpg,0,0.021175336,0,originali,ds5__raw_vale_id__originali__buono__pasta__000232.jpg,,,
/content/tmp_merged_datasets/merged_training_dataset/originali/ds1__platsim_ar_pico_banana_9gb-V__originali__root__001830.jpg,0,0.020835418,0,originali,ds1__platsim_ar_pico_banana_9gb-V__originali__root__001830.jpg,,,
/content/tmp_merged_datasets/merged_training_dataset/originali/ds1__platsim_ar_pico_banana_9gb-V__originali__root__001434.jpg,0,0.037969444,0,originali,ds1__platsim_ar_pico_banana_9gb-V__originali__root__001434.jpg,,,
/content/tmp_merged_datasets/merged_training_dataset/modificate/ds1__platsim_ar_pico_banana_9gb-V__modificate__root__001010.jpg,1,0.65675086,1,modificate,,ds1__platsim_ar_pico_banana_9gb-V__modificate__root__001010.jpg,,
/content/tmp_merged_datasets/merged_training_dataset/originali/ds1__platsim_ar_pico_banana_9gb-V__originali__root__000372.jpg,0,0.94944835,1,originali,ds1__platsim_ar_pico_banana_9gb-V__originali__root__000372.jpg,,,
/content/tmp_merged_datasets/merged_training_dataset/originali/ds1__platsim_ar_pico_banana_9gb-V__originali__root__002020.jpg,0,0.009956991,0,originali,ds1__platsim_ar_pico_banana_9gb-V__originali__root__002020.jpg,,,
/content/tmp_merged_datasets/merged_training_dataset/modificate/ds5__raw_vale_id__modificate__burger__panino__crudo__gpt_image_1_mini__000268.jpg,1,0.99441296,1,modificate,,ds5__raw_vale_id__modificate__burger__panino__crudo__gpt_image_1_mini__000268.jpg,,
/content/tmp_merged_datasets/merged_training_dataset/originali/ds3__platsim_raw_vale_id__originali__buono__pizza__000316.jpg,0,0.042144414,0,originali,ds3__platsim_raw_vale_id__originali__buono__pizza__000316.jpg,,,
/content/tmp_merged_datasets/merged_training_dataset/originali/ds2__exp_3_augmented_v6.2_noK__originali__buono__riso_paella__000897.jpg,0,0.019497735,0,originali,ds2__exp_3_augmented_v6.2_noK__originali__buono__riso_paella__000897.jpg,,,
/content/tmp_merged_datasets/merged_training_dataset/modificate/ds6__whatsapp_vale_id__modificate__carne__crudo__gpt_image_1_5__000112.jpg,1,0.9923602,1,modificate,,ds6__whatsapp_vale_id__modificate__carne__crudo__gpt_image_1_5__000112.jpg,,
/content/tmp_merged_datasets/merged_training_dataset/modificate/ds1__platsim_ar_pico_banana_9gb-V__modificate__root__001712.jpg,1,0.94027627,1,modificate,,ds1__platsim_ar_pico_banana_9gb-V__modificate__root__001712.jpg,,
/content/tmp_merged_datasets/merged_training_dataset/modificate/ds1__platsim_ar_pico_banana_9gb-V__modificate__root__001207.jpg,1,0.8949455,1,modificate,,ds1__platsim_ar_pico_banana_9gb-V__modificate__root__001207.jpg,,
/content/tmp_merged_datasets/merged_training_dataset/modificate/ds1__platsim_ar_pico_banana_9gb-V__modificate__root__001719.jpg,1,0.0527967,0,modificate,,ds1__platsim_ar_pico_banana_9gb-V__modificate__root__001719.jpg,,
/content/tmp_merged_datasets/merged_training_dataset/modificate/ds1__platsim_ar_pico_banana_9gb-V__modificate__root__000309.jpg,1,0.9672327,1,modificate,,ds1__platsim_ar_pico_banana_9gb-V__modificate__root__000309.jpg,,
/content/tmp_merged_datasets/merged_training_dataset/modificate/ds1__platsim_ar_pico_banana_9gb-V__modificate__root__002464.jpg,1,0.9717988,1,modificate,,ds1__platsim_ar_pico_banana_9gb-V__modificate__root__002464.jpg,,
/content/tmp_merged_datasets/merged_training_dataset/modificate/ds2__exp_3_augmented_v6.2_noK__modificate__frutta_verdura__ammuffito__gpt_image_1_mini__001522.jpg,1,0.98959094,1,modificate,,ds2__exp_3_augmented_v6.2_noK__modificate__frutta_verdura__ammuffito__gpt_image_1_mini__001522.jpg,,
/content/tmp_merged_datasets/merged_training_dataset/modificate/ds1__platsim_ar_pico_banana_9gb-V__modificate__root__001874.jpg,1,0.8074829,1,modificate,,ds1__platsim_ar_pico_banana_9gb-V__modificate__root__001874.jpg,,
/content/tmp_merged_datasets/merged_training_dataset/modificate/ds1__platsim_ar_pico_banana_9gb-V__modificate__root__000559.jpg,1,0.029680397,0,modificate,,ds1__platsim_ar_pico_banana_9gb-V__modificate__root__000559.jpg,,
/content/tmp_merged_datasets/merged_training_dataset/originali/ds3__platsim_raw_vale_id__originali__buono__altro__000095.jpg,0,0.011033736,0,originali,ds3__platsim_raw_vale_id__originali__buono__altro__000095.jpg,,,
/content/tmp_merged_datasets/merged_training_dataset/modificate/ds5__raw_vale_id__modificate__altro__bruciato__gpt_image_1_5__000030.png,1,0.9970391,1,modificate,,ds5__raw_vale_id__modificate__altro__bruciato__gpt_image_1_5__000030.png,,
/content/tmp_merged_datasets/merged_training_dataset/originali/ds5__raw_vale_id__originali__buono__carne__000173.jpg,0,0.032374643,0,originali,ds5__raw_vale_id__originali__buono__carne__000173.jpg,,,
/content/tmp_merged_datasets/merged_training_dataset/originali/ds5__raw_vale_id__originali__buono__riso_paella__000346.jpg,0,0.019330332,0,originali,ds5__raw_vale_id__originali__buono__riso_paella__000346.jpg,,,
/content/tmp_merged_datasets/merged_training_dataset/originali/ds1__platsim_ar_pico_banana_9gb-V__originali__root__002331.jpg,0,0.03292068,0,originali,ds1__platsim_ar_pico_banana_9gb-V__originali__root__002331.jpg,,,
/content/tmp_merged_datasets/merged_training_dataset/modificate/ds6__whatsapp_vale_id__modificate__pasta__crudo__gpt_image_1_5__000243.jpeg,1,0.9908297,1,modificate,,ds6__whatsapp_vale_id__modificate__pasta__crudo__gpt_image_1_5__000243.jpeg,,
/content/tmp_merged_datasets/merged_training_dataset/modificate/ds2__exp_3_augmented_v6.2_noK__modificate__carne__bruciato__gpt_image_1_mini__001039.jpg,1,0.9969369,1,modificate,,ds2__exp_3_augmented_v6.2_noK__modificate__carne__bruciato__gpt_image_1_mini__001039.jpg,,
/content/tmp_merged_datasets/merged_training_dataset/modificate/ds3__platsim_raw_vale_id__modificate__pasta__crudo__gpt_image_1_mini__000576.jpg,1,0.9858416,1,modificate,,ds3__platsim_raw_vale_id__modificate__pasta__crudo__gpt_image_1_mini__000576.jpg,,
/content/tmp_merged_datasets/merged_training_dataset/originali/ds4__platsim_whatsapp_vale_id__originali__buono__riso_paella__000150.jpg,0,0.699757,1,originali,ds4__platsim_whatsapp_vale_id__originali__buono__riso_paella__000150.jpg,,,
/content/tmp_merged_datasets/merged_training_dataset/modificate/ds2__exp_3_augmented_v6.2_noK__modificate__burger_panino__crudo__gpt_image_1_5__000638.jpg,1,0.99340266,1,modificate,,ds2__exp_3_augmented_v6.2_noK__modificate__burger_panino__crudo__gpt_image_1_5__000638.jpg,,
/content/tmp_merged_datasets/merged_training_dataset/originali/ds3__platsim_raw_vale_id__originali__buono__riso_paella__000348.jpg,0,0.02425605,0,originali,ds3__platsim_raw_vale_id__originali__buono__riso_paella__000348.jpg,,,
/content/tmp_merged_datasets/merged_training_dataset/modificate/ds2__exp_3_augmented_v6.2_noK__modificate__dessert__ammuffito__gpt_image_1_mini__001313.jpg,1,0.9829434,1,modificate,,ds2__exp_3_augmented_v6.2_noK__modificate__dessert__ammuffito__gpt_image_1_mini__001313.jpg,,
/content/tmp_merged_datasets/merged_training_dataset/modificate/ds2__exp_3_augmented_v6.2_noK__modificate__riso_paella__crudo__gpt_image_1_5__002480.jpg,1,0.989631,1,modificate,,ds2__exp_3_augmented_v6.2_noK__modificate__riso_paella__crudo__gpt_image_1_5__002480.jpg,,
/content/tmp_merged_datasets/merged_training_dataset/modificate/ds4__platsim_whatsapp_vale_id__modificate__pizza__crudo__gpt_image_1_mini__000341.jpg,1,0.50990677,0,modificate,,ds4__platsim_whatsapp_vale_id__modificate__pizza__crudo__gpt_image_1_mini__000341.jpg,,
/content/tmp_merged_datasets/merged_training_dataset/modificate/ds1__platsim_ar_pico_banana_9gb-V__modificate__root__001059.jpg,1,0.12616517,0,modificate,,ds1__platsim_ar_pico_banana_9gb-V__modificate__root__001059.jpg,,
/content/tmp_merged_datasets/merged_training_dataset/originali/ds2__exp_3_augmented_v6.2_noK__originali__buono__pizza__000747.jpg,0,0.0065279184,0,originali,ds2__exp_3_augmented_v6.2_noK__originali__buono__pizza__000747.jpg,,,
/content/tmp_merged_datasets/merged_training_dataset/modificate/ds2__exp_3_augmented_v6.2_noK__modificate__riso_paella__crudo__gpt_image_1_5__002472.jpg,1,0.9889725,1,modificate,,ds2__exp_3_augmented_v6.2_noK__modificate__riso_paella__crudo__gpt_image_1_5__002472.jpg,,
/content/tmp_merged_datasets/merged_training_dataset/originali/ds1__platsim_ar_pico_banana_9gb-V__originali__root__000720.jpg,0,0.91629934,1,originali,ds1__platsim_ar_pico_banana_9gb-V__originali__root__000720.jpg,,,
/content/tmp_merged_datasets/merged_training_dataset/originali/ds1__platsim_ar_pico_banana_9gb-V__originali__root__000538.jpg,0,0.029220093,0,originali,ds1__platsim_ar_pico_banana_9gb-V__originali__root__000538.jpg,,,
/content/tmp_merged_datasets/merged_training_dataset/modificate/ds2__exp_3_augmented_v6.2_noK__modificate__fritti__bruciato__gpt_image_1_mini__001411.jpg,1,0.9971064,1,modificate,,ds2__exp_3_augmented_v6.2_noK__modificate__fritti__bruciato__gpt_image_1_mini__001411.jpg,,
/content/tmp_merged_datasets/merged_training_dataset/originali/ds3__platsim_raw_vale_id__originali__buono__pizza__000313.jpg,0,0.017714921,0,originali,ds3__platsim_raw_vale_id__originali__buono__pizza__000313.jpg,,,
/content/tmp_merged_datasets/merged_training_dataset/modificate/ds2__exp_3_augmented_v6.2_noK__modificate__carne__bruciato__gpt_image_1_5__000851.jpg,1,0.9958978,1,modificate,,ds2__exp_3_augmented_v6.2_noK__modificate__carne__bruciato__gpt_image_1_5__000851.jpg,,
/content/tmp_merged_datasets/merged_training_dataset/modificate/ds4__platsim_whatsapp_vale_id__modificate__altro__marcio__gpt_image_1_5__000060.jpg,1,0.4603001,0,modificate,,ds4__platsim_whatsapp_vale_id__modificate__altro__marcio__gpt_image_1_5__000060.jpg,,
/content/tmp_merged_datasets/merged_training_dataset/modificate/ds2__exp_3_augmented_v6.2_noK__modificate__burger_panino__crudo__gpt_image_1_mini__000756.jpg,1,0.99453175,1,modificate,,ds2__exp_3_augmented_v6.2_noK__modificate__burger_panino__crudo__gpt_image_1_mini__000756.jpg,,
/content/tmp_merged_datasets/merged_training_dataset/modificate/ds2__exp_3_augmented_v6.2_noK__modificate__frutta_verdura__marcio__gpt_image_1_mini__001697.jpg,1,0.9892553,1,modificate,,ds2__exp_3_augmented_v6.2_noK__modificate__frutta_verdura__marcio__gpt_image_1_mini__001697.jpg,,
/content/tmp_merged_datasets/merged_training_dataset/modificate/ds2__exp_3_augmented_v6.2_noK__modificate__pasta__bruciato__gpt_image_1_mini__001757.jpg,1,0.9915468,1,modificate,,ds2__exp_3_augmented_v6.2_noK__modificate__pasta__bruciato__gpt_image_1_mini__001757.jpg,,
/content/tmp_merged_datasets/merged_training_dataset/originali/ds2__exp_3_augmented_v6.2_noK__originali__buono__pasta__000708.jpg,0,0.010499574,0,originali,ds2__exp_3_augmented_v6.2_noK__originali__buono__pasta__000708.jpg,,,
/content/tmp_merged_datasets/merged_training_dataset/modificate/ds4__platsim_whatsapp_vale_id__modificate__fritti__bruciato__gpt_image_1_5__000192.jpg,1,0.997624,1,modificate,,ds4__platsim_whatsapp_vale_id__modificate__fritti__bruciato__gpt_image_1_5__000192.jpg,,
/content/tmp_merged_datasets/merged_training_dataset/modificate/ds1__platsim_ar_pico_banana_9gb-V__modificate__root__001950.jpg,1,0.9709637,1,modificate,,ds1__platsim_ar_pico_banana_9gb-V__modificate__root__001950.jpg,,
/content/tmp_merged_datasets/merged_training_dataset/originali/ds1__platsim_ar_pico_banana_9gb-V__originali__root__001611.jpg,0,0.010537878,0,originali,ds1__platsim_ar_pico_banana_9gb-V__originali__root__001611.jpg,,,
/content/tmp_merged_datasets/merged_training_dataset/modificate/ds2__exp_3_augmented_v6.2_noK__modificate__pasta__marcio__gpt_image_1_mini__002061.jpg,1,0.9925055,1,modificate,,ds2__exp_3_augmented_v6.2_noK__modificate__pasta__marcio__gpt_image_1_mini__002061.jpg,,
/content/tmp_merged_datasets/merged_training_dataset/modificate/ds2__exp_3_augmented_v6.2_noK__modificate__pizza__crudo__gpt_image_1_5__002238.jpg,1,0.98288697,1,modificate,,ds2__exp_3_augmented_v6.2_noK__modificate__pizza__crudo__gpt_image_1_5__002238.jpg,,
/content/tmp_merged_datasets/merged_training_dataset/modificate/ds3__platsim_raw_vale_id__modificate__burger__panino__crudo__gpt_image_1_5__000260.jpg,1,0.9966575,1,modificate,,ds3__platsim_raw_vale_id__modificate__burger__panino__crudo__gpt_image_1_5__000260.jpg,,
/content/tmp_merged_datasets/merged_training_dataset/modificate/ds1__platsim_ar_pico_banana_9gb-V__modificate__root__000906.jpg,1,0.87407154,1,modificate,,ds1__platsim_ar_pico_banana_9gb-V__modificate__root__000906.jpg,,
/content/tmp_merged_datasets/merged_training_dataset/modificate/ds2__exp_3_augmented_v6.2_noK__modificate__pasta__marcio__gpt_image_1_mini__001993.jpg,1,0.9951572,1,modificate,,ds2__exp_3_augmented_v6.2_noK__modificate__pasta__marcio__gpt_image_1_mini__001993.jpg,,
/content/tmp_merged_datasets/merged_training_dataset/modificate/ds4__platsim_whatsapp_vale_id__modificate__carne__crudo__gpt_image_1_5__000107.jpg,1,0.98918545,1,modificate,,ds4__platsim_whatsapp_vale_id__modificate__carne__crudo__gpt_image_1_5__000107.jpg,,
/content/tmp_merged_datasets/merged_training_dataset/originali/ds3__platsim_raw_vale_id__originali__buono__carne__000152.jpg,0,0.013193517,0,originali,ds3__platsim_raw_vale_id__originali__buono__carne__000152.jpg,,,
/content/tmp_merged_datasets/merged_training_dataset/modificate/ds6__whatsapp_vale_id__modificate__pizza__bruciato__gpt_image_1_5__000323.jpeg,1,0.9965295,1,modificate,,ds6__whatsapp_vale_id__modificate__pizza__bruciato__gpt_image_1_5__000323.jpeg,,
/content/tmp_merged_datasets/merged_training_dataset/modificate/ds3__platsim_raw_vale_id__modificate__pasta__marcio__gpt_image_1_5__000605.jpg,1,0.9330457,1,modificate,,ds3__platsim_raw_vale_id__modificate__pasta__marcio__gpt_image_1_5__000605.jpg,,
/content/tmp_merged_datasets/merged_training_dataset/originali/ds2__exp_3_augmented_v6.2_noK__originali__buono__fritti__000485.jpg,0,0.023346491,0,originali,ds2__exp_3_augmented_v6.2_noK__originali__buono__fritti__000485.jpg,,,
/content/tmp_merged_datasets/merged_training_dataset/modificate/ds1__platsim_ar_pico_banana_9gb-V__modificate__root__001928.jpg,1,0.9216235,1,modificate,,ds1__platsim_ar_pico_banana_9gb-V__modificate__root__001928.jpg,,
/content/tmp_merged_datasets/merged_training_dataset/originali/ds2__exp_3_augmented_v6.2_noK__originali__buono__pasta__000660.jpg,0,0.15667142,0,originali,ds2__exp_3_augmented_v6.2_noK__originali__buono__pasta__000660.jpg,,,
/content/tmp_merged_datasets/merged_training_dataset/originali/ds2__exp_3_augmented_v6.2_noK__originali__cattivo__frutta_verdura__marcio__001297.jpg,0,0.018703187,0,originali,ds2__exp_3_augmented_v6.2_noK__originali__cattivo__frutta_verdura__marcio__001297.jpg,,,
/content/tmp_merged_datasets/merged_training_dataset/modificate/ds1__platsim_ar_pico_banana_9gb-V__modificate__root__001861.jpg,1,0.9831412,1,modificate,,ds1__platsim_ar_pico_banana_9gb-V__modificate__root__001861.jpg,,
/content/tmp_merged_datasets/merged_training_dataset/modificate/ds2__exp_3_augmented_v6.2_noK__modificate__carne__crudo__gpt_image_1_mini__001199.jpg,1,0.99459237,1,modificate,,ds2__exp_3_augmented_v6.2_noK__modificate__carne__crudo__gpt_image_1_mini__001199.jpg,,
/content/tmp_merged_datasets/merged_training_dataset/modificate/ds2__exp_3_augmented_v6.2_noK__modificate__carne__crudo__gpt_image_1_mini__001226.jpg,1,0.9972607,1,modificate,,ds2__exp_3_augmented_v6.2_noK__modificate__carne__crudo__gpt_image_1_mini__001226.jpg,,
/content/tmp_merged_datasets/merged_training_dataset/originali/ds1__platsim_ar_pico_banana_9gb-V__originali__root__001425.jpg,0,0.04824054,0,originali,ds1__platsim_ar_pico_banana_9gb-V__originali__root__001425.jpg,,,
/content/tmp_merged_datasets/merged_training_dataset/modificate/ds1__platsim_ar_pico_banana_9gb-V__modificate__root__000821.jpg,1,0.97612584,1,modificate,,ds1__platsim_ar_pico_banana_9gb-V__modificate__root__000821.jpg,,
/content/tmp_merged_datasets/merged_training_dataset/originali/ds2__exp_3_augmented_v6.2_noK__originali__buono__altro__000045.jpg,0,0.009049242,0,originali,ds2__exp_3_augmented_v6.2_noK__originali__buono__altro__000045.jpg,,,
/content/tmp_merged_datasets/merged_training_dataset/modificate/ds3__platsim_raw_vale_id__modificate__patatine__crudo__gpt_image_1_5__000666.jpg,1,0.9949374,1,modificate,,ds3__platsim_raw_vale_id__modificate__patatine__crudo__gpt_image_1_5__000666.jpg,,
/content/tmp_merged_datasets/merged_training_dataset/originali/ds2__exp_3_augmented_v6.2_noK__originali__buono__riso_paella__000840.jpg,0,0.0077925944,0,originali,ds2__exp_3_augmented_v6.2_noK__originali__buono__riso_paella__000840.jpg,,,
/content/tmp_merged_datasets/merged_training_dataset/modificate/ds2__exp_3_augmented_v6.2_noK__modificate__riso_paella__crudo__gpt_image_1_5__002452.jpg,1,0.9925808,1,modificate,,ds2__exp_3_augmented_v6.2_noK__modificate__riso_paella__crudo__gpt_image_1_5__002452.jpg,,
/content/tmp_merged_datasets/merged_training_dataset/originali/ds2__exp_3_augmented_v6.2_noK__originali__cattivo__carne__bruciato__001079.jpg,0,0.0070628887,0,originali,ds2__exp_3_augmented_v6.2_noK__originali__cattivo__carne__bruciato__001079.jpg,,,
/content/tmp_merged_datasets/merged_training_dataset/originali/ds5__raw_vale_id__originali__buono__altro__000079.jpg,0,0.9874977,1,originali,ds5__raw_vale_id__originali__buono__altro__000079.jpg,,,
/content/tmp_merged_datasets/merged_training_dataset/originali/ds2__exp_3_augmented_v6.2_noK__originali__buono__pizza__000808.jpg,0,0.018868668,0,originali,ds2__exp_3_augmented_v6.2_noK__originali__buono__pizza__000808.jpg,,,
/content/tmp_merged_datasets/merged_training_dataset/originali/ds1__platsim_ar_pico_banana_9gb-V__originali__root__000218.jpg,0,0.055245467,0,originali,ds1__platsim_ar_pico_banana_9gb-V__originali__root__000218.jpg,,,
/content/tmp_merged_datasets/merged_training_dataset/originali/ds2__exp_3_augmented_v6.2_noK__originali__buono__fritti__000502.jpg,0,0.014737812,0,originali,ds2__exp_3_augmented_v6.2_noK__originali__buono__fritti__000502.jpg,,,
/content/tmp_merged_datasets/merged_training_dataset/originali/ds1__platsim_ar_pico_banana_9gb-V__originali__root__002321.jpg,0,0.042040665,0,originali,ds1__platsim_ar_pico_banana_9gb-V__originali__root__002321.jpg,,,
/content/tmp_merged_datasets/merged_training_dataset/modificate/ds2__exp_3_augmented_v6.2_noK__modificate__burger_panino__marcio__gpt_image_1_5__000789.jpg,1,0.9943479,1,modificate,,ds2__exp_3_augmented_v6.2_noK__modificate__burger_panino__marcio__gpt_image_1_5__000789.jpg,,
/content/tmp_merged_datasets/merged_training_dataset/originali/ds2__exp_3_augmented_v6.2_noK__originali__cattivo__patatine__bruciato__001357.jpg,0,0.005939008,0,originali,ds2__exp_3_augmented_v6.2_noK__originali__cattivo__patatine__bruciato__001357.jpg,,,
/content/tmp_merged_datasets/merged_training_dataset/modificate/ds1__platsim_ar_pico_banana_9gb-V__modificate__root__001580.jpg,1,0.90027255,1,modificate,,ds1__platsim_ar_pico_banana_9gb-V__modificate__root__001580.jpg,,
/content/tmp_merged_datasets/merged_training_dataset/modificate/ds6__whatsapp_vale_id__modificate__pasta__marcio__gpt_image_1_5__000282.jpeg,1,0.9921083,1,modificate,,ds6__whatsapp_vale_id__modificate__pasta__marcio__gpt_image_1_5__000282.jpeg,,
/content/tmp_merged_datasets/merged_training_dataset/originali/ds3__platsim_raw_vale_id__originali__cattivo__pasta__bruciato__000393.jpg,0,0.010424387,0,originali,ds3__platsim_raw_vale_id__originali__cattivo__pasta__bruciato__000393.jpg,,,
/content/tmp_merged_datasets/merged_training_dataset/originali/ds2__exp_3_augmented_v6.2_noK__originali__buono__burger_panino__000239.jpg,0,0.010811568,0,originali,ds2__exp_3_augmented_v6.2_noK__originali__buono__burger_panino__000239.jpg,,,
/content/tmp_merged_datasets/merged_training_dataset/modificate/ds2__exp_3_augmented_v6.2_noK__modificate__carne__marcio__gpt_image_1_mini__001298.jpg,1,0.994284,1,modificate,,ds2__exp_3_augmented_v6.2_noK__modificate__carne__marcio__gpt_image_1_mini__001298.jpg,,
/content/tmp_merged_datasets/merged_training_dataset/modificate/ds2__exp_3_augmented_v6.2_noK__modificate__carne__bruciato__gpt_image_1_mini__001073.jpg,1,0.9971692,1,modificate,,ds2__exp_3_augmented_v6.2_noK__modificate__carne__bruciato__gpt_image_1_mini__001073.jpg,,
/content/tmp_merged_datasets/merged_training_dataset/originali/ds1__platsim_ar_pico_banana_9gb-V__originali__root__000766.jpg,0,0.5549783,1,originali,ds1__platsim_ar_pico_banana_9gb-V__originali__root__000766.jpg,,,
/content/tmp_merged_datasets/merged_training_dataset/originali/ds3__platsim_raw_vale_id__originali__buono__altro__000091.jpg,0,0.17147961,0,originali,ds3__platsim_raw_vale_id__originali__buono__altro__000091.jpg,,,
/content/tmp_merged_datasets/merged_training_dataset/originali/ds4__platsim_whatsapp_vale_id__originali__buono__burger_panino__000031.jpg,0,0.054374833,0,originali,ds4__platsim_whatsapp_vale_id__originali__buono__burger_panino__000031.jpg,,,
/content/tmp_merged_datasets/merged_training_dataset/modificate/ds2__exp_3_augmented_v6.2_noK__modificate__carne__bruciato__gpt_image_1_mini__000968.jpg,1,0.9917407,1,modificate,,ds2__exp_3_augmented_v6.2_noK__modificate__carne__bruciato__gpt_image_1_mini__000968.jpg,,
/content/tmp_merged_datasets/merged_training_dataset/modificate/ds1__platsim_ar_pico_banana_9gb-V__modificate__root__000829.jpg,1,0.9659999,1,modificate,,ds1__platsim_ar_pico_banana_9gb-V__modificate__root__000829.jpg,,
/content/tmp_merged_datasets/merged_training_dataset/modificate/ds3__platsim_raw_vale_id__modificate__altro__marcio__gpt_image_1_5__000160.jpg,1,0.12581763,0,modificate,,ds3__platsim_raw_vale_id__modificate__altro__marcio__gpt_image_1_5__000160.jpg,,
/content/tmp_merged_datasets/merged_training_dataset/modificate/ds1__platsim_ar_pico_banana_9gb-V__modificate__root__001846.jpg,1,0.03674057,0,modificate,,ds1__platsim_ar_pico_banana_9gb-V__modificate__root__001846.jpg,,
/content/tmp_merged_datasets/merged_training_dataset/modificate/ds5__raw_vale_id__modificate__carne__bruciato__gpt_image_1_mini__000326.jpg,1,0.9926997,1,modificate,,ds5__raw_vale_id__modificate__carne__bruciato__gpt_image_1_mini__000326.jpg,,
/content/tmp_merged_datasets/merged_training_dataset/originali/ds1__platsim_ar_pico_banana_9gb-V__originali__root__000876.jpg,0,0.77886283,1,originali,ds1__platsim_ar_pico_banana_9gb-V__originali__root__000876.jpg,,,
/content/tmp_merged_datasets/merged_training_dataset/originali/ds3__platsim_raw_vale_id__originali__buono__pizza__000315.jpg,0,0.022190904,0,originali,ds3__platsim_raw_vale_id__originali__buono__pizza__000315.jpg,,,
/content/tmp_merged_datasets/merged_training_dataset/originali/ds2__exp_3_augmented_v6.2_noK__originali__buono__sushi__000947.jpg,0,0.012496306,0,originali,ds2__exp_3_augmented_v6.2_noK__originali__buono__sushi__000947.jpg,,,
/content/tmp_merged_datasets/merged_training_dataset/originali/ds1__platsim_ar_pico_banana_9gb-V__originali__root__001176.jpg,0,0.07459257,0,originali,ds1__platsim_ar_pico_banana_9gb-V__originali__root__001176.jpg,,,
/content/tmp_merged_datasets/merged_training_dataset/modificate/ds6__whatsapp_vale_id__modificate__pasta__crudo__gpt_image_1_mini__000255.jpeg,1,0.96200293,1,modificate,,ds6__whatsapp_vale_id__modificate__pasta__crudo__gpt_image_1_mini__000255.jpeg,,
/content/tmp_merged_datasets/merged_training_dataset/modificate/ds2__exp_3_augmented_v6.2_noK__modificate__pasta__crudo__gpt_image_1_mini__001869.jpg,1,0.98765856,1,modificate,,ds2__exp_3_augmented_v6.2_noK__modificate__pasta__crudo__gpt_image_1_mini__001869.jpg,,
/content/tmp_merged_datasets/merged_training_dataset/modificate/ds1__platsim_ar_pico_banana_9gb-V__modificate__root__000035.jpg,1,0.41928402,0,modificate,,ds1__platsim_ar_pico_banana_9gb-V__modificate__root__000035.jpg,,
/content/tmp_merged_datasets/merged_training_dataset/modificate/ds1__platsim_ar_pico_banana_9gb-V__modificate__root__001754.jpg,1,0.95044976,1,modificate,,ds1__platsim_ar_pico_banana_9gb-V__modificate__root__001754.jpg,,
/content/tmp_merged_datasets/merged_training_dataset/originali/ds1__platsim_ar_pico_banana_9gb-V__originali__root__001314.jpg,0,0.013665298,0,originali,ds1__platsim_ar_pico_banana_9gb-V__originali__root__001314.jpg,,,
/content/tmp_merged_datasets/merged_training_dataset/originali/ds1__platsim_ar_pico_banana_9gb-V__originali__root__000117.jpg,0,0.0033115475,0,originali,ds1__platsim_ar_pico_banana_9gb-V__originali__root__000117.jpg,,,
/content/tmp_merged_datasets/merged_training_dataset/modificate/ds2__exp_3_augmented_v6.2_noK__modificate__riso_paella__bruciato__gpt_image_1_5__002348.jpg,1,0.99492574,1,modificate,,ds2__exp_3_augmented_v6.2_noK__modificate__riso_paella__bruciato__gpt_image_1_5__002348.jpg,,
/content/tmp_merged_datasets/merged_training_dataset/modificate/ds1__platsim_ar_pico_banana_9gb-V__modificate__root__001446.jpg,1,0.9027015,1,modificate,,ds1__platsim_ar_pico_banana_9gb-V__modificate__root__001446.jpg,,
/content/tmp_merged_datasets/merged_training_dataset/modificate/ds3__platsim_raw_vale_id__modificate__altro__bruciato__gpt_image_1_5__000032.jpg,1,0.29259622,0,modificate,,ds3__platsim_raw_vale_id__modificate__altro__bruciato__gpt_image_1_5__000032.jpg,,
/content/tmp_merged_datasets/merged_training_dataset/originali/ds5__raw_vale_id__originali__buono__sushi__000375.jpg,0,0.058173303,0,originali,ds5__raw_vale_id__originali__buono__sushi__000375.jpg,,,
/content/tmp_merged_datasets/merged_training_dataset/originali/ds1__platsim_ar_pico_banana_9gb-V__originali__root__002148.jpg,0,0.6253079,1,originali,ds1__platsim_ar_pico_banana_9gb-V__originali__root__002148.jpg,,,
/content/tmp_merged_datasets/merged_training_dataset/originali/ds2__exp_3_augmented_v6.2_noK__originali__buono__zuppa__000973.jpg,0,0.024335947,0,originali,ds2__exp_3_augmented_v6.2_noK__originali__buono__zuppa__000973.jpg,,,
/content/tmp_merged_datasets/merged_training_dataset/modificate/ds3__platsim_raw_vale_id__modificate__altro__bruciato__gpt_image_1_5__000037.jpg,1,0.99373794,1,modificate,,ds3__platsim_raw_vale_id__modificate__altro__bruciato__gpt_image_1_5__000037.jpg,,
/content/tmp_merged_datasets/merged_training_dataset/modificate/ds2__exp_3_augmented_v6.2_noK__modificate__carne__bruciato__gpt_image_1_5__000877.jpg,1,0.9952394,1,modificate,,ds2__exp_3_augmented_v6.2_noK__modificate__carne__bruciato__gpt_image_1_5__000877.jpg,,
/content/tmp_merged_datasets/merged_training_dataset/modificate/ds2__exp_3_augmented_v6.2_noK__modificate__pasta__crudo__gpt_image_1_mini__001881.jpg,1,0.98929954,1,modificate,,ds2__exp_3_augmented_v6.2_noK__modificate__pasta__crudo__gpt_image_1_mini__001881.jpg,,
/content/tmp_merged_datasets/merged_training_dataset/originali/ds2__exp_3_augmented_v6.2_noK__originali__buono__patatine__000742.jpg,0,0.017765049,0,originali,ds2__exp_3_augmented_v6.2_noK__originali__buono__patatine__000742.jpg,,,
/content/tmp_merged_datasets/merged_training_dataset/originali/ds3__platsim_raw_vale_id__originali__buono__riso_paella__000350.jpg,0,0.013665021,0,originali,ds3__platsim_raw_vale_id__originali__buono__riso_paella__000350.jpg,,,
/content/tmp_merged_datasets/merged_training_dataset/modificate/ds1__platsim_ar_pico_banana_9gb-V__modificate__root__002361.jpg,1,0.94659644,1,modificate,,ds1__platsim_ar_pico_banana_9gb-V__modificate__root__002361.jpg,,
/content/tmp_merged_datasets/merged_training_dataset/originali/ds1__platsim_ar_pico_banana_9gb-V__originali__root__001028.jpg,0,0.0062720333,0,originali,ds1__platsim_ar_pico_banana_9gb-V__originali__root__001028.jpg,,,
/content/tmp_merged_datasets/merged_training_dataset/originali/ds2__exp_3_augmented_v6.2_noK__originali__buono__fritti__000506.jpg,0,0.03305121,0,originali,ds2__exp_3_augmented_v6.2_noK__originali__buono__fritti__000506.jpg,,,
/content/tmp_merged_datasets/merged_training_dataset/originali/ds1__platsim_ar_pico_banana_9gb-V__originali__root__001049.jpg,0,0.931148,1,originali,ds1__platsim_ar_pico_banana_9gb-V__originali__root__001049.jpg,,,
/content/tmp_merged_datasets/merged_training_dataset/originali/ds1__platsim_ar_pico_banana_9gb-V__originali__root__000364.jpg,0,0.8342644,1,originali,ds1__platsim_ar_pico_banana_9gb-V__originali__root__000364.jpg,,,
/content/tmp_merged_datasets/merged_training_dataset/modificate/ds3__platsim_raw_vale_id__modificate__altro__bruciato__gpt_image_1_5__000038.jpg,1,0.99661225,1,modificate,,ds3__platsim_raw_vale_id__modificate__altro__bruciato__gpt_image_1_5__000038.jpg,,
/content/tmp_merged_datasets/merged_training_dataset/modificate/ds1__platsim_ar_pico_banana_9gb-V__modificate__root__002191.jpg,1,0.9163372,1,modificate,,ds1__platsim_ar_pico_banana_9gb-V__modificate__root__002191.jpg,,
/content/tmp_merged_datasets/merged_training_dataset/originali/ds1__platsim_ar_pico_banana_9gb-V__originali__root__000915.jpg,0,0.013019792,0,originali,ds1__platsim_ar_pico_banana_9gb-V__originali__root__000915.jpg,,,
/content/tmp_merged_datasets/merged_training_dataset/modificate/ds3__platsim_raw_vale_id__modificate__altro__insetti__gpt_image_1_5__000103.jpg,1,0.9683843,1,modificate,,ds3__platsim_raw_vale_id__modificate__altro__insetti__gpt_image_1_5__000103.jpg,,
/content/tmp_merged_datasets/merged_training_dataset/modificate/ds4__platsim_whatsapp_vale_id__modificate__patatine__bruciato__gpt_image_1_5__000303.jpg,1,0.9967884,1,modificate,,ds4__platsim_whatsapp_vale_id__modificate__patatine__bruciato__gpt_image_1_5__000303.jpg,,
/content/tmp_merged_datasets/merged_training_dataset/originali/ds2__exp_3_augmented_v6.2_noK__originali__buono__burger_panino__000252.jpg,0,0.0097005395,0,originali,ds2__exp_3_augmented_v6.2_noK__originali__buono__burger_panino__000252.jpg,,,
/content/tmp_merged_datasets/merged_training_dataset/modificate/ds2__exp_3_augmented_v6.2_noK__modificate__pasta__crudo__gpt_image_1_mini__001841.jpg,1,0.97900134,1,modificate,,ds2__exp_3_augmented_v6.2_noK__modificate__pasta__crudo__gpt_image_1_mini__001841.jpg,,
/content/tmp_merged_datasets/merged_training_dataset/modificate/ds2__exp_3_augmented_v6.2_noK__modificate__frutta_verdura__marcio__gpt_image_1_5__001612.jpg,1,0.98581773,1,modificate,,ds2__exp_3_augmented_v6.2_noK__modificate__frutta_verdura__marcio__gpt_image_1_5__001612.jpg,,
/content/tmp_merged_datasets/merged_training_dataset/originali/ds1__platsim_ar_pico_banana_9gb-V__originali__root__000144.jpg,0,0.022623569,0,originali,ds1__platsim_ar_pico_banana_9gb-V__originali__root__000144.jpg,,,
/content/tmp_merged_datasets/merged_training_dataset/originali/ds2__exp_3_augmented_v6.2_noK__originali__buono__carne__000324.jpg,0,0.01056632,0,originali,ds2__exp_3_augmented_v6.2_noK__originali__buono__carne__000324.jpg,,,
/content/tmp_merged_datasets/merged_training_dataset/modificate/ds3__platsim_raw_vale_id__modificate__carne__marcio__gpt_image_1_5__000375.jpg,1,0.9410871,1,modificate,,ds3__platsim_raw_vale_id__modificate__carne__marcio__gpt_image_1_5__000375.jpg,,
/content/tmp_merged_datasets/merged_training_dataset/modificate/ds1__platsim_ar_pico_banana_9gb-V__modificate__root__000656.jpg,1,0.9452844,1,modificate,,ds1__platsim_ar_pico_banana_9gb-V__modificate__root__000656.jpg,,
/content/tmp_merged_datasets/merged_training_dataset/modificate/ds3__platsim_raw_vale_id__modificate__dessert__marcio__gpt_image_1_5__000426.jpg,1,0.09637651,0,modificate,,ds3__platsim_raw_vale_id__modificate__dessert__marcio__gpt_image_1_5__000426.jpg,,
/content/tmp_merged_datasets/merged_training_dataset/originali/ds6__whatsapp_vale_id__originali__buono__pasta__000100.jpeg,0,0.8946903,1,originali,ds6__whatsapp_vale_id__originali__buono__pasta__000100.jpeg,,,
/content/tmp_merged_datasets/merged_training_dataset/originali/ds2__exp_3_augmented_v6.2_noK__originali__buono__burger_panino__000193.jpg,0,0.048397373,0,originali,ds2__exp_3_augmented_v6.2_noK__originali__buono__burger_panino__000193.jpg,,,
/content/tmp_merged_datasets/merged_training_dataset/modificate/ds6__whatsapp_vale_id__modificate__burger__panino__crudo__gpt_image_1_5__000075.jpeg,1,0.99195635,1,modificate,,ds6__whatsapp_vale_id__modificate__burger__panino__crudo__gpt_image_1_5__000075.jpeg,,
/content/tmp_merged_datasets/merged_training_dataset/modificate/ds2__exp_3_augmented_v6.2_noK__modificate__carne__bruciato__gpt_image_1_5__000952.jpg,1,0.99108934,1,modificate,,ds2__exp_3_augmented_v6.2_noK__modificate__carne__bruciato__gpt_image_1_5__000952.jpg,,
/content/tmp_merged_datasets/merged_training_dataset/modificate/ds2__exp_3_augmented_v6.2_noK__modificate__burger_panino__bruciato__gpt_image_1_5__000480.jpg,1,0.99720603,1,modificate,,ds2__exp_3_augmented_v6.2_noK__modificate__burger_panino__bruciato__gpt_image_1_5__000480.jpg,,
/content/tmp_merged_datasets/merged_training_dataset/originali/ds5__raw_vale_id__originali__buono__altro__000012.jpg,0,0.041660547,0,originali,ds5__raw_vale_id__originali__buono__altro__000012.jpg,,,
/content/tmp_merged_datasets/merged_training_dataset/modificate/ds4__platsim_whatsapp_vale_id__modificate__altro__crudo__gpt_image_1_mini__000038.jpg,1,0.92633224,1,modificate,,ds4__platsim_whatsapp_vale_id__modificate__altro__crudo__gpt_image_1_mini__000038.jpg,,
/content/tmp_merged_datasets/merged_training_dataset/originali/ds2__exp_3_augmented_v6.2_noK__originali__buono__pasta__000627.jpg,0,0.021945747,0,originali,ds2__exp_3_augmented_v6.2_noK__originali__buono__pasta__000627.jpg,,,
/content/tmp_merged_datasets/merged_training_dataset/modificate/ds1__platsim_ar_pico_banana_9gb-V__modificate__root__002018.jpg,1,0.07177081,0,modificate,,ds1__platsim_ar_pico_banana_9gb-V__modificate__root__002018.jpg,,
/content/tmp_merged_datasets/merged_training_dataset/modificate/ds2__exp_3_augmented_v6.2_noK__modificate__riso_paella__crudo__gpt_image_1_5__002487.jpg,1,0.98568696,1,modificate,,ds2__exp_3_augmented_v6.2_noK__modificate__riso_paella__crudo__gpt_image_1_5__002487.jpg,,
/content/tmp_merged_datasets/merged_training_dataset/modificate/ds2__exp_3_augmented_v6.2_noK__modificate__altro__marcio__gpt_image_1_mini__000473.jpg,1,0.991983,1,modificate,,ds2__exp_3_augmented_v6.2_noK__modificate__altro__marcio__gpt_image_1_mini__000473.jpg,,
/content/tmp_merged_datasets/merged_training_dataset/modificate/ds3__platsim_raw_vale_id__modificate__carne__crudo__gpt_image_1_5__000341.jpg,1,0.9926232,1,modificate,,ds3__platsim_raw_vale_id__modificate__carne__crudo__gpt_image_1_5__000341.jpg,,
/content/tmp_merged_datasets/merged_training_dataset/originali/ds2__exp_3_augmented_v6.2_noK__originali__buono__carne__000442.jpg,0,0.006978789,0,originali,ds2__exp_3_augmented_v6.2_noK__originali__buono__carne__000442.jpg,,,
/content/tmp_merged_datasets/merged_training_dataset/modificate/ds1__platsim_ar_pico_banana_9gb-V__modificate__root__000362.jpg,1,0.97962004,1,modificate,,ds1__platsim_ar_pico_banana_9gb-V__modificate__root__000362.jpg,,
/content/tmp_merged_datasets/merged_training_dataset/originali/ds2__exp_3_augmented_v6.2_noK__originali__buono__carne__000312.jpg,0,0.022404335,0,originali,ds2__exp_3_augmented_v6.2_noK__originali__buono__carne__000312.jpg,,,
/content/tmp_merged_datasets/merged_training_dataset/modificate/ds3__platsim_raw_vale_id__modificate__altro__insetti__gpt_image_1_5__000095.jpg,1,0.9031861,1,modificate,,ds3__platsim_raw_vale_id__modificate__altro__insetti__gpt_image_1_5__000095.jpg,,
/content/tmp_merged_datasets/merged_training_dataset/originali/ds2__exp_3_augmented_v6.2_noK__originali__buono__pizza__000802.jpg,0,0.011689158,0,originali,ds2__exp_3_augmented_v6.2_noK__originali__buono__pizza__000802.jpg,,,
/content/tmp_merged_datasets/merged_training_dataset/originali/ds1__platsim_ar_pico_banana_9gb-V__originali__root__000010.jpg,0,0.03484323,0,originali,ds1__platsim_ar_pico_banana_9gb-V__originali__root__000010.jpg,,,
/content/tmp_merged_datasets/merged_training_dataset/originali/ds5__raw_vale_id__originali__buono__altro__000018.jpg,0,0.024684759,0,originali,ds5__raw_vale_id__originali__buono__altro__000018.jpg,,,
/content/tmp_merged_datasets/merged_training_dataset/originali/ds1__platsim_ar_pico_banana_9gb-V__originali__root__001192.jpg,0,0.8116823,1,originali,ds1__platsim_ar_pico_banana_9gb-V__originali__root__001192.jpg,,,
/content/tmp_merged_datasets/merged_training_dataset/originali/ds1__platsim_ar_pico_banana_9gb-V__originali__root__002462.jpg,0,0.7989249,1,originali,ds1__platsim_ar_pico_banana_9gb-V__originali__root__002462.jpg,,,
/content/tmp_merged_datasets/merged_training_dataset/modificate/ds5__raw_vale_id__modificate__pasta__marcio__gpt_image_1_5__000613.jpg,1,0.9263611,1,modificate,,ds5__raw_vale_id__modificate__pasta__marcio__gpt_image_1_5__000613.jpg,,
/content/tmp_merged_datasets/merged_training_dataset/modificate/ds1__platsim_ar_pico_banana_9gb-V__modificate__root__001200.jpg,1,0.9756209,1,modificate,,ds1__platsim_ar_pico_banana_9gb-V__modificate__root__001200.jpg,,
/content/tmp_merged_datasets/merged_training_dataset/modificate/ds2__exp_3_augmented_v6.2_noK__modificate__altro__crudo__gpt_image_1_5__000188.jpg,1,0.9953615,1,modificate,,ds2__exp_3_augmented_v6.2_noK__modificate__altro__crudo__gpt_image_1_5__000188.jpg,,
/content/tmp_merged_datasets/merged_training_dataset/modificate/ds1__platsim_ar_pico_banana_9gb-V__modificate__root__001923.jpg,1,0.97391754,1,modificate,,ds1__platsim_ar_pico_banana_9gb-V__modificate__root__001923.jpg,,
/content/tmp_merged_datasets/merged_training_dataset/modificate/ds1__platsim_ar_pico_banana_9gb-V__modificate__root__000484.jpg,1,0.9466253,1,modificate,,ds1__platsim_ar_pico_banana_9gb-V__modificate__root__000484.jpg,,
/content/tmp_merged_datasets/merged_training_dataset/modificate/ds2__exp_3_augmented_v6.2_noK__modificate__carne__crudo__gpt_image_1_5__001147.jpg,1,0.9949968,1,modificate,,ds2__exp_3_augmented_v6.2_noK__modificate__carne__crudo__gpt_image_1_5__001147.jpg,,
/content/tmp_merged_datasets/merged_training_dataset/modificate/ds6__whatsapp_vale_id__modificate__altro__marcio__gpt_image_1_5__000054.jpeg,1,0.816354,1,modificate,,ds6__whatsapp_vale_id__modificate__altro__marcio__gpt_image_1_5__000054.jpeg,,
/content/tmp_merged_datasets/merged_training_dataset/originali/ds2__exp_3_augmented_v6.2_noK__originali__buono__carne__000381.jpg,0,0.008003349,0,originali,ds2__exp_3_augmented_v6.2_noK__originali__buono__carne__000381.jpg,,,
/content/tmp_merged_datasets/merged_training_dataset/modificate/ds1__platsim_ar_pico_banana_9gb-V__modificate__root__001307.jpg,1,0.9474324,1,modificate,,ds1__platsim_ar_pico_banana_9gb-V__modificate__root__001307.jpg,,
/content/tmp_merged_datasets/merged_training_dataset/originali/ds2__exp_3_augmented_v6.2_noK__originali__buono__zuppa__000971.jpg,0,0.023349242,0,originali,ds2__exp_3_augmented_v6.2_noK__originali__buono__zuppa__000971.jpg,,,
/content/tmp_merged_datasets/merged_training_dataset/originali/ds1__platsim_ar_pico_banana_9gb-V__originali__root__001844.jpg,0,0.79939294,1,originali,ds1__platsim_ar_pico_banana_9gb-V__originali__root__001844.jpg,,,
/content/tmp_merged_datasets/merged_training_dataset/modificate/ds1__platsim_ar_pico_banana_9gb-V__modificate__root__002385.jpg,1,0.96401536,1,modificate,,ds1__platsim_ar_pico_banana_9gb-V__modificate__root__002385.jpg,,
/content/tmp_merged_datasets/merged_training_dataset/originali/ds2__exp_3_augmented_v6.2_noK__originali__buono__altro__000120.jpg,0,0.012174368,0,originali,ds2__exp_3_augmented_v6.2_noK__originali__buono__altro__000120.jpg,,,
/content/tmp_merged_datasets/merged_training_dataset/modificate/ds2__exp_3_augmented_v6.2_noK__modificate__pasta__marcio__gpt_image_1_5__001960.jpg,1,0.9777298,1,modificate,,ds2__exp_3_augmented_v6.2_noK__modificate__pasta__marcio__gpt_image_1_5__001960.jpg,,
/content/tmp_merged_datasets/merged_training_dataset/modificate/ds1__platsim_ar_pico_banana_9gb-V__modificate__root__001520.jpg,1,0.9327242,1,modificate,,ds1__platsim_ar_pico_banana_9gb-V__modificate__root__001520.jpg,,
/content/tmp_merged_datasets/merged_training_dataset/modificate/ds6__whatsapp_vale_id__modificate__altro__bruciato__gpt_image_1_mini__000021.jpeg,1,0.99689025,1,modificate,,ds6__whatsapp_vale_id__modificate__altro__bruciato__gpt_image_1_mini__000021.jpeg,,
/content/tmp_merged_datasets/merged_training_dataset/originali/ds2__exp_3_augmented_v6.2_noK__originali__buono__pasta__000703.jpg,0,0.017498808,0,originali,ds2__exp_3_augmented_v6.2_noK__originali__buono__pasta__000703.jpg,,,
/content/tmp_merged_datasets/merged_training_dataset/modificate/ds1__platsim_ar_pico_banana_9gb-V__modificate__root__000459.jpg,1,0.9832404,1,modificate,,ds1__platsim_ar_pico_banana_9gb-V__modificate__root__000459.jpg,,
/content/tmp_merged_datasets/merged_training_dataset/originali/ds1__platsim_ar_pico_banana_9gb-V__originali__root__000510.jpg,0,0.4256673,0,originali,ds1__platsim_ar_pico_banana_9gb-V__originali__root__000510.jpg,,,
/content/tmp_merged_datasets/merged_training_dataset/originali/ds1__platsim_ar_pico_banana_9gb-V__originali__root__001653.jpg,0,0.30102235,0,originali,ds1__platsim_ar_pico_banana_9gb-V__originali__root__001653.jpg,,,
/content/tmp_merged_datasets/merged_training_dataset/modificate/ds2__exp_3_augmented_v6.2_noK__modificate__pasta__crudo__gpt_image_1_mini__001886.jpg,1,0.9900828,1,modificate,,ds2__exp_3_augmented_v6.2_noK__modificate__pasta__crudo__gpt_image_1_mini__001886.jpg,,
/content/tmp_merged_datasets/merged_training_dataset/originali/ds1__platsim_ar_pico_banana_9gb-V__originali__root__001226.jpg,0,0.91439354,1,originali,ds1__platsim_ar_pico_banana_9gb-V__originali__root__001226.jpg,,,
/content/tmp_merged_datasets/merged_training_dataset/modificate/ds3__platsim_raw_vale_id__modificate__kebab__crudo__gpt_image_1_mini__000487.jpg,1,0.97509444,1,modificate,,ds3__platsim_raw_vale_id__modificate__kebab__crudo__gpt_image_1_mini__000487.jpg,,
/content/tmp_merged_datasets/merged_training_dataset/modificate/ds1__platsim_ar_pico_banana_9gb-V__modificate__root__000810.jpg,1,0.33397162,0,modificate,,ds1__platsim_ar_pico_banana_9gb-V__modificate__root__000810.jpg,,
/content/tmp_merged_datasets/merged_training_dataset/modificate/ds5__raw_vale_id__modificate__altro__bruciato__gpt_image_1_5__000005.jpg,1,0.97022367,1,modificate,,ds5__raw_vale_id__modificate__altro__bruciato__gpt_image_1_5__000005.jpg,,
/content/tmp_merged_datasets/merged_training_dataset/modificate/ds6__whatsapp_vale_id__modificate__sushi__marcio__gpt_image_1_5__000414.jpeg,1,0.83571285,1,modificate,,ds6__whatsapp_vale_id__modificate__sushi__marcio__gpt_image_1_5__000414.jpeg,,
/content/tmp_merged_datasets/merged_training_dataset/modificate/ds1__platsim_ar_pico_banana_9gb-V__modificate__root__002044.jpg,1,0.96804094,1,modificate,,ds1__platsim_ar_pico_banana_9gb-V__modificate__root__002044.jpg,,
/content/tmp_merged_datasets/merged_training_dataset/modificate/ds3__platsim_raw_vale_id__modificate__pasta__crudo__gpt_image_1_5__000561.jpg,1,0.0122672655,0,modificate,,ds3__platsim_raw_vale_id__modificate__pasta__crudo__gpt_image_1_5__000561.jpg,,
/content/tmp_merged_datasets/merged_training_dataset/modificate/ds4__platsim_whatsapp_vale_id__modificate__altro__marcio__gpt_image_1_5__000059.jpg,1,0.99216366,1,modificate,,ds4__platsim_whatsapp_vale_id__modificate__altro__marcio__gpt_image_1_5__000059.jpg,,
/content/tmp_merged_datasets/merged_training_dataset/originali/ds2__exp_3_augmented_v6.2_noK__originali__buono__sushi__000941.jpg,0,0.011543303,0,originali,ds2__exp_3_augmented_v6.2_noK__originali__buono__sushi__000941.jpg,,,
/content/tmp_merged_datasets/merged_training_dataset/originali/ds1__platsim_ar_pico_banana_9gb-V__originali__root__002492.jpg,0,0.92362785,1,originali,ds1__platsim_ar_pico_banana_9gb-V__originali__root__002492.jpg,,,
/content/tmp_merged_datasets/merged_training_dataset/originali/ds1__platsim_ar_pico_banana_9gb-V__originali__root__000923.jpg,0,0.012552052,0,originali,ds1__platsim_ar_pico_banana_9gb-V__originali__root__000923.jpg,,,
/content/tmp_merged_datasets/merged_training_dataset/modificate/ds2__exp_3_augmented_v6.2_noK__modificate__altro__bruciato__gpt_image_1_5__000048.jpg,1,0.99578804,1,modificate,,ds2__exp_3_augmented_v6.2_noK__modificate__altro__bruciato__gpt_image_1_5__000048.jpg,,
/content/tmp_merged_datasets/merged_training_dataset/modificate/ds1__platsim_ar_pico_banana_9gb-V__modificate__root__000077.jpg,1,0.9613896,1,modificate,,ds1__platsim_ar_pico_banana_9gb-V__modificate__root__000077.jpg,,
/content/tmp_merged_datasets/merged_training_dataset/modificate/ds1__platsim_ar_pico_banana_9gb-V__modificate__root__000423.jpg,1,0.04446703,0,modificate,,ds1__platsim_ar_pico_banana_9gb-V__modificate__root__000423.jpg,,
/content/tmp_merged_datasets/merged_training_dataset/originali/ds2__exp_3_augmented_v6.2_noK__originali__buono__sushi__000926.jpg,0,0.008266624,0,originali,ds2__exp_3_augmented_v6.2_noK__originali__buono__sushi__000926.jpg,,,
/content/tmp_merged_datasets/merged_training_dataset/modificate/ds1__platsim_ar_pico_banana_9gb-V__modificate__root__000490.jpg,1,0.8748939,1,modificate,,ds1__platsim_ar_pico_banana_9gb-V__modificate__root__000490.jpg,,
/content/tmp_merged_datasets/merged_training_dataset/originali/ds5__raw_vale_id__originali__buono__riso_paella__000357.jpg,0,0.01620237,0,originali,ds5__raw_vale_id__originali__buono__riso_paella__000357.jpg,,,
/content/tmp_merged_datasets/merged_training_dataset/modificate/ds1__platsim_ar_pico_banana_9gb-V__modificate__root__000797.jpg,1,0.83958745,1,modificate,,ds1__platsim_ar_pico_banana_9gb-V__modificate__root__000797.jpg,,
/content/tmp_merged_datasets/merged_training_dataset/originali/ds5__raw_vale_id__originali__buono__altro__000071.jpg,0,0.023835367,0,originali,ds5__raw_vale_id__originali__buono__altro__000071.jpg,,,
/content/tmp_merged_datasets/merged_training_dataset/modificate/ds3__platsim_raw_vale_id__modificate__pizza__marcio__gpt_image_1_5__000731.jpg,1,0.9866051,1,modificate,,ds3__platsim_raw_vale_id__modificate__pizza__marcio__gpt_image_1_5__000731.jpg,,
/content/tmp_merged_datasets/merged_training_dataset/originali/ds1__platsim_ar_pico_banana_9gb-V__originali__root__000486.jpg,0,0.04830713,0,originali,ds1__platsim_ar_pico_banana_9gb-V__originali__root__000486.jpg,,,
/content/tmp_merged_datasets/merged_training_dataset/originali/ds1__platsim_ar_pico_banana_9gb-V__originali__root__000684.jpg,0,0.048379794,0,originali,ds1__platsim_ar_pico_banana_9gb-V__originali__root__000684.jpg,,,
/content/tmp_merged_datasets/merged_training_dataset/originali/ds3__platsim_raw_vale_id__originali__buono__patatine__000291.jpg,0,0.10443577,0,originali,ds3__platsim_raw_vale_id__originali__buono__patatine__000291.jpg,,,
/content/tmp_merged_datasets/merged_training_dataset/modificate/ds5__raw_vale_id__modificate__pasta__marcio__gpt_image_1_5__000610.jpg,1,0.9883682,1,modificate,,ds5__raw_vale_id__modificate__pasta__marcio__gpt_image_1_5__000610.jpg,,
/content/tmp_merged_datasets/merged_training_dataset/modificate/ds2__exp_3_augmented_v6.2_noK__modificate__pasta__marcio__gpt_image_1_5__001991.jpg,1,0.9782281,1,modificate,,ds2__exp_3_augmented_v6.2_noK__modificate__pasta__marcio__gpt_image_1_5__001991.jpg,,
/content/tmp_merged_datasets/merged_training_dataset/modificate/ds4__platsim_whatsapp_vale_id__modificate__altro__bruciato__gpt_image_1_mini__000019.jpg,1,0.99634993,1,modificate,,ds4__platsim_whatsapp_vale_id__modificate__altro__bruciato__gpt_image_1_mini__000019.jpg,,
/content/tmp_merged_datasets/merged_training_dataset/modificate/ds3__platsim_raw_vale_id__modificate__pasta__marcio__gpt_image_1_5__000590.jpg,1,0.10468699,0,modificate,,ds3__platsim_raw_vale_id__modificate__pasta__marcio__gpt_image_1_5__000590.jpg,,
/content/tmp_merged_datasets/merged_training_dataset/originali/ds2__exp_3_augmented_v6.2_noK__originali__buono__burger_panino__000297.jpg,0,0.007795338,0,originali,ds2__exp_3_augmented_v6.2_noK__originali__buono__burger_panino__000297.jpg,,,
/content/tmp_merged_datasets/merged_training_dataset/modificate/ds3__platsim_raw_vale_id__modificate__altro__marcio__gpt_image_1_5__000127.jpg,1,0.98573065,1,modificate,,ds3__platsim_raw_vale_id__modificate__altro__marcio__gpt_image_1_5__000127.jpg,,
/content/tmp_merged_datasets/merged_training_dataset/modificate/ds1__platsim_ar_pico_banana_9gb-V__modificate__root__001667.jpg,1,0.0136990165,0,modificate,,ds1__platsim_ar_pico_banana_9gb-V__modificate__root__001667.jpg,,
/content/tmp_merged_datasets/merged_training_dataset/originali/ds1__platsim_ar_pico_banana_9gb-V__originali__root__002459.jpg,0,0.88279223,1,originali,ds1__platsim_ar_pico_banana_9gb-V__originali__root__002459.jpg,,,
/content/tmp_merged_datasets/merged_training_dataset/modificate/ds2__exp_3_augmented_v6.2_noK__modificate__altro__crudo__gpt_image_1_5__000184.jpg,1,0.99539244,1,modificate,,ds2__exp_3_augmented_v6.2_noK__modificate__altro__crudo__gpt_image_1_5__000184.jpg,,
/content/tmp_merged_datasets/merged_training_dataset/modificate/ds3__platsim_raw_vale_id__modificate__carne__crudo__gpt_image_1_5__000331.jpg,1,0.9429199,1,modificate,,ds3__platsim_raw_vale_id__modificate__carne__crudo__gpt_image_1_5__000331.jpg,,
/content/tmp_merged_datasets/merged_training_dataset/modificate/ds1__platsim_ar_pico_banana_9gb-V__modificate__root__001545.jpg,1,0.9720123,1,modificate,,ds1__platsim_ar_pico_banana_9gb-V__modificate__root__001545.jpg,,
/content/tmp_merged_datasets/merged_training_dataset/modificate/ds3__platsim_raw_vale_id__modificate__sushi__crudo__gpt_image_1_mini__000830.jpg,1,0.9716158,1,modificate,,ds3__platsim_raw_vale_id__modificate__sushi__crudo__gpt_image_1_mini__000830.jpg,,
/content/tmp_merged_datasets/merged_training_dataset/modificate/ds2__exp_3_augmented_v6.2_noK__modificate__burger_panino__bruciato__gpt_image_1_mini__000530.jpg,1,0.9947213,1,modificate,,ds2__exp_3_augmented_v6.2_noK__modificate__burger_panino__bruciato__gpt_image_1_mini__000530.jpg,,
/content/tmp_merged_datasets/merged_training_dataset/modificate/ds5__raw_vale_id__modificate__fritti__bruciato__gpt_image_1_mini__000451.jpg,1,0.9962817,1,modificate,,ds5__raw_vale_id__modificate__fritti__bruciato__gpt_image_1_mini__000451.jpg,,
/content/tmp_merged_datasets/merged_training_dataset/modificate/ds3__platsim_raw_vale_id__modificate__altro__crudo__gpt_image_1_mini__000082.jpg,1,0.9977946,1,modificate,,ds3__platsim_raw_vale_id__modificate__altro__crudo__gpt_image_1_mini__000082.jpg,,
/content/tmp_merged_datasets/merged_training_dataset/modificate/ds1__platsim_ar_pico_banana_9gb-V__modificate__root__000422.jpg,1,0.88164604,1,modificate,,ds1__platsim_ar_pico_banana_9gb-V__modificate__root__000422.jpg,,
/content/tmp_merged_datasets/merged_training_dataset/originali/ds1__platsim_ar_pico_banana_9gb-V__originali__root__002430.jpg,0,0.03771514,0,originali,ds1__platsim_ar_pico_banana_9gb-V__originali__root__002430.jpg,,,
/content/tmp_merged_datasets/merged_training_dataset/originali/ds2__exp_3_augmented_v6.2_noK__originali__buono__frutta_verdura__000552.jpg,0,0.03950859,0,originali,ds2__exp_3_augmented_v6.2_noK__originali__buono__frutta_verdura__000552.jpg,,,
/content/tmp_merged_datasets/merged_training_dataset/originali/ds1__platsim_ar_pico_banana_9gb-V__originali__root__001067.jpg,0,0.011773775,0,originali,ds1__platsim_ar_pico_banana_9gb-V__originali__root__001067.jpg,,,
/content/tmp_merged_datasets/merged_training_dataset/modificate/ds3__platsim_raw_vale_id__modificate__altro__crudo__gpt_image_1_5__000060.jpg,1,0.9840268,1,modificate,,ds3__platsim_raw_vale_id__modificate__altro__crudo__gpt_image_1_5__000060.jpg,,
/content/tmp_merged_datasets/merged_training_dataset/modificate/ds2__exp_3_augmented_v6.2_noK__modificate__pasta__bruciato__gpt_image_1_5__001748.jpg,1,0.98169667,1,modificate,,ds2__exp_3_augmented_v6.2_noK__modificate__pasta__bruciato__gpt_image_1_5__001748.jpg,,
/content/tmp_merged_datasets/merged_training_dataset/modificate/ds1__platsim_ar_pico_banana_9gb-V__modificate__root__001873.jpg,1,0.031810466,0,modificate,,ds1__platsim_ar_pico_banana_9gb-V__modificate__root__001873.jpg,,
/content/tmp_merged_datasets/merged_training_dataset/modificate/ds2__exp_3_augmented_v6.2_noK__modificate__frutta_verdura__insetti__gpt_image_1_5__001589.jpg,1,0.95323604,1,modificate,,ds2__exp_3_augmented_v6.2_noK__modificate__frutta_verdura__insetti__gpt_image_1_5__001589.jpg,,
/content/tmp_merged_datasets/merged_training_dataset/originali/ds3__platsim_raw_vale_id__originali__buono__pizza__000298.jpg,0,0.5689669,1,originali,ds3__platsim_raw_vale_id__originali__buono__pizza__000298.jpg,,,
/content/tmp_merged_datasets/merged_training_dataset/originali/ds3__platsim_raw_vale_id__originali__buono__altro__000072.jpg,0,0.15385835,0,originali,ds3__platsim_raw_vale_id__originali__buono__altro__000072.jpg,,,
/content/tmp_merged_datasets/merged_training_dataset/originali/ds2__exp_3_augmented_v6.2_noK__originali__buono__carne__000370.jpg,0,0.011166836,0,originali,ds2__exp_3_augmented_v6.2_noK__originali__buono__carne__000370.jpg,,,
/content/tmp_merged_datasets/merged_training_dataset/modificate/ds5__raw_vale_id__modificate__pasta__marcio__gpt_image_1_5__000593.jpg,1,0.96259916,1,modificate,,ds5__raw_vale_id__modificate__pasta__marcio__gpt_image_1_5__000593.jpg,,
/content/tmp_merged_datasets/merged_training_dataset/originali/ds1__platsim_ar_pico_banana_9gb-V__originali__root__002067.jpg,0,0.9619385,1,originali,ds1__platsim_ar_pico_banana_9gb-V__originali__root__002067.jpg,,,
/content/tmp_merged_datasets/merged_training_dataset/originali/ds2__exp_3_augmented_v6.2_noK__originali__cattivo__frutta_verdura__marcio__001299.jpg,0,0.017140416,0,originali,ds2__exp_3_augmented_v6.2_noK__originali__cattivo__frutta_verdura__marcio__001299.jpg,,,
/content/tmp_merged_datasets/merged_training_dataset/modificate/ds2__exp_3_augmented_v6.2_noK__modificate__pizza__bruciato__gpt_image_1_mini__002219.jpg,1,0.9985929,1,modificate,,ds2__exp_3_augmented_v6.2_noK__modificate__pizza__bruciato__gpt_image_1_mini__002219.jpg,,
/content/tmp_merged_datasets/merged_training_dataset/originali/ds1__platsim_ar_pico_banana_9gb-V__originali__root__001021.jpg,0,0.09837836,0,originali,ds1__platsim_ar_pico_banana_9gb-V__originali__root__001021.jpg,,,
/content/tmp_merged_datasets/merged_training_dataset/modificate/ds1__platsim_ar_pico_banana_9gb-V__modificate__root__000692.jpg,1,0.010044091,0,modificate,,ds1__platsim_ar_pico_banana_9gb-V__modificate__root__000692.jpg,,
/content/tmp_merged_datasets/merged_training_dataset/originali/ds5__raw_vale_id__originali__buono__altro__000040.jpg,0,0.9495397,1,originali,ds5__raw_vale_id__originali__buono__altro__000040.jpg,,,
/content/tmp_merged_datasets/merged_training_dataset/originali/ds1__platsim_ar_pico_banana_9gb-V__originali__root__002291.jpg,0,0.6241104,1,originali,ds1__platsim_ar_pico_banana_9gb-V__originali__root__002291.jpg,,,
/content/tmp_merged_datasets/merged_training_dataset/originali/ds2__exp_3_augmented_v6.2_noK__originali__buono__pasta__000640.jpg,0,0.017570464,0,originali,ds2__exp_3_augmented_v6.2_noK__originali__buono__pasta__000640.jpg,,,
/content/tmp_merged_datasets/merged_training_dataset/modificate/ds4__platsim_whatsapp_vale_id__modificate__altro__insetti__gpt_image_1_mini__000043.jpg,1,0.96824944,1,modificate,,ds4__platsim_whatsapp_vale_id__modificate__altro__insetti__gpt_image_1_mini__000043.jpg,,
/content/tmp_merged_datasets/merged_training_dataset/modificate/ds1__platsim_ar_pico_banana_9gb-V__modificate__root__000684.jpg,1,0.84330153,1,modificate,,ds1__platsim_ar_pico_banana_9gb-V__modificate__root__000684.jpg,,
/content/tmp_merged_datasets/merged_training_dataset/originali/ds1__platsim_ar_pico_banana_9gb-V__originali__root__000244.jpg,0,0.019652009,0,originali,ds1__platsim_ar_pico_banana_9gb-V__originali__root__000244.jpg,,,
/content/tmp_merged_datasets/merged_training_dataset/originali/ds6__whatsapp_vale_id__originali__buono__dessert__000083.jpeg,0,0.018824998,0,originali,ds6__whatsapp_vale_id__originali__buono__dessert__000083.jpeg,,,
/content/tmp_merged_datasets/merged_training_dataset/modificate/ds4__platsim_whatsapp_vale_id__modificate__carne__marcio__gpt_image_1_5__000140.jpg,1,0.99084705,1,modificate,,ds4__platsim_whatsapp_vale_id__modificate__carne__marcio__gpt_image_1_5__000140.jpg,,
/content/tmp_merged_datasets/merged_training_dataset/modificate/ds4__platsim_whatsapp_vale_id__modificate__pasta__crudo__gpt_image_1_5__000235.jpg,1,0.9685291,1,modificate,,ds4__platsim_whatsapp_vale_id__modificate__pasta__crudo__gpt_image_1_5__000235.jpg,,
/content/tmp_merged_datasets/merged_training_dataset/modificate/ds6__whatsapp_vale_id__modificate__pasta__marcio__gpt_image_1_5__000280.jpeg,1,0.99357116,1,modificate,,ds6__whatsapp_vale_id__modificate__pasta__marcio__gpt_image_1_5__000280.jpeg,,
/content/tmp_merged_datasets/merged_training_dataset/modificate/ds2__exp_3_augmented_v6.2_noK__modificate__carne__bruciato__gpt_image_1_mini__001031.jpg,1,0.9980915,1,modificate,,ds2__exp_3_augmented_v6.2_noK__modificate__carne__bruciato__gpt_image_1_mini__001031.jpg,,
/content/tmp_merged_datasets/merged_training_dataset/originali/ds2__exp_3_augmented_v6.2_noK__originali__buono__carne__000388.jpg,0,0.015633719,0,originali,ds2__exp_3_augmented_v6.2_noK__originali__buono__carne__000388.jpg,,,
/content/tmp_merged_datasets/merged_training_dataset/modificate/ds1__platsim_ar_pico_banana_9gb-V__modificate__root__001276.jpg,1,0.9817231,1,modificate,,ds1__platsim_ar_pico_banana_9gb-V__modificate__root__001276.jpg,,
/content/tmp_merged_datasets/merged_training_dataset/modificate/ds5__raw_vale_id__modificate__pasta__bruciato__gpt_image_1_mini__000514.jpg,1,0.987677,1,modificate,,ds5__raw_vale_id__modificate__pasta__bruciato__gpt_image_1_mini__000514.jpg,,
/content/tmp_merged_datasets/merged_training_dataset/modificate/ds5__raw_vale_id__modificate__sushi__insetti__gpt_image_1_mini__000843.jpg,1,0.9840267,1,modificate,,ds5__raw_vale_id__modificate__sushi__insetti__gpt_image_1_mini__000843.jpg,,
/content/tmp_merged_datasets/merged_training_dataset/originali/ds1__platsim_ar_pico_banana_9gb-V__originali__root__000075.jpg,0,0.006952527,0,originali,ds1__platsim_ar_pico_banana_9gb-V__originali__root__000075.jpg,,,
/content/tmp_merged_datasets/merged_training_dataset/originali/ds2__exp_3_augmented_v6.2_noK__originali__buono__altro__000021.jpg,0,0.04411562,0,originali,ds2__exp_3_augmented_v6.2_noK__originali__buono__altro__000021.jpg,,,
/content/tmp_merged_datasets/merged_training_dataset/modificate/ds2__exp_3_augmented_v6.2_noK__modificate__altro__bruciato__gpt_image_1_5__000034.jpg,1,0.99386543,1,modificate,,ds2__exp_3_augmented_v6.2_noK__modificate__altro__bruciato__gpt_image_1_5__000034.jpg,,
/content/tmp_merged_datasets/merged_training_dataset/originali/ds5__raw_vale_id__originali__buono__pasta__000265.jpg,0,0.048134293,0,originali,ds5__raw_vale_id__originali__buono__pasta__000265.jpg,,,
/content/tmp_merged_datasets/merged_training_dataset/modificate/ds2__exp_3_augmented_v6.2_noK__modificate__frutta_verdura__marcio__gpt_image_1_mini__001689.jpg,1,0.9964594,1,modificate,,ds2__exp_3_augmented_v6.2_noK__modificate__frutta_verdura__marcio__gpt_image_1_mini__001689.jpg,,
/content/tmp_merged_datasets/merged_training_dataset/originali/ds1__platsim_ar_pico_banana_9gb-V__originali__root__000490.jpg,0,0.95096177,1,originali,ds1__platsim_ar_pico_banana_9gb-V__originali__root__000490.jpg,,,
/content/tmp_merged_datasets/merged_training_dataset/modificate/ds1__platsim_ar_pico_banana_9gb-V__modificate__root__001060.jpg,1,0.97389627,1,modificate,,ds1__platsim_ar_pico_banana_9gb-V__modificate__root__001060.jpg,,
/content/tmp_merged_datasets/merged_training_dataset/modificate/ds1__platsim_ar_pico_banana_9gb-V__modificate__root__000477.jpg,1,0.9480486,1,modificate,,ds1__platsim_ar_pico_banana_9gb-V__modificate__root__000477.jpg,,
/content/tmp_merged_datasets/merged_training_dataset/modificate/ds1__platsim_ar_pico_banana_9gb-V__modificate__root__000660.jpg,1,0.9731323,1,modificate,,ds1__platsim_ar_pico_banana_9gb-V__modificate__root__000660.jpg,,
/content/tmp_merged_datasets/merged_training_dataset/originali/ds1__platsim_ar_pico_banana_9gb-V__originali__root__000159.jpg,0,0.9769018,1,originali,ds1__platsim_ar_pico_banana_9gb-V__originali__root__000159.jpg,,,
/content/tmp_merged_datasets/merged_training_dataset/modificate/ds2__exp_3_augmented_v6.2_noK__modificate__carne__bruciato__gpt_image_1_mini__001050.jpg,1,0.9967732,1,modificate,,ds2__exp_3_augmented_v6.2_noK__modificate__carne__bruciato__gpt_image_1_mini__001050.jpg,,
/content/tmp_merged_datasets/merged_training_dataset/originali/ds1__platsim_ar_pico_banana_9gb-V__originali__root__000012.jpg,0,0.035658155,0,originali,ds1__platsim_ar_pico_banana_9gb-V__originali__root__000012.jpg,,,
/content/tmp_merged_datasets/merged_training_dataset/modificate/ds1__platsim_ar_pico_banana_9gb-V__modificate__root__000795.jpg,1,0.07358013,0,modificate,,ds1__platsim_ar_pico_banana_9gb-V__modificate__root__000795.jpg,,
/content/tmp_merged_datasets/merged_training_dataset/modificate/ds2__exp_3_augmented_v6.2_noK__modificate__carne__bruciato__gpt_image_1_mini__001060.jpg,1,0.996657,1,modificate,,ds2__exp_3_augmented_v6.2_noK__modificate__carne__bruciato__gpt_image_1_mini__001060.jpg,,
/content/tmp_merged_datasets/merged_training_dataset/originali/ds2__exp_3_augmented_v6.2_noK__originali__buono__carne__000401.jpg,0,0.058796503,0,originali,ds2__exp_3_augmented_v6.2_noK__originali__buono__carne__000401.jpg,,,
/content/tmp_merged_datasets/merged_training_dataset/originali/ds1__platsim_ar_pico_banana_9gb-V__originali__root__000154.jpg,0,0.031223949,0,originali,ds1__platsim_ar_pico_banana_9gb-V__originali__root__000154.jpg,,,
/content/tmp_merged_datasets/merged_training_dataset/modificate/ds2__exp_3_augmented_v6.2_noK__modificate__pasta__marcio__gpt_image_1_mini__002033.jpg,1,0.99370486,1,modificate,,ds2__exp_3_augmented_v6.2_noK__modificate__pasta__marcio__gpt_image_1_mini__002033.jpg,,
/content/tmp_merged_datasets/merged_training_dataset/modificate/ds6__whatsapp_vale_id__modificate__riso__paella__bruciato__gpt_image_1_5__000355.jpeg,1,0.9840912,1,modificate,,ds6__whatsapp_vale_id__modificate__riso__paella__bruciato__gpt_image_1_5__000355.jpeg,,
/content/tmp_merged_datasets/merged_training_dataset/modificate/ds3__platsim_raw_vale_id__modificate__dessert__bruciato__gpt_image_1_mini__000404.jpg,1,0.99354446,1,modificate,,ds3__platsim_raw_vale_id__modificate__dessert__bruciato__gpt_image_1_mini__000404.jpg,,
/content/tmp_merged_datasets/merged_training_dataset/modificate/ds5__raw_vale_id__modificate__riso__paella__bruciato__gpt_image_1_5__000748.jpg,1,0.9939527,1,modificate,,ds5__raw_vale_id__modificate__riso__paella__bruciato__gpt_image_1_5__000748.jpg,,
/content/tmp_merged_datasets/merged_training_dataset/modificate/ds5__raw_vale_id__modificate__altro__insetti__gpt_image_1_5__000109.jpg,1,0.49276912,0,modificate,,ds5__raw_vale_id__modificate__altro__insetti__gpt_image_1_5__000109.jpg,,
/content/tmp_merged_datasets/merged_training_dataset/originali/ds1__platsim_ar_pico_banana_9gb-V__originali__root__000615.jpg,0,0.5077013,0,originali,ds1__platsim_ar_pico_banana_9gb-V__originali__root__000615.jpg,,,
/content/tmp_merged_datasets/merged_training_dataset/modificate/ds1__platsim_ar_pico_banana_9gb-V__modificate__root__000061.jpg,1,0.92869496,1,modificate,,ds1__platsim_ar_pico_banana_9gb-V__modificate__root__000061.jpg,,
/content/tmp_merged_datasets/merged_training_dataset/modificate/ds2__exp_3_augmented_v6.2_noK__modificate__pizza__bruciato__gpt_image_1_5__002136.jpg,1,0.99666554,1,modificate,,ds2__exp_3_augmented_v6.2_noK__modificate__pizza__bruciato__gpt_image_1_5__002136.jpg,,
/content/tmp_merged_datasets/merged_training_dataset/modificate/ds4__platsim_whatsapp_vale_id__modificate__pasta__marcio__gpt_image_1_5__000285.jpg,1,0.9555358,1,modificate,,ds4__platsim_whatsapp_vale_id__modificate__pasta__marcio__gpt_image_1_5__000285.jpg,,
/content/tmp_merged_datasets/merged_training_dataset/modificate/ds2__exp_3_augmented_v6.2_noK__modificate__pizza__bruciato__gpt_image_1_5__002152.jpg,1,0.9974523,1,modificate,,ds2__exp_3_augmented_v6.2_noK__modificate__pizza__bruciato__gpt_image_1_5__002152.jpg,,
/content/tmp_merged_datasets/merged_training_dataset/modificate/ds2__exp_3_augmented_v6.2_noK__modificate__insalata__insetti__gpt_image_1_mini__001719.jpg,1,0.9807796,1,modificate,,ds2__exp_3_augmented_v6.2_noK__modificate__insalata__insetti__gpt_image_1_mini__001719.jpg,,
/content/tmp_merged_datasets/merged_training_dataset/originali/ds2__exp_3_augmented_v6.2_noK__originali__cattivo__carne__bruciato__001104.jpg,0,0.0050877477,0,originali,ds2__exp_3_augmented_v6.2_noK__originali__cattivo__carne__bruciato__001104.jpg,,,
/content/tmp_merged_datasets/merged_training_dataset/modificate/ds2__exp_3_augmented_v6.2_noK__modificate__patatine__bruciato__gpt_image_1_mini__002094.jpg,1,0.99810153,1,modificate,,ds2__exp_3_augmented_v6.2_noK__modificate__patatine__bruciato__gpt_image_1_mini__002094.jpg,,
/content/tmp_merged_datasets/merged_training_dataset/modificate/ds6__whatsapp_vale_id__modificate__riso__paella__bruciato__gpt_image_1_5__000356.jpg,1,0.9800755,1,modificate,,ds6__whatsapp_vale_id__modificate__riso__paella__bruciato__gpt_image_1_5__000356.jpg,,
/content/tmp_merged_datasets/merged_training_dataset/modificate/ds1__platsim_ar_pico_banana_9gb-V__modificate__root__000847.jpg,1,0.9788343,1,modificate,,ds1__platsim_ar_pico_banana_9gb-V__modificate__root__000847.jpg,,
/content/tmp_merged_datasets/merged_training_dataset/modificate/ds1__platsim_ar_pico_banana_9gb-V__modificate__root__002258.jpg,1,0.9259134,1,modificate,,ds1__platsim_ar_pico_banana_9gb-V__modificate__root__002258.jpg,,
/content/tmp_merged_datasets/merged_training_dataset/modificate/ds1__platsim_ar_pico_banana_9gb-V__modificate__root__001524.jpg,1,0.93654656,1,modificate,,ds1__platsim_ar_pico_banana_9gb-V__modificate__root__001524.jpg,,
/content/tmp_merged_datasets/merged_training_dataset/originali/ds1__platsim_ar_pico_banana_9gb-V__originali__root__000857.jpg,0,0.8581349,1,originali,ds1__platsim_ar_pico_banana_9gb-V__originali__root__000857.jpg,,,
/content/tmp_merged_datasets/merged_training_dataset/modificate/ds2__exp_3_augmented_v6.2_noK__modificate__sushi__marcio__gpt_image_1_mini__002632.jpg,1,0.981611,1,modificate,,ds2__exp_3_augmented_v6.2_noK__modificate__sushi__marcio__gpt_image_1_mini__002632.jpg,,
/content/tmp_merged_datasets/merged_training_dataset/modificate/ds2__exp_3_augmented_v6.2_noK__modificate__frutta_verdura__crudo__gpt_image_1_5__001548.jpg,1,0.9775798,1,modificate,,ds2__exp_3_augmented_v6.2_noK__modificate__frutta_verdura__crudo__gpt_image_1_5__001548.jpg,,
/content/tmp_merged_datasets/merged_training_dataset/modificate/ds4__platsim_whatsapp_vale_id__modificate__dessert__marcio__gpt_image_1_5__000175.jpg,1,0.016398326,0,modificate,,ds4__platsim_whatsapp_vale_id__modificate__dessert__marcio__gpt_image_1_5__000175.jpg,,
/content/tmp_merged_datasets/merged_training_dataset/modificate/ds2__exp_3_augmented_v6.2_noK__modificate__pizza__crudo__gpt_image_1_mini__002278.jpg,1,0.993468,1,modificate,,ds2__exp_3_augmented_v6.2_noK__modificate__pizza__crudo__gpt_image_1_mini__002278.jpg,,
/content/tmp_merged_datasets/merged_training_dataset/modificate/ds1__platsim_ar_pico_banana_9gb-V__modificate__root__001237.jpg,1,0.9459102,1,modificate,,ds1__platsim_ar_pico_banana_9gb-V__modificate__root__001237.jpg,,
/content/tmp_merged_datasets/merged_training_dataset/modificate/ds2__exp_3_augmented_v6.2_noK__modificate__riso_paella__bruciato__gpt_image_1_mini__002415.jpg,1,0.997965,1,modificate,,ds2__exp_3_augmented_v6.2_noK__modificate__riso_paella__bruciato__gpt_image_1_mini__002415.jpg,,
/content/tmp_merged_datasets/merged_training_dataset/modificate/ds1__platsim_ar_pico_banana_9gb-V__modificate__root__000200.jpg,1,0.012044845,0,modificate,,ds1__platsim_ar_pico_banana_9gb-V__modificate__root__000200.jpg,,
/content/tmp_merged_datasets/merged_training_dataset/modificate/ds1__platsim_ar_pico_banana_9gb-V__modificate__root__001715.jpg,1,0.110671856,0,modificate,,ds1__platsim_ar_pico_banana_9gb-V__modificate__root__001715.jpg,,
/content/tmp_merged_datasets/merged_training_dataset/modificate/ds2__exp_3_augmented_v6.2_noK__modificate__altro__bruciato__gpt_image_1_5__000053.jpg,1,0.9962709,1,modificate,,ds2__exp_3_augmented_v6.2_noK__modificate__altro__bruciato__gpt_image_1_5__000053.jpg,,
/content/tmp_merged_datasets/merged_training_dataset/modificate/ds2__exp_3_augmented_v6.2_noK__modificate__altro__bruciato__gpt_image_1_mini__000142.jpg,1,0.99874973,1,modificate,,ds2__exp_3_augmented_v6.2_noK__modificate__altro__bruciato__gpt_image_1_mini__000142.jpg,,
/content/tmp_merged_datasets/merged_training_dataset/modificate/ds3__platsim_raw_vale_id__modificate__altro__insetti__gpt_image_1_5__000102.jpg,1,0.95238024,1,modificate,,ds3__platsim_raw_vale_id__modificate__altro__insetti__gpt_image_1_5__000102.jpg,,
/content/tmp_merged_datasets/merged_training_dataset/originali/ds2__exp_3_augmented_v6.2_noK__originali__buono__frutta_verdura__000560.jpg,0,0.04482305,0,originali,ds2__exp_3_augmented_v6.2_noK__originali__buono__frutta_verdura__000560.jpg,,,
/content/tmp_merged_datasets/merged_training_dataset/modificate/ds3__platsim_raw_vale_id__modificate__altro__marcio__gpt_image_1_5__000144.jpg,1,0.9600085,1,modificate,,ds3__platsim_raw_vale_id__modificate__altro__marcio__gpt_image_1_5__000144.jpg,,
/content/tmp_merged_datasets/merged_training_dataset/modificate/ds3__platsim_raw_vale_id__modificate__burger__panino__marcio__gpt_image_1_mini__000287.jpg,1,0.99576306,1,modificate,,ds3__platsim_raw_vale_id__modificate__burger__panino__marcio__gpt_image_1_mini__000287.jpg,,
/content/tmp_merged_datasets/merged_training_dataset/modificate/ds2__exp_3_augmented_v6.2_noK__modificate__riso_paella__bruciato__gpt_image_1_mini__002426.jpg,1,0.9980342,1,modificate,,ds2__exp_3_augmented_v6.2_noK__modificate__riso_paella__bruciato__gpt_image_1_mini__002426.jpg,,
/content/tmp_merged_datasets/merged_training_dataset/modificate/ds2__exp_3_augmented_v6.2_noK__modificate__burger_panino__marcio__gpt_image_1_5__000793.jpg,1,0.9919081,1,modificate,,ds2__exp_3_augmented_v6.2_noK__modificate__burger_panino__marcio__gpt_image_1_5__000793.jpg,,
/content/tmp_merged_datasets/merged_training_dataset/originali/ds1__platsim_ar_pico_banana_9gb-V__originali__root__000057.jpg,0,0.02666371,0,originali,ds1__platsim_ar_pico_banana_9gb-V__originali__root__000057.jpg,,,
/content/tmp_merged_datasets/merged_training_dataset/modificate/ds2__exp_3_augmented_v6.2_noK__modificate__burger_panino__crudo__gpt_image_1_mini__000775.jpg,1,0.9897288,1,modificate,,ds2__exp_3_augmented_v6.2_noK__modificate__burger_panino__crudo__gpt_image_1_mini__000775.jpg,,
/content/tmp_merged_datasets/merged_training_dataset/originali/ds1__platsim_ar_pico_banana_9gb-V__originali__root__000278.jpg,0,0.27074382,0,originali,ds1__platsim_ar_pico_banana_9gb-V__originali__root__000278.jpg,,,
/content/tmp_merged_datasets/merged_training_dataset/modificate/ds1__platsim_ar_pico_banana_9gb-V__modificate__root__001402.jpg,1,0.939384,1,modificate,,ds1__platsim_ar_pico_banana_9gb-V__modificate__root__001402.jpg,,
/content/tmp_merged_datasets/merged_training_dataset/originali/ds1__platsim_ar_pico_banana_9gb-V__originali__root__000115.jpg,0,0.0037994843,0,originali,ds1__platsim_ar_pico_banana_9gb-V__originali__root__000115.jpg,,,
/content/tmp_merged_datasets/merged_training_dataset/modificate/ds1__platsim_ar_pico_banana_9gb-V__modificate__root__002472.jpg,1,0.97738886,1,modificate,,ds1__platsim_ar_pico_banana_9gb-V__modificate__root__002472.jpg,,
/content/tmp_merged_datasets/merged_training_dataset/originali/ds2__exp_3_augmented_v6.2_noK__originali__buono__frutta_verdura__000530.jpg,0,0.15846233,0,originali,ds2__exp_3_augmented_v6.2_noK__originali__buono__frutta_verdura__000530.jpg,,,
/content/tmp_merged_datasets/merged_training_dataset/originali/ds1__platsim_ar_pico_banana_9gb-V__originali__root__001433.jpg,0,0.95987844,1,originali,ds1__platsim_ar_pico_banana_9gb-V__originali__root__001433.jpg,,,
/content/tmp_merged_datasets/merged_training_dataset/modificate/ds3__platsim_raw_vale_id__modificate__pasta__marcio__gpt_image_1_mini__000642.jpg,1,0.97269136,1,modificate,,ds3__platsim_raw_vale_id__modificate__pasta__marcio__gpt_image_1_mini__000642.jpg,,
/content/tmp_merged_datasets/merged_training_dataset/modificate/ds3__platsim_raw_vale_id__modificate__riso__paella__crudo__gpt_image_1_5__000797.jpg,1,0.9899747,1,modificate,,ds3__platsim_raw_vale_id__modificate__riso__paella__crudo__gpt_image_1_5__000797.jpg,,
/content/tmp_merged_datasets/merged_training_dataset/originali/ds3__platsim_raw_vale_id__originali__buono__pizza__000319.jpg,0,0.019044738,0,originali,ds3__platsim_raw_vale_id__originali__buono__pizza__000319.jpg,,,
/content/tmp_merged_datasets/merged_training_dataset/modificate/ds1__platsim_ar_pico_banana_9gb-V__modificate__root__000290.jpg,1,0.96290314,1,modificate,,ds1__platsim_ar_pico_banana_9gb-V__modificate__root__000290.jpg,,
/content/tmp_merged_datasets/merged_training_dataset/modificate/ds3__platsim_raw_vale_id__modificate__carne__bruciato__gpt_image_1_5__000305.jpg,1,0.99328494,1,modificate,,ds3__platsim_raw_vale_id__modificate__carne__bruciato__gpt_image_1_5__000305.jpg,,
/content/tmp_merged_datasets/merged_training_dataset/originali/ds1__platsim_ar_pico_banana_9gb-V__originali__root__001524.jpg,0,0.18124083,0,originali,ds1__platsim_ar_pico_banana_9gb-V__originali__root__001524.jpg,,,
/content/tmp_merged_datasets/merged_training_dataset/modificate/ds2__exp_3_augmented_v6.2_noK__modificate__altro__marcio__gpt_image_1_mini__000419.jpg,1,0.9885592,1,modificate,,ds2__exp_3_augmented_v6.2_noK__modificate__altro__marcio__gpt_image_1_mini__000419.jpg,,
/content/tmp_merged_datasets/merged_training_dataset/modificate/ds1__platsim_ar_pico_banana_9gb-V__modificate__root__001954.jpg,1,0.9009264,1,modificate,,ds1__platsim_ar_pico_banana_9gb-V__modificate__root__001954.jpg,,
/content/tmp_merged_datasets/merged_training_dataset/modificate/ds1__platsim_ar_pico_banana_9gb-V__modificate__root__001003.jpg,1,0.9162893,1,modificate,,ds1__platsim_ar_pico_banana_9gb-V__modificate__root__001003.jpg,,
/content/tmp_merged_datasets/merged_training_dataset/originali/ds1__platsim_ar_pico_banana_9gb-V__originali__root__000570.jpg,0,0.006353623,0,originali,ds1__platsim_ar_pico_banana_9gb-V__originali__root__000570.jpg,,,
/content/tmp_merged_datasets/merged_training_dataset/modificate/ds2__exp_3_augmented_v6.2_noK__modificate__pasta__bruciato__gpt_image_1_mini__001754.jpg,1,0.99054116,1,modificate,,ds2__exp_3_augmented_v6.2_noK__modificate__pasta__bruciato__gpt_image_1_mini__001754.jpg,,
/content/tmp_merged_datasets/merged_training_dataset/modificate/ds3__platsim_raw_vale_id__modificate__pasta__marcio__gpt_image_1_5__000602.jpg,1,0.9806013,1,modificate,,ds3__platsim_raw_vale_id__modificate__pasta__marcio__gpt_image_1_5__000602.jpg,,
/content/tmp_merged_datasets/merged_training_dataset/modificate/ds1__platsim_ar_pico_banana_9gb-V__modificate__root__001064.jpg,1,0.948723,1,modificate,,ds1__platsim_ar_pico_banana_9gb-V__modificate__root__001064.jpg,,
/content/tmp_merged_datasets/merged_training_dataset/modificate/ds1__platsim_ar_pico_banana_9gb-V__modificate__root__001946.jpg,1,0.94481903,1,modificate,,ds1__platsim_ar_pico_banana_9gb-V__modificate__root__001946.jpg,,
/content/tmp_merged_datasets/merged_training_dataset/modificate/ds1__platsim_ar_pico_banana_9gb-V__modificate__root__002343.jpg,1,0.96318,1,modificate,,ds1__platsim_ar_pico_banana_9gb-V__modificate__root__002343.jpg,,
/content/tmp_merged_datasets/merged_training_dataset/modificate/ds2__exp_3_augmented_v6.2_noK__modificate__altro__marcio__gpt_image_1_mini__000465.jpg,1,0.99115634,1,modificate,,ds2__exp_3_augmented_v6.2_noK__modificate__altro__marcio__gpt_image_1_mini__000465.jpg,,
/content/tmp_merged_datasets/merged_training_dataset/modificate/ds1__platsim_ar_pico_banana_9gb-V__modificate__root__001221.jpg,1,0.987344,1,modificate,,ds1__platsim_ar_pico_banana_9gb-V__modificate__root__001221.jpg,,
/content/tmp_merged_datasets/merged_training_dataset/originali/ds1__platsim_ar_pico_banana_9gb-V__originali__root__002263.jpg,0,0.01603825,0,originali,ds1__platsim_ar_pico_banana_9gb-V__originali__root__002263.jpg,,,
/content/tmp_merged_datasets/merged_training_dataset/originali/ds5__raw_vale_id__originali__buono__sushi__000368.jpg,0,0.014905572,0,originali,ds5__raw_vale_id__originali__buono__sushi__000368.jpg,,,
/content/tmp_merged_datasets/merged_training_dataset/modificate/ds1__platsim_ar_pico_banana_9gb-V__modificate__root__000804.jpg,1,0.95474726,1,modificate,,ds1__platsim_ar_pico_banana_9gb-V__modificate__root__000804.jpg,,
/content/tmp_merged_datasets/merged_training_dataset/modificate/ds1__platsim_ar_pico_banana_9gb-V__modificate__root__001765.jpg,1,0.9071093,1,modificate,,ds1__platsim_ar_pico_banana_9gb-V__modificate__root__001765.jpg,,
/content/tmp_merged_datasets/merged_training_dataset/originali/ds1__platsim_ar_pico_banana_9gb-V__originali__root__001545.jpg,0,0.15317726,0,originali,ds1__platsim_ar_pico_banana_9gb-V__originali__root__001545.jpg,,,
/content/tmp_merged_datasets/merged_training_dataset/originali/ds2__exp_3_augmented_v6.2_noK__originali__buono__pizza__000799.jpg,0,0.030061286,0,originali,ds2__exp_3_augmented_v6.2_noK__originali__buono__pizza__000799.jpg,,,
/content/tmp_merged_datasets/merged_training_dataset/originali/ds1__platsim_ar_pico_banana_9gb-V__originali__root__000193.jpg,0,0.013831026,0,originali,ds1__platsim_ar_pico_banana_9gb-V__originali__root__000193.jpg,,,
/content/tmp_merged_datasets/merged_training_dataset/modificate/ds2__exp_3_augmented_v6.2_noK__modificate__frutta_verdura__marcio__gpt_image_1_5__001628.jpg,1,0.98390156,1,modificate,,ds2__exp_3_augmented_v6.2_noK__modificate__frutta_verdura__marcio__gpt_image_1_5__001628.jpg,,
/content/tmp_merged_datasets/merged_training_dataset/modificate/ds1__platsim_ar_pico_banana_9gb-V__modificate__root__001382.jpg,1,0.7940479,1,modificate,,ds1__platsim_ar_pico_banana_9gb-V__modificate__root__001382.jpg,,
/content/tmp_merged_datasets/merged_training_dataset/originali/ds3__platsim_raw_vale_id__originali__cattivo__pizza__bruciato__000397.jpg,0,0.08311157,0,originali,ds3__platsim_raw_vale_id__originali__cattivo__pizza__bruciato__000397.jpg,,,
/content/tmp_merged_datasets/merged_training_dataset/modificate/ds4__platsim_whatsapp_vale_id__modificate__dessert__marcio__gpt_image_1_5__000181.jpg,1,0.99565876,1,modificate,,ds4__platsim_whatsapp_vale_id__modificate__dessert__marcio__gpt_image_1_5__000181.jpg,,
/content/tmp_merged_datasets/merged_training_dataset/originali/ds3__platsim_raw_vale_id__originali__buono__altro__000021.jpg,0,0.0074514225,0,originali,ds3__platsim_raw_vale_id__originali__buono__altro__000021.jpg,,,
/content/tmp_merged_datasets/merged_training_dataset/modificate/ds1__platsim_ar_pico_banana_9gb-V__modificate__root__000875.jpg,1,0.93508404,1,modificate,,ds1__platsim_ar_pico_banana_9gb-V__modificate__root__000875.jpg,,
/content/tmp_merged_datasets/merged_training_dataset/originali/ds1__platsim_ar_pico_banana_9gb-V__originali__root__001075.jpg,0,0.028470665,0,originali,ds1__platsim_ar_pico_banana_9gb-V__originali__root__001075.jpg,,,
/content/tmp_merged_datasets/merged_training_dataset/originali/ds2__exp_3_augmented_v6.2_noK__originali__buono__pasta__000711.jpg,0,0.011484577,0,originali,ds2__exp_3_augmented_v6.2_noK__originali__buono__pasta__000711.jpg,,,
/content/tmp_merged_datasets/merged_training_dataset/modificate/ds2__exp_3_augmented_v6.2_noK__modificate__pizza__ammuffito__gpt_image_1_mini__002125.jpg,1,0.99069864,1,modificate,,ds2__exp_3_augmented_v6.2_noK__modificate__pizza__ammuffito__gpt_image_1_mini__002125.jpg,,
/content/tmp_merged_datasets/merged_training_dataset/modificate/ds2__exp_3_augmented_v6.2_noK__modificate__pasta__marcio__gpt_image_1_mini__002016.jpg,1,0.99143785,1,modificate,,ds2__exp_3_augmented_v6.2_noK__modificate__pasta__marcio__gpt_image_1_mini__002016.jpg,,
/content/tmp_merged_datasets/merged_training_dataset/modificate/ds2__exp_3_augmented_v6.2_noK__modificate__altro__marcio__gpt_image_1_mini__000417.jpg,1,0.9892068,1,modificate,,ds2__exp_3_augmented_v6.2_noK__modificate__altro__marcio__gpt_image_1_mini__000417.jpg,,
/content/tmp_merged_datasets/merged_training_dataset/modificate/ds2__exp_3_augmented_v6.2_noK__modificate__pizza__crudo__gpt_image_1_5__002257.jpg,1,0.99080265,1,modificate,,ds2__exp_3_augmented_v6.2_noK__modificate__pizza__crudo__gpt_image_1_5__002257.jpg,,
/content/tmp_merged_datasets/merged_training_dataset/originali/ds1__platsim_ar_pico_banana_9gb-V__originali__root__000973.jpg,0,0.014477824,0,originali,ds1__platsim_ar_pico_banana_9gb-V__originali__root__000973.jpg,,,
/content/tmp_merged_datasets/merged_training_dataset/originali/ds1__platsim_ar_pico_banana_9gb-V__originali__root__001660.jpg,0,0.91057336,1,originali,ds1__platsim_ar_pico_banana_9gb-V__originali__root__001660.jpg,,,
/content/tmp_merged_datasets/merged_training_dataset/modificate/ds1__platsim_ar_pico_banana_9gb-V__modificate__root__002071.jpg,1,0.9613084,1,modificate,,ds1__platsim_ar_pico_banana_9gb-V__modificate__root__002071.jpg,,
/content/tmp_merged_datasets/merged_training_dataset/originali/ds2__exp_3_augmented_v6.2_noK__originali__cattivo__pizza__bruciato__001401.jpg,0,0.0075111897,0,originali,ds2__exp_3_augmented_v6.2_noK__originali__cattivo__pizza__bruciato__001401.jpg,,,
/content/tmp_merged_datasets/merged_training_dataset/modificate/ds3__platsim_raw_vale_id__modificate__altro__marcio__gpt_image_1_5__000189.jpg,1,0.7692539,1,modificate,,ds3__platsim_raw_vale_id__modificate__altro__marcio__gpt_image_1_5__000189.jpg,,
/content/tmp_merged_datasets/merged_training_dataset/modificate/ds6__whatsapp_vale_id__modificate__carne__marcio__gpt_image_1_mini__000142.jpeg,1,0.9795659,1,modificate,,ds6__whatsapp_vale_id__modificate__carne__marcio__gpt_image_1_mini__000142.jpeg,,
/content/tmp_merged_datasets/merged_training_dataset/modificate/ds2__exp_3_augmented_v6.2_noK__modificate__pasta__crudo__gpt_image_1_mini__001842.jpg,1,0.97384113,1,modificate,,ds2__exp_3_augmented_v6.2_noK__modificate__pasta__crudo__gpt_image_1_mini__001842.jpg,,
/content/tmp_merged_datasets/merged_training_dataset/modificate/ds1__platsim_ar_pico_banana_9gb-V__modificate__root__000986.jpg,1,0.9712792,1,modificate,,ds1__platsim_ar_pico_banana_9gb-V__modificate__root__000986.jpg,,
/content/tmp_merged_datasets/merged_training_dataset/modificate/ds2__exp_3_augmented_v6.2_noK__modificate__altro__crudo__gpt_image_1_5__000222.jpg,1,0.9932981,1,modificate,,ds2__exp_3_augmented_v6.2_noK__modificate__altro__crudo__gpt_image_1_5__000222.jpg,,
/content/tmp_merged_datasets/merged_training_dataset/originali/ds2__exp_3_augmented_v6.2_noK__originali__cattivo__carne__bruciato__001067.jpg,0,0.006276793,0,originali,ds2__exp_3_augmented_v6.2_noK__originali__cattivo__carne__bruciato__001067.jpg,,,
/content/tmp_merged_datasets/merged_training_dataset/modificate/ds2__exp_3_augmented_v6.2_noK__modificate__carne__bruciato__gpt_image_1_mini__001049.jpg,1,0.99675804,1,modificate,,ds2__exp_3_augmented_v6.2_noK__modificate__carne__bruciato__gpt_image_1_mini__001049.jpg,,
/content/tmp_merged_datasets/merged_training_dataset/originali/ds3__platsim_raw_vale_id__originali__buono__pasta__000235.jpg,0,0.2371094,0,originali,ds3__platsim_raw_vale_id__originali__buono__pasta__000235.jpg,,,
/content/tmp_merged_datasets/merged_training_dataset/modificate/ds1__platsim_ar_pico_banana_9gb-V__modificate__root__001113.jpg,1,0.96122175,1,modificate,,ds1__platsim_ar_pico_banana_9gb-V__modificate__root__001113.jpg,,
/content/tmp_merged_datasets/merged_training_dataset/modificate/ds4__platsim_whatsapp_vale_id__modificate__carne__bruciato__gpt_image_1_mini__000103.jpg,1,0.9962604,1,modificate,,ds4__platsim_whatsapp_vale_id__modificate__carne__bruciato__gpt_image_1_mini__000103.jpg,,
/content/tmp_merged_datasets/merged_training_dataset/modificate/ds3__platsim_raw_vale_id__modificate__riso__paella__bruciato__gpt_image_1_mini__000780.jpg,1,0.9921937,1,modificate,,ds3__platsim_raw_vale_id__modificate__riso__paella__bruciato__gpt_image_1_mini__000780.jpg,,
/content/tmp_merged_datasets/merged_training_dataset/modificate/ds1__platsim_ar_pico_banana_9gb-V__modificate__root__000588.jpg,1,0.9784545,1,modificate,,ds1__platsim_ar_pico_banana_9gb-V__modificate__root__000588.jpg,,
/content/tmp_merged_datasets/merged_training_dataset/originali/ds1__platsim_ar_pico_banana_9gb-V__originali__root__001044.jpg,0,0.12934999,0,originali,ds1__platsim_ar_pico_banana_9gb-V__originali__root__001044.jpg,,,
/content/tmp_merged_datasets/merged_training_dataset/modificate/ds1__platsim_ar_pico_banana_9gb-V__modificate__root__000068.jpg,1,0.017539812,0,modificate,,ds1__platsim_ar_pico_banana_9gb-V__modificate__root__000068.jpg,,
/content/tmp_merged_datasets/merged_training_dataset/modificate/ds2__exp_3_augmented_v6.2_noK__modificate__pizza__bruciato__gpt_image_1_5__002138.jpg,1,0.9967062,1,modificate,,ds2__exp_3_augmented_v6.2_noK__modificate__pizza__bruciato__gpt_image_1_5__002138.jpg,,
/content/tmp_merged_datasets/merged_training_dataset/modificate/ds1__platsim_ar_pico_banana_9gb-V__modificate__root__001352.jpg,1,0.8782672,1,modificate,,ds1__platsim_ar_pico_banana_9gb-V__modificate__root__001352.jpg,,
/content/tmp_merged_datasets/merged_training_dataset/modificate/ds1__platsim_ar_pico_banana_9gb-V__modificate__root__000850.jpg,1,0.014139978,0,modificate,,ds1__platsim_ar_pico_banana_9gb-V__modificate__root__000850.jpg,,
/content/tmp_merged_datasets/merged_training_dataset/modificate/ds1__platsim_ar_pico_banana_9gb-V__modificate__root__000474.jpg,1,0.9703296,1,modificate,,ds1__platsim_ar_pico_banana_9gb-V__modificate__root__000474.jpg,,
/content/tmp_merged_datasets/merged_training_dataset/originali/ds1__platsim_ar_pico_banana_9gb-V__originali__root__000846.jpg,0,0.9301454,1,originali,ds1__platsim_ar_pico_banana_9gb-V__originali__root__000846.jpg,,,
/content/tmp_merged_datasets/merged_training_dataset/modificate/ds1__platsim_ar_pico_banana_9gb-V__modificate__root__001971.jpg,1,0.051047787,0,modificate,,ds1__platsim_ar_pico_banana_9gb-V__modificate__root__001971.jpg,,
/content/tmp_merged_datasets/merged_training_dataset/originali/ds6__whatsapp_vale_id__originali__buono__fritti__000091.jpg,0,0.018418226,0,originali,ds6__whatsapp_vale_id__originali__buono__fritti__000091.jpg,,,
/content/tmp_merged_datasets/merged_training_dataset/originali/ds2__exp_3_augmented_v6.2_noK__originali__buono__zuppa__000979.jpg,0,0.06475303,0,originali,ds2__exp_3_augmented_v6.2_noK__originali__buono__zuppa__000979.jpg,,,
/content/tmp_merged_datasets/merged_training_dataset/modificate/ds2__exp_3_augmented_v6.2_noK__modificate__altro__marcio__gpt_image_1_mini__000442.jpg,1,0.9948605,1,modificate,,ds2__exp_3_augmented_v6.2_noK__modificate__altro__marcio__gpt_image_1_mini__000442.jpg,,
/content/tmp_merged_datasets/merged_training_dataset/modificate/ds2__exp_3_augmented_v6.2_noK__modificate__carne__bruciato__gpt_image_1_mini__001038.jpg,1,0.99619675,1,modificate,,ds2__exp_3_augmented_v6.2_noK__modificate__carne__bruciato__gpt_image_1_mini__001038.jpg,,
/content/tmp_merged_datasets/merged_training_dataset/originali/ds2__exp_3_augmented_v6.2_noK__originali__cattivo__burger_panino__bruciato__001054.jpg,0,0.0071589,0,originali,ds2__exp_3_augmented_v6.2_noK__originali__cattivo__burger_panino__bruciato__001054.jpg,,,
/content/tmp_merged_datasets/merged_training_dataset/modificate/ds3__platsim_raw_vale_id__modificate__altro__marcio__gpt_image_1_mini__000226.jpg,1,0.99368614,1,modificate,,ds3__platsim_raw_vale_id__modificate__altro__marcio__gpt_image_1_mini__000226.jpg,,
/content/tmp_merged_datasets/merged_training_dataset/originali/ds1__platsim_ar_pico_banana_9gb-V__originali__root__001669.jpg,0,0.25499278,0,originali,ds1__platsim_ar_pico_banana_9gb-V__originali__root__001669.jpg,,,
/content/tmp_merged_datasets/merged_training_dataset/modificate/ds5__raw_vale_id__modificate__altro__marcio__gpt_image_1_5__000131.jpg,1,0.9949714,1,modificate,,ds5__raw_vale_id__modificate__altro__marcio__gpt_image_1_5__000131.jpg,,
/content/tmp_merged_datasets/merged_training_dataset/originali/ds1__platsim_ar_pico_banana_9gb-V__originali__root__000813.jpg,0,0.037128437,0,originali,ds1__platsim_ar_pico_banana_9gb-V__originali__root__000813.jpg,,,
/content/tmp_merged_datasets/merged_training_dataset/originali/ds2__exp_3_augmented_v6.2_noK__originali__cattivo__patatine__bruciato__001355.jpg,0,0.0061194394,0,originali,ds2__exp_3_augmented_v6.2_noK__originali__cattivo__patatine__bruciato__001355.jpg,,,
/content/tmp_merged_datasets/merged_training_dataset/originali/ds2__exp_3_augmented_v6.2_noK__originali__buono__pasta__000676.jpg,0,0.016227761,0,originali,ds2__exp_3_augmented_v6.2_noK__originali__buono__pasta__000676.jpg,,,
/content/tmp_merged_datasets/merged_training_dataset/modificate/ds2__exp_3_augmented_v6.2_noK__modificate__carne__bruciato__gpt_image_1_mini__001008.jpg,1,0.99665064,1,modificate,,ds2__exp_3_augmented_v6.2_noK__modificate__carne__bruciato__gpt_image_1_mini__001008.jpg,,
/content/tmp_merged_datasets/merged_training_dataset/modificate/ds1__platsim_ar_pico_banana_9gb-V__modificate__root__001000.jpg,1,0.9724955,1,modificate,,ds1__platsim_ar_pico_banana_9gb-V__modificate__root__001000.jpg,,
/content/tmp_merged_datasets/merged_training_dataset/modificate/ds2__exp_3_augmented_v6.2_noK__modificate__fritti__crudo__gpt_image_1_mini__001476.jpg,1,0.99606884,1,modificate,,ds2__exp_3_augmented_v6.2_noK__modificate__fritti__crudo__gpt_image_1_mini__001476.jpg,,
/content/tmp_merged_datasets/merged_training_dataset/originali/ds1__platsim_ar_pico_banana_9gb-V__originali__root__001200.jpg,0,0.025136033,0,originali,ds1__platsim_ar_pico_banana_9gb-V__originali__root__001200.jpg,,,
/content/tmp_merged_datasets/merged_training_dataset/modificate/ds2__exp_3_augmented_v6.2_noK__modificate__altro__bruciato__gpt_image_1_5__000040.jpg,1,0.99724376,1,modificate,,ds2__exp_3_augmented_v6.2_noK__modificate__altro__bruciato__gpt_image_1_5__000040.jpg,,
/content/tmp_merged_datasets/merged_training_dataset/originali/ds2__exp_3_augmented_v6.2_noK__originali__buono__carne__000322.jpg,0,0.008787569,0,originali,ds2__exp_3_augmented_v6.2_noK__originali__buono__carne__000322.jpg,,,
/content/tmp_merged_datasets/merged_training_dataset/modificate/ds3__platsim_raw_vale_id__modificate__altro__marcio__gpt_image_1_5__000177.jpg,1,0.9660374,1,modificate,,ds3__platsim_raw_vale_id__modificate__altro__marcio__gpt_image_1_5__000177.jpg,,
/content/tmp_merged_datasets/merged_training_dataset/originali/ds2__exp_3_augmented_v6.2_noK__originali__buono__patatine__000737.jpg,0,0.017277338,0,originali,ds2__exp_3_augmented_v6.2_noK__originali__buono__patatine__000737.jpg,,,
/content/tmp_merged_datasets/merged_training_dataset/originali/ds2__exp_3_augmented_v6.2_noK__originali__buono__altro__000064.jpg,0,0.01006126,0,originali,ds2__exp_3_augmented_v6.2_noK__originali__buono__altro__000064.jpg,,,
/content/tmp_merged_datasets/merged_training_dataset/modificate/ds2__exp_3_augmented_v6.2_noK__modificate__altro__marcio__gpt_image_1_mini__000464.jpg,1,0.98962104,1,modificate,,ds2__exp_3_augmented_v6.2_noK__modificate__altro__marcio__gpt_image_1_mini__000464.jpg,,
/content/tmp_merged_datasets/merged_training_dataset/originali/ds2__exp_3_augmented_v6.2_noK__originali__buono__insalata__000581.jpg,0,0.022483474,0,originali,ds2__exp_3_augmented_v6.2_noK__originali__buono__insalata__000581.jpg,,,
/content/tmp_merged_datasets/merged_training_dataset/modificate/ds3__platsim_raw_vale_id__modificate__sushi__marcio__gpt_image_1_mini__000872.jpg,1,0.76654863,1,modificate,,ds3__platsim_raw_vale_id__modificate__sushi__marcio__gpt_image_1_mini__000872.jpg,,
/content/tmp_merged_datasets/merged_training_dataset/originali/ds4__platsim_whatsapp_vale_id__originali__buono__burger_panino__000032.jpg,0,0.16241577,0,originali,ds4__platsim_whatsapp_vale_id__originali__buono__burger_panino__000032.jpg,,,
/content/tmp_merged_datasets/merged_training_dataset/modificate/ds2__exp_3_augmented_v6.2_noK__modificate__burger_panino__crudo__gpt_image_1_mini__000690.jpg,1,0.9944079,1,modificate,,ds2__exp_3_augmented_v6.2_noK__modificate__burger_panino__crudo__gpt_image_1_mini__000690.jpg,,
/content/tmp_merged_datasets/merged_training_dataset/modificate/ds2__exp_3_augmented_v6.2_noK__modificate__carne__crudo__gpt_image_1_mini__001219.jpg,1,0.9972983,1,modificate,,ds2__exp_3_augmented_v6.2_noK__modificate__carne__crudo__gpt_image_1_mini__001219.jpg,,
/content/tmp_merged_datasets/merged_training_dataset/originali/ds1__platsim_ar_pico_banana_9gb-V__originali__root__002085.jpg,0,0.03581712,0,originali,ds1__platsim_ar_pico_banana_9gb-V__originali__root__002085.jpg,,,
/content/tmp_merged_datasets/merged_training_dataset/originali/ds1__platsim_ar_pico_banana_9gb-V__originali__root__001102.jpg,0,0.88095707,1,originali,ds1__platsim_ar_pico_banana_9gb-V__originali__root__001102.jpg,,,
/content/tmp_merged_datasets/merged_training_dataset/modificate/ds2__exp_3_augmented_v6.2_noK__modificate__carne__bruciato__gpt_image_1_5__000895.jpg,1,0.97827953,1,modificate,,ds2__exp_3_augmented_v6.2_noK__modificate__carne__bruciato__gpt_image_1_5__000895.jpg,,
/content/tmp_merged_datasets/merged_training_dataset/modificate/ds3__platsim_raw_vale_id__modificate__riso__paella__bruciato__gpt_image_1_5__000767.jpg,1,0.99265265,1,modificate,,ds3__platsim_raw_vale_id__modificate__riso__paella__bruciato__gpt_image_1_5__000767.jpg,,
/content/tmp_merged_datasets/merged_training_dataset/originali/ds2__exp_3_augmented_v6.2_noK__originali__buono__burger_panino__000192.jpg,0,0.04053678,0,originali,ds2__exp_3_augmented_v6.2_noK__originali__buono__burger_panino__000192.jpg,,,
/content/tmp_merged_datasets/merged_training_dataset/originali/ds1__platsim_ar_pico_banana_9gb-V__originali__root__002311.jpg,0,0.066048145,0,originali,ds1__platsim_ar_pico_banana_9gb-V__originali__root__002311.jpg,,,
/content/tmp_merged_datasets/merged_training_dataset/originali/ds3__platsim_raw_vale_id__originali__buono__dessert__000186.jpg,0,0.031559713,0,originali,ds3__platsim_raw_vale_id__originali__buono__dessert__000186.jpg,,,
/content/tmp_merged_datasets/merged_training_dataset/originali/ds2__exp_3_augmented_v6.2_noK__originali__buono__zuppa__001014.jpg,0,0.011546313,0,originali,ds2__exp_3_augmented_v6.2_noK__originali__buono__zuppa__001014.jpg,,,
/content/tmp_merged_datasets/merged_training_dataset/modificate/ds3__platsim_raw_vale_id__modificate__altro__marcio__gpt_image_1_mini__000227.jpg,1,0.8790898,1,modificate,,ds3__platsim_raw_vale_id__modificate__altro__marcio__gpt_image_1_mini__000227.jpg,,
/content/tmp_merged_datasets/merged_training_dataset/modificate/ds1__platsim_ar_pico_banana_9gb-V__modificate__root__000532.jpg,1,0.9663363,1,modificate,,ds1__platsim_ar_pico_banana_9gb-V__modificate__root__000532.jpg,,
/content/tmp_merged_datasets/merged_training_dataset/modificate/ds1__platsim_ar_pico_banana_9gb-V__modificate__root__000500.jpg,1,0.9551946,1,modificate,,ds1__platsim_ar_pico_banana_9gb-V__modificate__root__000500.jpg,,
/content/tmp_merged_datasets/merged_training_dataset/originali/ds6__whatsapp_vale_id__originali__buono__altro__000013.jpg,0,0.018153947,0,originali,ds6__whatsapp_vale_id__originali__buono__altro__000013.jpg,,,
/content/tmp_merged_datasets/merged_training_dataset/originali/ds1__platsim_ar_pico_banana_9gb-V__originali__root__001822.jpg,0,0.0074639386,0,originali,ds1__platsim_ar_pico_banana_9gb-V__originali__root__001822.jpg,,,
/content/tmp_merged_datasets/merged_training_dataset/originali/ds3__platsim_raw_vale_id__originali__buono__altro__000028.jpg,0,0.016428648,0,originali,ds3__platsim_raw_vale_id__originali__buono__altro__000028.jpg,,,
/content/tmp_merged_datasets/merged_training_dataset/originali/ds1__platsim_ar_pico_banana_9gb-V__originali__root__002337.jpg,0,0.14075828,0,originali,ds1__platsim_ar_pico_banana_9gb-V__originali__root__002337.jpg,,,
/content/tmp_merged_datasets/merged_training_dataset/originali/ds1__platsim_ar_pico_banana_9gb-V__originali__root__000356.jpg,0,0.009416338,0,originali,ds1__platsim_ar_pico_banana_9gb-V__originali__root__000356.jpg,,,
/content/tmp_merged_datasets/merged_training_dataset/originali/ds1__platsim_ar_pico_banana_9gb-V__originali__root__002360.jpg,0,0.9628201,1,originali,ds1__platsim_ar_pico_banana_9gb-V__originali__root__002360.jpg,,,
/content/tmp_merged_datasets/merged_training_dataset/originali/ds2__exp_3_augmented_v6.2_noK__originali__buono__carne__000451.jpg,0,0.013667899,0,originali,ds2__exp_3_augmented_v6.2_noK__originali__buono__carne__000451.jpg,,,
/content/tmp_merged_datasets/merged_training_dataset/originali/ds2__exp_3_augmented_v6.2_noK__originali__buono__altro__000101.jpg,0,0.009912293,0,originali,ds2__exp_3_augmented_v6.2_noK__originali__buono__altro__000101.jpg,,,
/content/tmp_merged_datasets/merged_training_dataset/modificate/ds4__platsim_whatsapp_vale_id__modificate__riso__paella__bruciato__gpt_image_1_5__000350.jpg,1,0.98662126,1,modificate,,ds4__platsim_whatsapp_vale_id__modificate__riso__paella__bruciato__gpt_image_1_5__000350.jpg,,
/content/tmp_merged_datasets/merged_training_dataset/modificate/ds2__exp_3_augmented_v6.2_noK__modificate__riso_paella__crudo__gpt_image_1_mini__002509.jpg,1,0.99339265,1,modificate,,ds2__exp_3_augmented_v6.2_noK__modificate__riso_paella__crudo__gpt_image_1_mini__002509.jpg,,
/content/tmp_merged_datasets/merged_training_dataset/modificate/ds1__platsim_ar_pico_banana_9gb-V__modificate__root__000322.jpg,1,0.86611396,1,modificate,,ds1__platsim_ar_pico_banana_9gb-V__modificate__root__000322.jpg,,
/content/tmp_merged_datasets/merged_training_dataset/modificate/ds2__exp_3_augmented_v6.2_noK__modificate__pizza__crudo__gpt_image_1_mini__002271.jpg,1,0.9796109,1,modificate,,ds2__exp_3_augmented_v6.2_noK__modificate__pizza__crudo__gpt_image_1_mini__002271.jpg,,
/content/tmp_merged_datasets/merged_training_dataset/modificate/ds1__platsim_ar_pico_banana_9gb-V__modificate__root__001310.jpg,1,0.98529184,1,modificate,,ds1__platsim_ar_pico_banana_9gb-V__modificate__root__001310.jpg,,
/content/tmp_merged_datasets/merged_training_dataset/modificate/ds2__exp_3_augmented_v6.2_noK__modificate__burger_panino__crudo__gpt_image_1_mini__000779.jpg,1,0.97462046,1,modificate,,ds2__exp_3_augmented_v6.2_noK__modificate__burger_panino__crudo__gpt_image_1_mini__000779.jpg,,
/content/tmp_merged_datasets/merged_training_dataset/originali/ds1__platsim_ar_pico_banana_9gb-V__originali__root__001299.jpg,0,0.061001685,0,originali,ds1__platsim_ar_pico_banana_9gb-V__originali__root__001299.jpg,,,
/content/tmp_merged_datasets/merged_training_dataset/originali/ds4__platsim_whatsapp_vale_id__originali__buono__riso_paella__000151.jpg,0,0.010301016,0,originali,ds4__platsim_whatsapp_vale_id__originali__buono__riso_paella__000151.jpg,,,
/content/tmp_merged_datasets/merged_training_dataset/modificate/ds2__exp_3_augmented_v6.2_noK__modificate__altro__crudo__gpt_image_1_mini__000301.jpg,1,0.9965934,1,modificate,,ds2__exp_3_augmented_v6.2_noK__modificate__altro__crudo__gpt_image_1_mini__000301.jpg,,
/content/tmp_merged_datasets/merged_training_dataset/modificate/ds1__platsim_ar_pico_banana_9gb-V__modificate__root__002096.jpg,1,0.96768516,1,modificate,,ds1__platsim_ar_pico_banana_9gb-V__modificate__root__002096.jpg,,
/content/tmp_merged_datasets/merged_training_dataset/modificate/ds2__exp_3_augmented_v6.2_noK__modificate__pasta__marcio__gpt_image_1_mini__002035.jpg,1,0.9931681,1,modificate,,ds2__exp_3_augmented_v6.2_noK__modificate__pasta__marcio__gpt_image_1_mini__002035.jpg,,
/content/tmp_merged_datasets/merged_training_dataset/modificate/ds2__exp_3_augmented_v6.2_noK__modificate__altro__crudo__gpt_image_1_mini__000299.jpg,1,0.9965904,1,modificate,,ds2__exp_3_augmented_v6.2_noK__modificate__altro__crudo__gpt_image_1_mini__000299.jpg,,
/content/tmp_merged_datasets/merged_training_dataset/modificate/ds1__platsim_ar_pico_banana_9gb-V__modificate__root__002183.jpg,1,0.9640355,1,modificate,,ds1__platsim_ar_pico_banana_9gb-V__modificate__root__002183.jpg,,
/content/tmp_merged_datasets/merged_training_dataset/originali/ds1__platsim_ar_pico_banana_9gb-V__originali__root__001698.jpg,0,0.68977255,1,originali,ds1__platsim_ar_pico_banana_9gb-V__originali__root__001698.jpg,,,
/content/tmp_merged_datasets/merged_training_dataset/originali/ds1__platsim_ar_pico_banana_9gb-V__originali__root__000663.jpg,0,0.92367667,1,originali,ds1__platsim_ar_pico_banana_9gb-V__originali__root__000663.jpg,,,
/content/tmp_merged_datasets/merged_training_dataset/modificate/ds2__exp_3_augmented_v6.2_noK__modificate__pasta__marcio__gpt_image_1_5__001977.jpg,1,0.9790679,1,modificate,,ds2__exp_3_augmented_v6.2_noK__modificate__pasta__marcio__gpt_image_1_5__001977.jpg,,
/content/tmp_merged_datasets/merged_training_dataset/modificate/ds2__exp_3_augmented_v6.2_noK__modificate__altro__marcio__gpt_image_1_mini__000447.jpg,1,0.9944074,1,modificate,,ds2__exp_3_augmented_v6.2_noK__modificate__altro__marcio__gpt_image_1_mini__000447.jpg,,
/content/tmp_merged_datasets/merged_training_dataset/modificate/ds1__platsim_ar_pico_banana_9gb-V__modificate__root__002324.jpg,1,0.9656124,1,modificate,,ds1__platsim_ar_pico_banana_9gb-V__modificate__root__002324.jpg,,
/content/tmp_merged_datasets/merged_training_dataset/modificate/ds4__platsim_whatsapp_vale_id__modificate__pizza__bruciato__gpt_image_1_mini__000328.jpg,1,0.9960033,1,modificate,,ds4__platsim_whatsapp_vale_id__modificate__pizza__bruciato__gpt_image_1_mini__000328.jpg,,
/content/tmp_merged_datasets/merged_training_dataset/modificate/ds2__exp_3_augmented_v6.2_noK__modificate__altro__bruciato__gpt_image_1_mini__000133.jpg,1,0.9963224,1,modificate,,ds2__exp_3_augmented_v6.2_noK__modificate__altro__bruciato__gpt_image_1_mini__000133.jpg,,
/content/tmp_merged_datasets/merged_training_dataset/originali/ds4__platsim_whatsapp_vale_id__originali__buono__carne__000045.jpg,0,0.014927189,0,originali,ds4__platsim_whatsapp_vale_id__originali__buono__carne__000045.jpg,,,
/content/tmp_merged_datasets/merged_training_dataset/modificate/ds2__exp_3_augmented_v6.2_noK__modificate__pizza__bruciato__gpt_image_1_5__002144.jpg,1,0.99600106,1,modificate,,ds2__exp_3_augmented_v6.2_noK__modificate__pizza__bruciato__gpt_image_1_5__002144.jpg,,
/content/tmp_merged_datasets/merged_training_dataset/originali/ds2__exp_3_augmented_v6.2_noK__originali__cattivo__zuppa__bruciato__001425.jpg,0,0.018281609,0,originali,ds2__exp_3_augmented_v6.2_noK__originali__cattivo__zuppa__bruciato__001425.jpg,,,
/content/tmp_merged_datasets/merged_training_dataset/modificate/ds2__exp_3_augmented_v6.2_noK__modificate__burger_panino__marcio__gpt_image_1_mini__000823.jpg,1,0.99657285,1,modificate,,ds2__exp_3_augmented_v6.2_noK__modificate__burger_panino__marcio__gpt_image_1_mini__000823.jpg,,
/content/tmp_merged_datasets/merged_training_dataset/modificate/ds5__raw_vale_id__modificate__pasta__marcio__gpt_image_1_mini__000648.jpg,1,0.9928986,1,modificate,,ds5__raw_vale_id__modificate__pasta__marcio__gpt_image_1_mini__000648.jpg,,
/content/tmp_merged_datasets/merged_training_dataset/modificate/ds1__platsim_ar_pico_banana_9gb-V__modificate__root__000624.jpg,1,0.92567074,1,modificate,,ds1__platsim_ar_pico_banana_9gb-V__modificate__root__000624.jpg,,
/content/tmp_merged_datasets/merged_training_dataset/originali/ds1__platsim_ar_pico_banana_9gb-V__originali__root__000518.jpg,0,0.0119002,0,originali,ds1__platsim_ar_pico_banana_9gb-V__originali__root__000518.jpg,,,
/content/tmp_merged_datasets/merged_training_dataset/originali/ds4__platsim_whatsapp_vale_id__originali__buono__pizza__000141.jpg,0,0.9172815,1,originali,ds4__platsim_whatsapp_vale_id__originali__buono__pizza__000141.jpg,,,
/content/tmp_merged_datasets/merged_training_dataset/modificate/ds1__platsim_ar_pico_banana_9gb-V__modificate__root__000168.jpg,1,0.94728166,1,modificate,,ds1__platsim_ar_pico_banana_9gb-V__modificate__root__000168.jpg,,
/content/tmp_merged_datasets/merged_training_dataset/modificate/ds1__platsim_ar_pico_banana_9gb-V__modificate__root__001758.jpg,1,0.9614489,1,modificate,,ds1__platsim_ar_pico_banana_9gb-V__modificate__root__001758.jpg,,
/content/tmp_merged_datasets/merged_training_dataset/originali/ds5__raw_vale_id__originali__buono__fritti__000207.jpg,0,0.047329254,0,originali,ds5__raw_vale_id__originali__buono__fritti__000207.jpg,,,
/content/tmp_merged_datasets/merged_training_dataset/originali/ds4__platsim_whatsapp_vale_id__originali__buono__pizza__000137.jpg,0,0.2851609,0,originali,ds4__platsim_whatsapp_vale_id__originali__buono__pizza__000137.jpg,,,
/content/tmp_merged_datasets/merged_training_dataset/originali/ds1__platsim_ar_pico_banana_9gb-V__originali__root__001448.jpg,0,0.90598536,1,originali,ds1__platsim_ar_pico_banana_9gb-V__originali__root__001448.jpg,,,
/content/tmp_merged_datasets/merged_training_dataset/originali/ds1__platsim_ar_pico_banana_9gb-V__originali__root__001650.jpg,0,0.018735474,0,originali,ds1__platsim_ar_pico_banana_9gb-V__originali__root__001650.jpg,,,
/content/tmp_merged_datasets/merged_training_dataset/originali/ds3__platsim_raw_vale_id__originali__buono__burger_panino__000115.jpg,0,0.011356091,0,originali,ds3__platsim_raw_vale_id__originali__buono__burger_panino__000115.jpg,,,
/content/tmp_merged_datasets/merged_training_dataset/modificate/ds3__platsim_raw_vale_id__modificate__sushi__marcio__gpt_image_1_5__000863.jpg,1,0.034201913,0,modificate,,ds3__platsim_raw_vale_id__modificate__sushi__marcio__gpt_image_1_5__000863.jpg,,
/content/tmp_merged_datasets/merged_training_dataset/originali/ds2__exp_3_augmented_v6.2_noK__originali__buono__carne__000443.jpg,0,0.006675795,0,originali,ds2__exp_3_augmented_v6.2_noK__originali__buono__carne__000443.jpg,,,
/content/tmp_merged_datasets/merged_training_dataset/modificate/ds1__platsim_ar_pico_banana_9gb-V__modificate__root__000762.jpg,1,0.80585057,1,modificate,,ds1__platsim_ar_pico_banana_9gb-V__modificate__root__000762.jpg,,
/content/tmp_merged_datasets/merged_training_dataset/originali/ds1__platsim_ar_pico_banana_9gb-V__originali__root__000360.jpg,0,0.84620315,1,originali,ds1__platsim_ar_pico_banana_9gb-V__originali__root__000360.jpg,,,
/content/tmp_merged_datasets/merged_training_dataset/modificate/ds1__platsim_ar_pico_banana_9gb-V__modificate__root__001206.jpg,1,0.9577791,1,modificate,,ds1__platsim_ar_pico_banana_9gb-V__modificate__root__001206.jpg,,
/content/tmp_merged_datasets/merged_training_dataset/modificate/ds2__exp_3_augmented_v6.2_noK__modificate__altro__bruciato__gpt_image_1_5__000055.jpg,1,0.9962135,1,modificate,,ds2__exp_3_augmented_v6.2_noK__modificate__altro__bruciato__gpt_image_1_5__000055.jpg,,
/content/tmp_merged_datasets/merged_training_dataset/modificate/ds1__platsim_ar_pico_banana_9gb-V__modificate__root__001289.jpg,1,0.96958345,1,modificate,,ds1__platsim_ar_pico_banana_9gb-V__modificate__root__001289.jpg,,
/content/tmp_merged_datasets/merged_training_dataset/modificate/ds1__platsim_ar_pico_banana_9gb-V__modificate__root__000744.jpg,1,0.95546925,1,modificate,,ds1__platsim_ar_pico_banana_9gb-V__modificate__root__000744.jpg,,
/content/tmp_merged_datasets/merged_training_dataset/modificate/ds4__platsim_whatsapp_vale_id__modificate__carne__bruciato__gpt_image_1_5__000093.jpg,1,0.9954267,1,modificate,,ds4__platsim_whatsapp_vale_id__modificate__carne__bruciato__gpt_image_1_5__000093.jpg,,
/content/tmp_merged_datasets/merged_training_dataset/originali/ds4__platsim_whatsapp_vale_id__originali__buono__carne__000056.jpg,0,0.0073750187,0,originali,ds4__platsim_whatsapp_vale_id__originali__buono__carne__000056.jpg,,,
/content/tmp_merged_datasets/merged_training_dataset/modificate/ds1__platsim_ar_pico_banana_9gb-V__modificate__root__001395.jpg,1,0.020962259,0,modificate,,ds1__platsim_ar_pico_banana_9gb-V__modificate__root__001395.jpg,,
/content/tmp_merged_datasets/merged_training_dataset/originali/ds2__exp_3_augmented_v6.2_noK__originali__buono__burger_panino__000242.jpg,0,0.005734119,0,originali,ds2__exp_3_augmented_v6.2_noK__originali__buono__burger_panino__000242.jpg,,,
/content/tmp_merged_datasets/merged_training_dataset/modificate/ds1__platsim_ar_pico_banana_9gb-V__modificate__root__001575.jpg,1,0.009749777,0,modificate,,ds1__platsim_ar_pico_banana_9gb-V__modificate__root__001575.jpg,,
/content/tmp_merged_datasets/merged_training_dataset/modificate/ds5__raw_vale_id__modificate__pasta__crudo__gpt_image_1_mini__000582.jpg,1,0.9927168,1,modificate,,ds5__raw_vale_id__modificate__pasta__crudo__gpt_image_1_mini__000582.jpg,,
/content/tmp_merged_datasets/merged_training_dataset/originali/ds5__raw_vale_id__originali__buono__pizza__000309.jpg,0,0.010350256,0,originali,ds5__raw_vale_id__originali__buono__pizza__000309.jpg,,,
/content/tmp_merged_datasets/merged_training_dataset/modificate/ds2__exp_3_augmented_v6.2_noK__modificate__riso_paella__crudo__gpt_image_1_mini__002529.jpg,1,0.99244237,1,modificate,,ds2__exp_3_augmented_v6.2_noK__modificate__riso_paella__crudo__gpt_image_1_mini__002529.jpg,,
/content/tmp_merged_datasets/merged_training_dataset/originali/ds2__exp_3_augmented_v6.2_noK__originali__buono__altro__000014.jpg,0,0.009386697,0,originali,ds2__exp_3_augmented_v6.2_noK__originali__buono__altro__000014.jpg,,,
/content/tmp_merged_datasets/merged_training_dataset/originali/ds2__exp_3_augmented_v6.2_noK__originali__buono__sushi__000927.jpg,0,0.008478494,0,originali,ds2__exp_3_augmented_v6.2_noK__originali__buono__sushi__000927.jpg,,,
/content/tmp_merged_datasets/merged_training_dataset/modificate/ds5__raw_vale_id__modificate__pizza__bruciato__gpt_image_1_mini__000699.jpg,1,0.997488,1,modificate,,ds5__raw_vale_id__modificate__pizza__bruciato__gpt_image_1_mini__000699.jpg,,
/content/tmp_merged_datasets/merged_training_dataset/modificate/ds1__platsim_ar_pico_banana_9gb-V__modificate__root__001624.jpg,1,0.9614127,1,modificate,,ds1__platsim_ar_pico_banana_9gb-V__modificate__root__001624.jpg,,
/content/tmp_merged_datasets/merged_training_dataset/originali/ds1__platsim_ar_pico_banana_9gb-V__originali__root__000942.jpg,0,0.03486473,0,originali,ds1__platsim_ar_pico_banana_9gb-V__originali__root__000942.jpg,,,
/content/tmp_merged_datasets/merged_training_dataset/modificate/ds5__raw_vale_id__modificate__altro__bruciato__gpt_image_1_5__000034.jpg,1,0.50558424,0,modificate,,ds5__raw_vale_id__modificate__altro__bruciato__gpt_image_1_5__000034.jpg,,
/content/tmp_merged_datasets/merged_training_dataset/originali/ds1__platsim_ar_pico_banana_9gb-V__originali__root__002315.jpg,0,0.91411114,1,originali,ds1__platsim_ar_pico_banana_9gb-V__originali__root__002315.jpg,,,
/content/tmp_merged_datasets/merged_training_dataset/modificate/ds4__platsim_whatsapp_vale_id__modificate__sushi__marcio__gpt_image_1_5__000412.jpg,1,0.9788477,1,modificate,,ds4__platsim_whatsapp_vale_id__modificate__sushi__marcio__gpt_image_1_5__000412.jpg,,
/content/tmp_merged_datasets/merged_training_dataset/modificate/ds5__raw_vale_id__modificate__dessert__bruciato__gpt_image_1_5__000391.jpg,1,0.9931114,1,modificate,,ds5__raw_vale_id__modificate__dessert__bruciato__gpt_image_1_5__000391.jpg,,
/content/tmp_merged_datasets/merged_training_dataset/originali/ds1__platsim_ar_pico_banana_9gb-V__originali__root__000941.jpg,0,0.9196108,1,originali,ds1__platsim_ar_pico_banana_9gb-V__originali__root__000941.jpg,,,
/content/tmp_merged_datasets/merged_training_dataset/modificate/ds2__exp_3_augmented_v6.2_noK__modificate__burger_panino__bruciato__gpt_image_1_5__000490.jpg,1,0.99716276,1,modificate,,ds2__exp_3_augmented_v6.2_noK__modificate__burger_panino__bruciato__gpt_image_1_5__000490.jpg,,
/content/tmp_merged_datasets/merged_training_dataset/originali/ds1__platsim_ar_pico_banana_9gb-V__originali__root__000625.jpg,0,0.9063716,1,originali,ds1__platsim_ar_pico_banana_9gb-V__originali__root__000625.jpg,,,
/content/tmp_merged_datasets/merged_training_dataset/modificate/ds2__exp_3_augmented_v6.2_noK__modificate__pizza__ammuffito__gpt_image_1_mini__002122.jpg,1,0.98976046,1,modificate,,ds2__exp_3_augmented_v6.2_noK__modificate__pizza__ammuffito__gpt_image_1_mini__002122.jpg,,
/content/tmp_merged_datasets/merged_training_dataset/modificate/ds1__platsim_ar_pico_banana_9gb-V__modificate__root__000471.jpg,1,0.9804049,1,modificate,,ds1__platsim_ar_pico_banana_9gb-V__modificate__root__000471.jpg,,
/content/tmp_merged_datasets/merged_training_dataset/modificate/ds1__platsim_ar_pico_banana_9gb-V__modificate__root__002460.jpg,1,0.9604614,1,modificate,,ds1__platsim_ar_pico_banana_9gb-V__modificate__root__002460.jpg,,
/content/tmp_merged_datasets/merged_training_dataset/modificate/ds2__exp_3_augmented_v6.2_noK__modificate__carne__marcio__gpt_image_1_mini__001303.jpg,1,0.9967834,1,modificate,,ds2__exp_3_augmented_v6.2_noK__modificate__carne__marcio__gpt_image_1_mini__001303.jpg,,
/content/tmp_merged_datasets/merged_training_dataset/modificate/ds3__platsim_raw_vale_id__modificate__altro__marcio__gpt_image_1_5__000200.jpg,1,0.98831975,1,modificate,,ds3__platsim_raw_vale_id__modificate__altro__marcio__gpt_image_1_5__000200.jpg,,
/content/tmp_merged_datasets/merged_training_dataset/modificate/ds2__exp_3_augmented_v6.2_noK__modificate__pasta__marcio__gpt_image_1_5__001917.jpg,1,0.9924017,1,modificate,,ds2__exp_3_augmented_v6.2_noK__modificate__pasta__marcio__gpt_image_1_5__001917.jpg,,
/content/tmp_merged_datasets/merged_training_dataset/originali/ds2__exp_3_augmented_v6.2_noK__originali__cattivo__frutta_verdura__altro__001180.jpg,0,0.009698208,0,originali,ds2__exp_3_augmented_v6.2_noK__originali__cattivo__frutta_verdura__altro__001180.jpg,,,
/content/tmp_merged_datasets/merged_training_dataset/modificate/ds2__exp_3_augmented_v6.2_noK__modificate__frutta_verdura__marcio__gpt_image_1_mini__001694.jpg,1,0.9966338,1,modificate,,ds2__exp_3_augmented_v6.2_noK__modificate__frutta_verdura__marcio__gpt_image_1_mini__001694.jpg,,
/content/tmp_merged_datasets/merged_training_dataset/modificate/ds2__exp_3_augmented_v6.2_noK__modificate__sushi__marcio__gpt_image_1_mini__002647.jpg,1,0.9911919,1,modificate,,ds2__exp_3_augmented_v6.2_noK__modificate__sushi__marcio__gpt_image_1_mini__002647.jpg,,
/content/tmp_merged_datasets/merged_training_dataset/modificate/ds5__raw_vale_id__modificate__altro__bruciato__gpt_image_1_mini__000046.jpg,1,0.9903887,1,modificate,,ds5__raw_vale_id__modificate__altro__bruciato__gpt_image_1_mini__000046.jpg,,
/content/tmp_merged_datasets/merged_training_dataset/originali/ds2__exp_3_augmented_v6.2_noK__originali__buono__carne__000416.jpg,0,0.011622439,0,originali,ds2__exp_3_augmented_v6.2_noK__originali__buono__carne__000416.jpg,,,
/content/tmp_merged_datasets/merged_training_dataset/modificate/ds5__raw_vale_id__modificate__sushi__marcio__gpt_image_1_mini__000869.jpg,1,0.9919891,1,modificate,,ds5__raw_vale_id__modificate__sushi__marcio__gpt_image_1_mini__000869.jpg,,
/content/tmp_merged_datasets/merged_training_dataset/modificate/ds2__exp_3_augmented_v6.2_noK__modificate__fritti__crudo__gpt_image_1_mini__001467.jpg,1,0.9946333,1,modificate,,ds2__exp_3_augmented_v6.2_noK__modificate__fritti__crudo__gpt_image_1_mini__001467.jpg,,
/content/tmp_merged_datasets/merged_training_dataset/originali/ds2__exp_3_augmented_v6.2_noK__originali__buono__pasta__000629.jpg,0,0.017214166,0,originali,ds2__exp_3_augmented_v6.2_noK__originali__buono__pasta__000629.jpg,,,
/content/tmp_merged_datasets/merged_training_dataset/originali/ds1__platsim_ar_pico_banana_9gb-V__originali__root__002199.jpg,0,0.8860029,1,originali,ds1__platsim_ar_pico_banana_9gb-V__originali__root__002199.jpg,,,
/content/tmp_merged_datasets/merged_training_dataset/originali/ds1__platsim_ar_pico_banana_9gb-V__originali__root__002145.jpg,0,0.5919389,1,originali,ds1__platsim_ar_pico_banana_9gb-V__originali__root__002145.jpg,,,
/content/tmp_merged_datasets/merged_training_dataset/originali/ds1__platsim_ar_pico_banana_9gb-V__originali__root__001419.jpg,0,0.9825624,1,originali,ds1__platsim_ar_pico_banana_9gb-V__originali__root__001419.jpg,,,
/content/tmp_merged_datasets/merged_training_dataset/modificate/ds6__whatsapp_vale_id__modificate__pizza__bruciato__gpt_image_1_5__000318.jpeg,1,0.9852246,1,modificate,,ds6__whatsapp_vale_id__modificate__pizza__bruciato__gpt_image_1_5__000318.jpeg,,
/content/tmp_merged_datasets/merged_training_dataset/modificate/ds2__exp_3_augmented_v6.2_noK__modificate__burger_panino__crudo__gpt_image_1_mini__000708.jpg,1,0.99684876,1,modificate,,ds2__exp_3_augmented_v6.2_noK__modificate__burger_panino__crudo__gpt_image_1_mini__000708.jpg,,
/content/tmp_merged_datasets/merged_training_dataset/originali/ds5__raw_vale_id__originali__buono__sushi__000371.jpg,0,0.018178599,0,originali,ds5__raw_vale_id__originali__buono__sushi__000371.jpg,,,
/content/tmp_merged_datasets/merged_training_dataset/modificate/ds2__exp_3_augmented_v6.2_noK__modificate__burger_panino__bruciato__gpt_image_1_mini__000549.jpg,1,0.99603194,1,modificate,,ds2__exp_3_augmented_v6.2_noK__modificate__burger_panino__bruciato__gpt_image_1_mini__000549.jpg,,
/content/tmp_merged_datasets/merged_training_dataset/originali/ds2__exp_3_augmented_v6.2_noK__originali__cattivo__patatine__bruciato__001360.jpg,0,0.0049509783,0,originali,ds2__exp_3_augmented_v6.2_noK__originali__cattivo__patatine__bruciato__001360.jpg,,,
/content/tmp_merged_datasets/merged_training_dataset/modificate/ds5__raw_vale_id__modificate__altro__insetti__gpt_image_1_5__000099.jpg,1,0.9438772,1,modificate,,ds5__raw_vale_id__modificate__altro__insetti__gpt_image_1_5__000099.jpg,,
/content/tmp_merged_datasets/merged_training_dataset/modificate/ds2__exp_3_augmented_v6.2_noK__modificate__dessert__bruciato__gpt_image_1_mini__001338.jpg,1,0.99515486,1,modificate,,ds2__exp_3_augmented_v6.2_noK__modificate__dessert__bruciato__gpt_image_1_mini__001338.jpg,,
/content/tmp_merged_datasets/merged_training_dataset/modificate/ds2__exp_3_augmented_v6.2_noK__modificate__riso_paella__crudo__gpt_image_1_5__002458.jpg,1,0.95301664,1,modificate,,ds2__exp_3_augmented_v6.2_noK__modificate__riso_paella__crudo__gpt_image_1_5__002458.jpg,,
/content/tmp_merged_datasets/merged_training_dataset/modificate/ds2__exp_3_augmented_v6.2_noK__modificate__altro__bruciato__gpt_image_1_mini__000080.jpg,1,0.99610424,1,modificate,,ds2__exp_3_augmented_v6.2_noK__modificate__altro__bruciato__gpt_image_1_mini__000080.jpg,,
/content/tmp_merged_datasets/merged_training_dataset/modificate/ds1__platsim_ar_pico_banana_9gb-V__modificate__root__002340.jpg,1,0.11656178,0,modificate,,ds1__platsim_ar_pico_banana_9gb-V__modificate__root__002340.jpg,,
/content/tmp_merged_datasets/merged_training_dataset/modificate/ds5__raw_vale_id__modificate__dessert__insetti__gpt_image_1_5__000412.jpg,1,0.98718333,1,modificate,,ds5__raw_vale_id__modificate__dessert__insetti__gpt_image_1_5__000412.jpg,,
/content/tmp_merged_datasets/merged_training_dataset/originali/ds2__exp_3_augmented_v6.2_noK__originali__buono__riso_paella__000854.jpg,0,0.01876261,0,originali,ds2__exp_3_augmented_v6.2_noK__originali__buono__riso_paella__000854.jpg,,,
/content/tmp_merged_datasets/merged_training_dataset/originali/ds1__platsim_ar_pico_banana_9gb-V__originali__root__000997.jpg,0,0.03031343,0,originali,ds1__platsim_ar_pico_banana_9gb-V__originali__root__000997.jpg,,,
/content/tmp_merged_datasets/merged_training_dataset/modificate/ds3__platsim_raw_vale_id__modificate__riso__paella__crudo__gpt_image_1_5__000794.jpg,1,0.06010915,0,modificate,,ds3__platsim_raw_vale_id__modificate__riso__paella__crudo__gpt_image_1_5__000794.jpg,,
/content/tmp_merged_datasets/merged_training_dataset/originali/ds3__platsim_raw_vale_id__originali__buono__zuppa__000380.jpg,0,0.04075175,0,originali,ds3__platsim_raw_vale_id__originali__buono__zuppa__000380.jpg,,,
/content/tmp_merged_datasets/merged_training_dataset/modificate/ds2__exp_3_augmented_v6.2_noK__modificate__riso_paella__marcio__gpt_image_1_mini__002557.jpg,1,0.9878468,1,modificate,,ds2__exp_3_augmented_v6.2_noK__modificate__riso_paella__marcio__gpt_image_1_mini__002557.jpg,,
/content/tmp_merged_datasets/merged_training_dataset/originali/ds1__platsim_ar_pico_banana_9gb-V__originali__root__000954.jpg,0,0.95856345,1,originali,ds1__platsim_ar_pico_banana_9gb-V__originali__root__000954.jpg,,,
/content/tmp_merged_datasets/merged_training_dataset/originali/ds5__raw_vale_id__originali__buono__pasta__000238.jpg,0,0.015926939,0,originali,ds5__raw_vale_id__originali__buono__pasta__000238.jpg,,,
/content/tmp_merged_datasets/merged_training_dataset/modificate/ds1__platsim_ar_pico_banana_9gb-V__modificate__root__002239.jpg,1,0.80328864,1,modificate,,ds1__platsim_ar_pico_banana_9gb-V__modificate__root__002239.jpg,,
/content/tmp_merged_datasets/merged_training_dataset/originali/ds3__platsim_raw_vale_id__originali__buono__carne__000168.jpg,0,0.011992059,0,originali,ds3__platsim_raw_vale_id__originali__buono__carne__000168.jpg,,,
/content/tmp_merged_datasets/merged_training_dataset/originali/ds2__exp_3_augmented_v6.2_noK__originali__buono__pasta__000688.jpg,0,0.0099478485,0,originali,ds2__exp_3_augmented_v6.2_noK__originali__buono__pasta__000688.jpg,,,
/content/tmp_merged_datasets/merged_training_dataset/modificate/ds1__platsim_ar_pico_banana_9gb-V__modificate__root__000725.jpg,1,0.94143295,1,modificate,,ds1__platsim_ar_pico_banana_9gb-V__modificate__root__000725.jpg,,
/content/tmp_merged_datasets/merged_training_dataset/modificate/ds1__platsim_ar_pico_banana_9gb-V__modificate__root__001708.jpg,1,0.98444945,1,modificate,,ds1__platsim_ar_pico_banana_9gb-V__modificate__root__001708.jpg,,
/content/tmp_merged_datasets/merged_training_dataset/originali/ds2__exp_3_augmented_v6.2_noK__originali__buono__pasta__000630.jpg,0,0.016521482,0,originali,ds2__exp_3_augmented_v6.2_noK__originali__buono__pasta__000630.jpg,,,
/content/tmp_merged_datasets/merged_training_dataset/originali/ds5__raw_vale_id__originali__buono__carne__000163.jpg,0,0.052266788,0,originali,ds5__raw_vale_id__originali__buono__carne__000163.jpg,,,
/content/tmp_merged_datasets/merged_training_dataset/modificate/ds1__platsim_ar_pico_banana_9gb-V__modificate__root__002294.jpg,1,0.8989602,1,modificate,,ds1__platsim_ar_pico_banana_9gb-V__modificate__root__002294.jpg,,
/content/tmp_merged_datasets/merged_training_dataset/modificate/ds1__platsim_ar_pico_banana_9gb-V__modificate__root__000427.jpg,1,0.92219526,1,modificate,,ds1__platsim_ar_pico_banana_9gb-V__modificate__root__000427.jpg,,
/content/tmp_merged_datasets/merged_training_dataset/originali/ds2__exp_3_augmented_v6.2_noK__originali__buono__dessert__000468.jpg,0,0.00585249,0,originali,ds2__exp_3_augmented_v6.2_noK__originali__buono__dessert__000468.jpg,,,
/content/tmp_merged_datasets/merged_training_dataset/originali/ds1__platsim_ar_pico_banana_9gb-V__originali__root__001343.jpg,0,0.9471376,1,originali,ds1__platsim_ar_pico_banana_9gb-V__originali__root__001343.jpg,,,
/content/tmp_merged_datasets/merged_training_dataset/modificate/ds3__platsim_raw_vale_id__modificate__dessert__marcio__gpt_image_1_mini__000439.jpg,1,0.031277057,0,modificate,,ds3__platsim_raw_vale_id__modificate__dessert__marcio__gpt_image_1_mini__000439.jpg,,
/content/tmp_merged_datasets/merged_training_dataset/originali/ds1__platsim_ar_pico_banana_9gb-V__originali__root__000643.jpg,0,0.9807349,1,originali,ds1__platsim_ar_pico_banana_9gb-V__originali__root__000643.jpg,,,
/content/tmp_merged_datasets/merged_training_dataset/modificate/ds1__platsim_ar_pico_banana_9gb-V__modificate__root__001464.jpg,1,0.020041607,0,modificate,,ds1__platsim_ar_pico_banana_9gb-V__modificate__root__001464.jpg,,
/content/tmp_merged_datasets/merged_training_dataset/originali/ds1__platsim_ar_pico_banana_9gb-V__originali__root__000482.jpg,0,0.016244119,0,originali,ds1__platsim_ar_pico_banana_9gb-V__originali__root__000482.jpg,,,
/content/tmp_merged_datasets/merged_training_dataset/modificate/ds2__exp_3_augmented_v6.2_noK__modificate__frutta_verdura__marcio__gpt_image_1_5__001642.jpg,1,0.97200984,1,modificate,,ds2__exp_3_augmented_v6.2_noK__modificate__frutta_verdura__marcio__gpt_image_1_5__001642.jpg,,
/content/tmp_merged_datasets/merged_training_dataset/modificate/ds1__platsim_ar_pico_banana_9gb-V__modificate__root__001325.jpg,1,0.9339114,1,modificate,,ds1__platsim_ar_pico_banana_9gb-V__modificate__root__001325.jpg,,
/content/tmp_merged_datasets/merged_training_dataset/modificate/ds5__raw_vale_id__modificate__kebab__crudo__gpt_image_1_mini__000487.png,1,0.9810228,1,modificate,,ds5__raw_vale_id__modificate__kebab__crudo__gpt_image_1_mini__000487.png,,
/content/tmp_merged_datasets/merged_training_dataset/originali/ds2__exp_3_augmented_v6.2_noK__originali__buono__frutta_verdura__000549.jpg,0,0.09468514,0,originali,ds2__exp_3_augmented_v6.2_noK__originali__buono__frutta_verdura__000549.jpg,,,
/content/tmp_merged_datasets/merged_training_dataset/modificate/ds1__platsim_ar_pico_banana_9gb-V__modificate__root__000984.jpg,1,0.935642,1,modificate,,ds1__platsim_ar_pico_banana_9gb-V__modificate__root__000984.jpg,,
/content/tmp_merged_datasets/merged_training_dataset/originali/ds3__platsim_raw_vale_id__originali__buono__carne__000146.jpg,0,0.2849144,0,originali,ds3__platsim_raw_vale_id__originali__buono__carne__000146.jpg,,,
/content/tmp_merged_datasets/merged_training_dataset/originali/ds3__platsim_raw_vale_id__originali__buono__carne__000164.jpg,0,0.023849206,0,originali,ds3__platsim_raw_vale_id__originali__buono__carne__000164.jpg,,,
/content/tmp_merged_datasets/merged_training_dataset/originali/ds2__exp_3_augmented_v6.2_noK__originali__cattivo__frutta_verdura__marcio__001328.jpg,0,0.010820016,0,originali,ds2__exp_3_augmented_v6.2_noK__originali__cattivo__frutta_verdura__marcio__001328.jpg,,,
/content/tmp_merged_datasets/merged_training_dataset/modificate/ds6__whatsapp_vale_id__modificate__altro__bruciato__gpt_image_1_5__000001.jpg,1,0.9959021,1,modificate,,ds6__whatsapp_vale_id__modificate__altro__bruciato__gpt_image_1_5__000001.jpg,,
/content/tmp_merged_datasets/merged_training_dataset/modificate/ds2__exp_3_augmented_v6.2_noK__modificate__pasta__marcio__gpt_image_1_mini__002003.jpg,1,0.94908655,1,modificate,,ds2__exp_3_augmented_v6.2_noK__modificate__pasta__marcio__gpt_image_1_mini__002003.jpg,,
/content/tmp_merged_datasets/merged_training_dataset/modificate/ds1__platsim_ar_pico_banana_9gb-V__modificate__root__000602.jpg,1,0.9721459,1,modificate,,ds1__platsim_ar_pico_banana_9gb-V__modificate__root__000602.jpg,,
/content/tmp_merged_datasets/merged_training_dataset/modificate/ds2__exp_3_augmented_v6.2_noK__modificate__carne__bruciato__gpt_image_1_mini__000978.jpg,1,0.9924717,1,modificate,,ds2__exp_3_augmented_v6.2_noK__modificate__carne__bruciato__gpt_image_1_mini__000978.jpg,,
/content/tmp_merged_datasets/merged_training_dataset/modificate/ds1__platsim_ar_pico_banana_9gb-V__modificate__root__000293.jpg,1,0.01619908,0,modificate,,ds1__platsim_ar_pico_banana_9gb-V__modificate__root__000293.jpg,,
/content/tmp_merged_datasets/merged_training_dataset/modificate/ds4__platsim_whatsapp_vale_id__modificate__carne__marcio__gpt_image_1_5__000139.jpg,1,0.99529254,1,modificate,,ds4__platsim_whatsapp_vale_id__modificate__carne__marcio__gpt_image_1_5__000139.jpg,,
/content/tmp_merged_datasets/merged_training_dataset/modificate/ds5__raw_vale_id__modificate__pasta__marcio__gpt_image_1_5__000614.jpg,1,0.97608894,1,modificate,,ds5__raw_vale_id__modificate__pasta__marcio__gpt_image_1_5__000614.jpg,,
/content/tmp_merged_datasets/merged_training_dataset/modificate/ds2__exp_3_augmented_v6.2_noK__modificate__altro__bruciato__gpt_image_1_mini__000086.jpg,1,0.9964522,1,modificate,,ds2__exp_3_augmented_v6.2_noK__modificate__altro__bruciato__gpt_image_1_mini__000086.jpg,,
/content/tmp_merged_datasets/merged_training_dataset/originali/ds5__raw_vale_id__originali__buono__pasta__000256.png,0,0.03223324,0,originali,ds5__raw_vale_id__originali__buono__pasta__000256.png,,,
/content/tmp_merged_datasets/merged_training_dataset/originali/ds1__platsim_ar_pico_banana_9gb-V__originali__root__001514.jpg,0,0.29195127,0,originali,ds1__platsim_ar_pico_banana_9gb-V__originali__root__001514.jpg,,,
/content/tmp_merged_datasets/merged_training_dataset/modificate/ds2__exp_3_augmented_v6.2_noK__modificate__altro__bruciato__gpt_image_1_mini__000111.jpg,1,0.9981177,1,modificate,,ds2__exp_3_augmented_v6.2_noK__modificate__altro__bruciato__gpt_image_1_mini__000111.jpg,,
/content/tmp_merged_datasets/merged_training_dataset/modificate/ds2__exp_3_augmented_v6.2_noK__modificate__pasta__bruciato__gpt_image_1_5__001747.jpg,1,0.9812152,1,modificate,,ds2__exp_3_augmented_v6.2_noK__modificate__pasta__bruciato__gpt_image_1_5__001747.jpg,,
/content/tmp_merged_datasets/merged_training_dataset/originali/ds1__platsim_ar_pico_banana_9gb-V__originali__root__000624.jpg,0,0.9557445,1,originali,ds1__platsim_ar_pico_banana_9gb-V__originali__root__000624.jpg,,,
/content/tmp_merged_datasets/merged_training_dataset/originali/ds1__platsim_ar_pico_banana_9gb-V__originali__root__001946.jpg,0,0.21741362,0,originali,ds1__platsim_ar_pico_banana_9gb-V__originali__root__001946.jpg,,,
/content/tmp_merged_datasets/merged_training_dataset/modificate/ds1__platsim_ar_pico_banana_9gb-V__modificate__root__001492.jpg,1,0.043911856,0,modificate,,ds1__platsim_ar_pico_banana_9gb-V__modificate__root__001492.jpg,,
/content/tmp_merged_datasets/merged_training_dataset/modificate/ds5__raw_vale_id__modificate__pasta__marcio__gpt_image_1_5__000588.jpg,1,0.99698013,1,modificate,,ds5__raw_vale_id__modificate__pasta__marcio__gpt_image_1_5__000588.jpg,,
/content/tmp_merged_datasets/merged_training_dataset/modificate/ds2__exp_3_augmented_v6.2_noK__modificate__burger_panino__crudo__gpt_image_1_mini__000727.jpg,1,0.98181087,1,modificate,,ds2__exp_3_augmented_v6.2_noK__modificate__burger_panino__crudo__gpt_image_1_mini__000727.jpg,,
/content/tmp_merged_datasets/merged_training_dataset/originali/ds1__platsim_ar_pico_banana_9gb-V__originali__root__000122.jpg,0,0.011567644,0,originali,ds1__platsim_ar_pico_banana_9gb-V__originali__root__000122.jpg,,,
/content/tmp_merged_datasets/merged_training_dataset/originali/ds1__platsim_ar_pico_banana_9gb-V__originali__root__000375.jpg,0,0.011098171,0,originali,ds1__platsim_ar_pico_banana_9gb-V__originali__root__000375.jpg,,,
/content/tmp_merged_datasets/merged_training_dataset/modificate/ds3__platsim_raw_vale_id__modificate__poke__insetti__gpt_image_1_mini__000736.jpg,1,0.9780728,1,modificate,,ds3__platsim_raw_vale_id__modificate__poke__insetti__gpt_image_1_mini__000736.jpg,,
/content/tmp_merged_datasets/merged_training_dataset/modificate/ds2__exp_3_augmented_v6.2_noK__modificate__altro__crudo__gpt_image_1_mini__000302.jpg,1,0.99642783,1,modificate,,ds2__exp_3_augmented_v6.2_noK__modificate__altro__crudo__gpt_image_1_mini__000302.jpg,,
/content/tmp_merged_datasets/merged_training_dataset/originali/ds4__platsim_whatsapp_vale_id__originali__buono__pasta__000103.jpg,0,0.04161347,0,originali,ds4__platsim_whatsapp_vale_id__originali__buono__pasta__000103.jpg,,,
/content/tmp_merged_datasets/merged_training_dataset/originali/ds2__exp_3_augmented_v6.2_noK__originali__buono__frutta_verdura__000545.jpg,0,0.08637172,0,originali,ds2__exp_3_augmented_v6.2_noK__originali__buono__frutta_verdura__000545.jpg,,,
/content/tmp_merged_datasets/merged_training_dataset/modificate/ds2__exp_3_augmented_v6.2_noK__modificate__dessert__bruciato__gpt_image_1_mini__001344.jpg,1,0.9944395,1,modificate,,ds2__exp_3_augmented_v6.2_noK__modificate__dessert__bruciato__gpt_image_1_mini__001344.jpg,,
/content/tmp_merged_datasets/merged_training_dataset/modificate/ds2__exp_3_augmented_v6.2_noK__modificate__altro__crudo__gpt_image_1_5__000201.jpg,1,0.99415684,1,modificate,,ds2__exp_3_augmented_v6.2_noK__modificate__altro__crudo__gpt_image_1_5__000201.jpg,,
/content/tmp_merged_datasets/merged_training_dataset/originali/ds3__platsim_raw_vale_id__originali__buono__frutta_verdura__000211.jpg,0,0.024230793,0,originali,ds3__platsim_raw_vale_id__originali__buono__frutta_verdura__000211.jpg,,,
/content/tmp_merged_datasets/merged_training_dataset/modificate/ds1__platsim_ar_pico_banana_9gb-V__modificate__root__001120.jpg,1,0.73839974,1,modificate,,ds1__platsim_ar_pico_banana_9gb-V__modificate__root__001120.jpg,,
/content/tmp_merged_datasets/merged_training_dataset/modificate/ds1__platsim_ar_pico_banana_9gb-V__modificate__root__001278.jpg,1,0.021684688,0,modificate,,ds1__platsim_ar_pico_banana_9gb-V__modificate__root__001278.jpg,,
/content/tmp_merged_datasets/merged_training_dataset/modificate/ds5__raw_vale_id__modificate__zuppa__marcio__gpt_image_1_5__000887.jpg,1,0.9935121,1,modificate,,ds5__raw_vale_id__modificate__zuppa__marcio__gpt_image_1_5__000887.jpg,,
/content/tmp_merged_datasets/merged_training_dataset/modificate/ds1__platsim_ar_pico_banana_9gb-V__modificate__root__000985.jpg,1,0.69494784,1,modificate,,ds1__platsim_ar_pico_banana_9gb-V__modificate__root__000985.jpg,,
/content/tmp_merged_datasets/merged_training_dataset/modificate/ds3__platsim_raw_vale_id__modificate__burger__panino__marcio__gpt_image_1_5__000284.jpg,1,0.9931323,1,modificate,,ds3__platsim_raw_vale_id__modificate__burger__panino__marcio__gpt_image_1_5__000284.jpg,,
/content/tmp_merged_datasets/merged_training_dataset/originali/ds2__exp_3_augmented_v6.2_noK__originali__buono__riso_paella__000843.jpg,0,0.0075391345,0,originali,ds2__exp_3_augmented_v6.2_noK__originali__buono__riso_paella__000843.jpg,,,
/content/tmp_merged_datasets/merged_training_dataset/originali/ds2__exp_3_augmented_v6.2_noK__originali__buono__zuppa__001000.jpg,0,0.019341998,0,originali,ds2__exp_3_augmented_v6.2_noK__originali__buono__zuppa__001000.jpg,,,
/content/tmp_merged_datasets/merged_training_dataset/originali/ds3__platsim_raw_vale_id__originali__buono__carne__000160.jpg,0,0.016109386,0,originali,ds3__platsim_raw_vale_id__originali__buono__carne__000160.jpg,,,
/content/tmp_merged_datasets/merged_training_dataset/modificate/ds1__platsim_ar_pico_banana_9gb-V__modificate__root__000239.jpg,1,0.9765968,1,modificate,,ds1__platsim_ar_pico_banana_9gb-V__modificate__root__000239.jpg,,
/content/tmp_merged_datasets/merged_training_dataset/modificate/ds2__exp_3_augmented_v6.2_noK__modificate__sushi__insetti__gpt_image_1_mini__002598.jpg,1,0.9535867,1,modificate,,ds2__exp_3_augmented_v6.2_noK__modificate__sushi__insetti__gpt_image_1_mini__002598.jpg,,
/content/tmp_merged_datasets/merged_training_dataset/modificate/ds5__raw_vale_id__modificate__riso__paella__bruciato__gpt_image_1_5__000771.jpg,1,0.99587715,1,modificate,,ds5__raw_vale_id__modificate__riso__paella__bruciato__gpt_image_1_5__000771.jpg,,
/content/tmp_merged_datasets/merged_training_dataset/modificate/ds1__platsim_ar_pico_banana_9gb-V__modificate__root__000542.jpg,1,0.03818998,0,modificate,,ds1__platsim_ar_pico_banana_9gb-V__modificate__root__000542.jpg,,
/content/tmp_merged_datasets/merged_training_dataset/modificate/ds2__exp_3_augmented_v6.2_noK__modificate__altro__crudo__gpt_image_1_mini__000280.jpg,1,0.9954997,1,modificate,,ds2__exp_3_augmented_v6.2_noK__modificate__altro__crudo__gpt_image_1_mini__000280.jpg,,
/content/tmp_merged_datasets/merged_training_dataset/modificate/ds2__exp_3_augmented_v6.2_noK__modificate__altro__crudo__gpt_image_1_mini__000267.jpg,1,0.98737305,1,modificate,,ds2__exp_3_augmented_v6.2_noK__modificate__altro__crudo__gpt_image_1_mini__000267.jpg,,
/content/tmp_merged_datasets/merged_training_dataset/originali/ds1__platsim_ar_pico_banana_9gb-V__originali__root__002069.jpg,0,0.0153527,0,originali,ds1__platsim_ar_pico_banana_9gb-V__originali__root__002069.jpg,,,
/content/tmp_merged_datasets/merged_training_dataset/modificate/ds3__platsim_raw_vale_id__modificate__riso__paella__marcio__gpt_image_1_mini__000826.jpg,1,0.9747158,1,modificate,,ds3__platsim_raw_vale_id__modificate__riso__paella__marcio__gpt_image_1_mini__000826.jpg,,
/content/tmp_merged_datasets/merged_training_dataset/originali/ds1__platsim_ar_pico_banana_9gb-V__originali__root__000919.jpg,0,0.031456646,0,originali,ds1__platsim_ar_pico_banana_9gb-V__originali__root__000919.jpg,,,
/content/tmp_merged_datasets/merged_training_dataset/modificate/ds3__platsim_raw_vale_id__modificate__pasta__marcio__gpt_image_1_5__000585.jpg,1,0.9915774,1,modificate,,ds3__platsim_raw_vale_id__modificate__pasta__marcio__gpt_image_1_5__000585.jpg,,
/content/tmp_merged_datasets/merged_training_dataset/modificate/ds2__exp_3_augmented_v6.2_noK__modificate__burger_panino__marcio__gpt_image_1_5__000790.jpg,1,0.9944074,1,modificate,,ds2__exp_3_augmented_v6.2_noK__modificate__burger_panino__marcio__gpt_image_1_5__000790.jpg,,
/content/tmp_merged_datasets/merged_training_dataset/modificate/ds2__exp_3_augmented_v6.2_noK__modificate__burger_panino__marcio__gpt_image_1_mini__000839.jpg,1,0.99383414,1,modificate,,ds2__exp_3_augmented_v6.2_noK__modificate__burger_panino__marcio__gpt_image_1_mini__000839.jpg,,
/content/tmp_merged_datasets/merged_training_dataset/modificate/ds1__platsim_ar_pico_banana_9gb-V__modificate__root__002186.jpg,1,0.010852554,0,modificate,,ds1__platsim_ar_pico_banana_9gb-V__modificate__root__002186.jpg,,
/content/tmp_merged_datasets/merged_training_dataset/modificate/ds1__platsim_ar_pico_banana_9gb-V__modificate__root__001056.jpg,1,0.017134627,0,modificate,,ds1__platsim_ar_pico_banana_9gb-V__modificate__root__001056.jpg,,
/content/tmp_merged_datasets/merged_training_dataset/modificate/ds1__platsim_ar_pico_banana_9gb-V__modificate__root__002105.jpg,1,0.8398711,1,modificate,,ds1__platsim_ar_pico_banana_9gb-V__modificate__root__002105.jpg,,
/content/tmp_merged_datasets/merged_training_dataset/originali/ds5__raw_vale_id__originali__cattivo__altro__bruciato__000386.jpg,0,0.012088916,0,originali,ds5__raw_vale_id__originali__cattivo__altro__bruciato__000386.jpg,,,
/content/tmp_merged_datasets/merged_training_dataset/originali/ds1__platsim_ar_pico_banana_9gb-V__originali__root__001744.jpg,0,0.014525747,0,originali,ds1__platsim_ar_pico_banana_9gb-V__originali__root__001744.jpg,,,
/content/tmp_merged_datasets/merged_training_dataset/originali/ds5__raw_vale_id__originali__cattivo__pasta__bruciato__000393.jpg,0,0.08624199,0,originali,ds5__raw_vale_id__originali__cattivo__pasta__bruciato__000393.jpg,,,
/content/tmp_merged_datasets/merged_training_dataset/modificate/ds1__platsim_ar_pico_banana_9gb-V__modificate__root__000032.jpg,1,0.98687464,1,modificate,,ds1__platsim_ar_pico_banana_9gb-V__modificate__root__000032.jpg,,
/content/tmp_merged_datasets/merged_training_dataset/modificate/ds5__raw_vale_id__modificate__altro__crudo__gpt_image_1_5__000056.jpg,1,0.99071795,1,modificate,,ds5__raw_vale_id__modificate__altro__crudo__gpt_image_1_5__000056.jpg,,
/content/tmp_merged_datasets/merged_training_dataset/modificate/ds3__platsim_raw_vale_id__modificate__carne__crudo__gpt_image_1_5__000358.jpg,1,0.9933455,1,modificate,,ds3__platsim_raw_vale_id__modificate__carne__crudo__gpt_image_1_5__000358.jpg,,
/content/tmp_merged_datasets/merged_training_dataset/modificate/ds1__platsim_ar_pico_banana_9gb-V__modificate__root__001506.jpg,1,0.68064666,1,modificate,,ds1__platsim_ar_pico_banana_9gb-V__modificate__root__001506.jpg,,
/content/tmp_merged_datasets/merged_training_dataset/modificate/ds1__platsim_ar_pico_banana_9gb-V__modificate__root__001103.jpg,1,0.96662796,1,modificate,,ds1__platsim_ar_pico_banana_9gb-V__modificate__root__001103.jpg,,
/content/tmp_merged_datasets/merged_training_dataset/modificate/ds1__platsim_ar_pico_banana_9gb-V__modificate__root__000306.jpg,1,0.97305286,1,modificate,,ds1__platsim_ar_pico_banana_9gb-V__modificate__root__000306.jpg,,
/content/tmp_merged_datasets/merged_training_dataset/modificate/ds5__raw_vale_id__modificate__zuppa__insetti__gpt_image_1_5__000881.jpg,1,0.98574764,1,modificate,,ds5__raw_vale_id__modificate__zuppa__insetti__gpt_image_1_5__000881.jpg,,
/content/tmp_merged_datasets/merged_training_dataset/modificate/ds1__platsim_ar_pico_banana_9gb-V__modificate__root__001745.jpg,1,0.9368329,1,modificate,,ds1__platsim_ar_pico_banana_9gb-V__modificate__root__001745.jpg,,
/content/tmp_merged_datasets/merged_training_dataset/modificate/ds1__platsim_ar_pico_banana_9gb-V__modificate__root__000678.jpg,1,0.9774491,1,modificate,,ds1__platsim_ar_pico_banana_9gb-V__modificate__root__000678.jpg,,
/content/tmp_merged_datasets/merged_training_dataset/modificate/ds3__platsim_raw_vale_id__modificate__burger__panino__bruciato__gpt_image_1_5__000235.jpg,1,0.9944185,1,modificate,,ds3__platsim_raw_vale_id__modificate__burger__panino__bruciato__gpt_image_1_5__000235.jpg,,
/content/tmp_merged_datasets/merged_training_dataset/originali/ds1__platsim_ar_pico_banana_9gb-V__originali__root__000543.jpg,0,0.040873513,0,originali,ds1__platsim_ar_pico_banana_9gb-V__originali__root__000543.jpg,,,
/content/tmp_merged_datasets/merged_training_dataset/modificate/ds3__platsim_raw_vale_id__modificate__pizza__bruciato__gpt_image_1_5__000690.jpg,1,0.9236855,1,modificate,,ds3__platsim_raw_vale_id__modificate__pizza__bruciato__gpt_image_1_5__000690.jpg,,
/content/tmp_merged_datasets/merged_training_dataset/originali/ds1__platsim_ar_pico_banana_9gb-V__originali__root__002026.jpg,0,0.66646266,1,originali,ds1__platsim_ar_pico_banana_9gb-V__originali__root__002026.jpg,,,
/content/tmp_merged_datasets/merged_training_dataset/modificate/ds2__exp_3_augmented_v6.2_noK__modificate__patatine__crudo__gpt_image_1_5__002096.jpg,1,0.99245197,1,modificate,,ds2__exp_3_augmented_v6.2_noK__modificate__patatine__crudo__gpt_image_1_5__002096.jpg,,
/content/tmp_merged_datasets/merged_training_dataset/modificate/ds2__exp_3_augmented_v6.2_noK__modificate__burger_panino__crudo__gpt_image_1_5__000595.jpg,1,0.99576026,1,modificate,,ds2__exp_3_augmented_v6.2_noK__modificate__burger_panino__crudo__gpt_image_1_5__000595.jpg,,
/content/tmp_merged_datasets/merged_training_dataset/modificate/ds1__platsim_ar_pico_banana_9gb-V__modificate__root__000613.jpg,1,0.97417134,1,modificate,,ds1__platsim_ar_pico_banana_9gb-V__modificate__root__000613.jpg,,
/content/tmp_merged_datasets/merged_training_dataset/originali/ds2__exp_3_augmented_v6.2_noK__originali__cattivo__carne__bruciato__001056.jpg,0,0.0099284435,0,originali,ds2__exp_3_augmented_v6.2_noK__originali__cattivo__carne__bruciato__001056.jpg,,,
/content/tmp_merged_datasets/merged_training_dataset/originali/ds2__exp_3_augmented_v6.2_noK__originali__buono__altro__000122.jpg,0,0.012542777,0,originali,ds2__exp_3_augmented_v6.2_noK__originali__buono__altro__000122.jpg,,,
/content/tmp_merged_datasets/merged_training_dataset/originali/ds2__exp_3_augmented_v6.2_noK__originali__cattivo__frutta_verdura__marcio__001283.jpg,0,0.0112832105,0,originali,ds2__exp_3_augmented_v6.2_noK__originali__cattivo__frutta_verdura__marcio__001283.jpg,,,
/content/tmp_merged_datasets/merged_training_dataset/originali/ds1__platsim_ar_pico_banana_9gb-V__originali__root__000839.jpg,0,0.015194699,0,originali,ds1__platsim_ar_pico_banana_9gb-V__originali__root__000839.jpg,,,
/content/tmp_merged_datasets/merged_training_dataset/originali/ds3__platsim_raw_vale_id__originali__buono__burger_panino__000114.jpg,0,0.031984646,0,originali,ds3__platsim_raw_vale_id__originali__buono__burger_panino__000114.jpg,,,
/content/tmp_merged_datasets/merged_training_dataset/modificate/ds2__exp_3_augmented_v6.2_noK__modificate__frutta_verdura__marcio__gpt_image_1_5__001649.jpg,1,0.9857086,1,modificate,,ds2__exp_3_augmented_v6.2_noK__modificate__frutta_verdura__marcio__gpt_image_1_5__001649.jpg,,
/content/tmp_merged_datasets/merged_training_dataset/modificate/ds2__exp_3_augmented_v6.2_noK__modificate__carne__crudo__gpt_image_1_mini__001222.jpg,1,0.9972555,1,modificate,,ds2__exp_3_augmented_v6.2_noK__modificate__carne__crudo__gpt_image_1_mini__001222.jpg,,
/content/tmp_merged_datasets/merged_training_dataset/originali/ds2__exp_3_augmented_v6.2_noK__originali__buono__burger_panino__000199.jpg,0,0.024256932,0,originali,ds2__exp_3_augmented_v6.2_noK__originali__buono__burger_panino__000199.jpg,,,
/content/tmp_merged_datasets/merged_training_dataset/originali/ds2__exp_3_augmented_v6.2_noK__originali__cattivo__altro__altro__001027.jpg,0,0.014410495,0,originali,ds2__exp_3_augmented_v6.2_noK__originali__cattivo__altro__altro__001027.jpg,,,
/content/tmp_merged_datasets/merged_training_dataset/modificate/ds5__raw_vale_id__modificate__pizza__crudo__gpt_image_1_5__000712.jpg,1,0.04332587,0,modificate,,ds5__raw_vale_id__modificate__pizza__crudo__gpt_image_1_5__000712.jpg,,
/content/tmp_merged_datasets/merged_training_dataset/modificate/ds2__exp_3_augmented_v6.2_noK__modificate__burger_panino__crudo__gpt_image_1_5__000669.jpg,1,0.99544686,1,modificate,,ds2__exp_3_augmented_v6.2_noK__modificate__burger_panino__crudo__gpt_image_1_5__000669.jpg,,
/content/tmp_merged_datasets/merged_training_dataset/modificate/ds1__platsim_ar_pico_banana_9gb-V__modificate__root__001664.jpg,1,0.9754549,1,modificate,,ds1__platsim_ar_pico_banana_9gb-V__modificate__root__001664.jpg,,
/content/tmp_merged_datasets/merged_training_dataset/originali/ds5__raw_vale_id__originali__buono__pasta__000264.jpg,0,0.033075143,0,originali,ds5__raw_vale_id__originali__buono__pasta__000264.jpg,,,
/content/tmp_merged_datasets/merged_training_dataset/modificate/ds2__exp_3_augmented_v6.2_noK__modificate__burger_panino__marcio__gpt_image_1_mini__000832.jpg,1,0.9956593,1,modificate,,ds2__exp_3_augmented_v6.2_noK__modificate__burger_panino__marcio__gpt_image_1_mini__000832.jpg,,
/content/tmp_merged_datasets/merged_training_dataset/modificate/ds5__raw_vale_id__modificate__insalata__marcio__gpt_image_1_5__000475.jpg,1,0.79889107,1,modificate,,ds5__raw_vale_id__modificate__insalata__marcio__gpt_image_1_5__000475.jpg,,
/content/tmp_merged_datasets/merged_training_dataset/originali/ds1__platsim_ar_pico_banana_9gb-V__originali__root__000202.jpg,0,0.25633478,0,originali,ds1__platsim_ar_pico_banana_9gb-V__originali__root__000202.jpg,,,
/content/tmp_merged_datasets/merged_training_dataset/modificate/ds1__platsim_ar_pico_banana_9gb-V__modificate__root__000560.jpg,1,0.92494017,1,modificate,,ds1__platsim_ar_pico_banana_9gb-V__modificate__root__000560.jpg,,
/content/tmp_merged_datasets/merged_training_dataset/modificate/ds2__exp_3_augmented_v6.2_noK__modificate__carne__bruciato__gpt_image_1_5__000897.jpg,1,0.9971058,1,modificate,,ds2__exp_3_augmented_v6.2_noK__modificate__carne__bruciato__gpt_image_1_5__000897.jpg,,
/content/tmp_merged_datasets/merged_training_dataset/modificate/ds3__platsim_raw_vale_id__modificate__burger__panino__marcio__gpt_image_1_5__000286.jpg,1,0.99668115,1,modificate,,ds3__platsim_raw_vale_id__modificate__burger__panino__marcio__gpt_image_1_5__000286.jpg,,
/content/tmp_merged_datasets/merged_training_dataset/modificate/ds1__platsim_ar_pico_banana_9gb-V__modificate__root__001569.jpg,1,0.9773163,1,modificate,,ds1__platsim_ar_pico_banana_9gb-V__modificate__root__001569.jpg,,
/content/tmp_merged_datasets/merged_training_dataset/originali/ds1__platsim_ar_pico_banana_9gb-V__originali__root__002107.jpg,0,0.056319878,0,originali,ds1__platsim_ar_pico_banana_9gb-V__originali__root__002107.jpg,,,
/content/tmp_merged_datasets/merged_training_dataset/originali/ds1__platsim_ar_pico_banana_9gb-V__originali__root__000423.jpg,0,0.11134183,0,originali,ds1__platsim_ar_pico_banana_9gb-V__originali__root__000423.jpg,,,
/content/tmp_merged_datasets/merged_training_dataset/modificate/ds5__raw_vale_id__modificate__burger__panino__crudo__gpt_image_1_5__000246.jpg,1,0.9691859,1,modificate,,ds5__raw_vale_id__modificate__burger__panino__crudo__gpt_image_1_5__000246.jpg,,
/content/tmp_merged_datasets/merged_training_dataset/originali/ds2__exp_3_augmented_v6.2_noK__originali__cattivo__carne__bruciato__001137.jpg,0,0.0074995942,0,originali,ds2__exp_3_augmented_v6.2_noK__originali__cattivo__carne__bruciato__001137.jpg,,,
/content/tmp_merged_datasets/merged_training_dataset/originali/ds1__platsim_ar_pico_banana_9gb-V__originali__root__001674.jpg,0,0.09425433,0,originali,ds1__platsim_ar_pico_banana_9gb-V__originali__root__001674.jpg,,,
/content/tmp_merged_datasets/merged_training_dataset/originali/ds4__platsim_whatsapp_vale_id__originali__buono__riso_paella__000156.jpg,0,0.011903149,0,originali,ds4__platsim_whatsapp_vale_id__originali__buono__riso_paella__000156.jpg,,,
/content/tmp_merged_datasets/merged_training_dataset/modificate/ds1__platsim_ar_pico_banana_9gb-V__modificate__root__001024.jpg,1,0.9305422,1,modificate,,ds1__platsim_ar_pico_banana_9gb-V__modificate__root__001024.jpg,,
/content/tmp_merged_datasets/merged_training_dataset/modificate/ds1__platsim_ar_pico_banana_9gb-V__modificate__root__001565.jpg,1,0.953425,1,modificate,,ds1__platsim_ar_pico_banana_9gb-V__modificate__root__001565.jpg,,
/content/tmp_merged_datasets/merged_training_dataset/modificate/ds2__exp_3_augmented_v6.2_noK__modificate__fritti__bruciato__gpt_image_1_5__001390.jpg,1,0.99163705,1,modificate,,ds2__exp_3_augmented_v6.2_noK__modificate__fritti__bruciato__gpt_image_1_5__001390.jpg,,
/content/tmp_merged_datasets/merged_training_dataset/originali/ds1__platsim_ar_pico_banana_9gb-V__originali__root__001754.jpg,0,0.8749805,1,originali,ds1__platsim_ar_pico_banana_9gb-V__originali__root__001754.jpg,,,
/content/tmp_merged_datasets/merged_training_dataset/originali/ds2__exp_3_augmented_v6.2_noK__originali__buono__insalata__000593.jpg,0,0.017470988,0,originali,ds2__exp_3_augmented_v6.2_noK__originali__buono__insalata__000593.jpg,,,
/content/tmp_merged_datasets/merged_training_dataset/modificate/ds2__exp_3_augmented_v6.2_noK__modificate__fritti__crudo__gpt_image_1_mini__001475.jpg,1,0.99612623,1,modificate,,ds2__exp_3_augmented_v6.2_noK__modificate__fritti__crudo__gpt_image_1_mini__001475.jpg,,
/content/tmp_merged_datasets/merged_training_dataset/originali/ds6__whatsapp_vale_id__originali__buono__riso_paella__000162.jpeg,0,0.027124431,0,originali,ds6__whatsapp_vale_id__originali__buono__riso_paella__000162.jpeg,,,
/content/tmp_merged_datasets/merged_training_dataset/modificate/ds5__raw_vale_id__modificate__pizza__bruciato__gpt_image_1_5__000675.jpg,1,0.97642434,1,modificate,,ds5__raw_vale_id__modificate__pizza__bruciato__gpt_image_1_5__000675.jpg,,
/content/tmp_merged_datasets/merged_training_dataset/modificate/ds3__platsim_raw_vale_id__modificate__riso__paella__bruciato__gpt_image_1_5__000758.jpg,1,0.9796123,1,modificate,,ds3__platsim_raw_vale_id__modificate__riso__paella__bruciato__gpt_image_1_5__000758.jpg,,
/content/tmp_merged_datasets/merged_training_dataset/originali/ds1__platsim_ar_pico_banana_9gb-V__originali__root__000406.jpg,0,0.12746692,0,originali,ds1__platsim_ar_pico_banana_9gb-V__originali__root__000406.jpg,,,
/content/tmp_merged_datasets/merged_training_dataset/modificate/ds2__exp_3_augmented_v6.2_noK__modificate__sushi__marcio__gpt_image_1_5__002601.jpg,1,0.9877461,1,modificate,,ds2__exp_3_augmented_v6.2_noK__modificate__sushi__marcio__gpt_image_1_5__002601.jpg,,
/content/tmp_merged_datasets/merged_training_dataset/originali/ds1__platsim_ar_pico_banana_9gb-V__originali__root__000574.jpg,0,0.010689543,0,originali,ds1__platsim_ar_pico_banana_9gb-V__originali__root__000574.jpg,,,
/content/tmp_merged_datasets/merged_training_dataset/modificate/ds6__whatsapp_vale_id__modificate__sushi__marcio__gpt_image_1_5__000410.jpeg,1,0.04157139,0,modificate,,ds6__whatsapp_vale_id__modificate__sushi__marcio__gpt_image_1_5__000410.jpeg,,
/content/tmp_merged_datasets/merged_training_dataset/originali/ds1__platsim_ar_pico_banana_9gb-V__originali__root__000466.jpg,0,0.055163376,0,originali,ds1__platsim_ar_pico_banana_9gb-V__originali__root__000466.jpg,,,
/content/tmp_merged_datasets/merged_training_dataset/originali/ds1__platsim_ar_pico_banana_9gb-V__originali__root__000436.jpg,0,0.9735411,1,originali,ds1__platsim_ar_pico_banana_9gb-V__originali__root__000436.jpg,,,
/content/tmp_merged_datasets/merged_training_dataset/originali/ds2__exp_3_augmented_v6.2_noK__originali__cattivo__patatine__bruciato__001359.jpg,0,0.0066961325,0,originali,ds2__exp_3_augmented_v6.2_noK__originali__cattivo__patatine__bruciato__001359.jpg,,,
/content/tmp_merged_datasets/merged_training_dataset/originali/ds3__platsim_raw_vale_id__originali__buono__riso_paella__000326.jpg,0,0.029509421,0,originali,ds3__platsim_raw_vale_id__originali__buono__riso_paella__000326.jpg,,,
/content/tmp_merged_datasets/merged_training_dataset/originali/ds2__exp_3_augmented_v6.2_noK__originali__buono__pizza__000765.jpg,0,0.025167456,0,originali,ds2__exp_3_augmented_v6.2_noK__originali__buono__pizza__000765.jpg,,,
/content/tmp_merged_datasets/merged_training_dataset/modificate/ds1__platsim_ar_pico_banana_9gb-V__modificate__root__000033.jpg,1,0.96073836,1,modificate,,ds1__platsim_ar_pico_banana_9gb-V__modificate__root__000033.jpg,,
/content/tmp_merged_datasets/merged_training_dataset/modificate/ds6__whatsapp_vale_id__modificate__riso__paella__insetti__gpt_image_1_mini__000391.jpg,1,0.98468935,1,modificate,,ds6__whatsapp_vale_id__modificate__riso__paella__insetti__gpt_image_1_mini__000391.jpg,,
/content/tmp_merged_datasets/merged_training_dataset/modificate/ds1__platsim_ar_pico_banana_9gb-V__modificate__root__001742.jpg,1,0.9477773,1,modificate,,ds1__platsim_ar_pico_banana_9gb-V__modificate__root__001742.jpg,,
/content/tmp_merged_datasets/merged_training_dataset/modificate/ds2__exp_3_augmented_v6.2_noK__modificate__insalata__marcio__gpt_image_1_5__001727.jpg,1,0.24243848,0,modificate,,ds2__exp_3_augmented_v6.2_noK__modificate__insalata__marcio__gpt_image_1_5__001727.jpg,,
/content/tmp_merged_datasets/merged_training_dataset/originali/ds1__platsim_ar_pico_banana_9gb-V__originali__root__002261.jpg,0,0.033535928,0,originali,ds1__platsim_ar_pico_banana_9gb-V__originali__root__002261.jpg,,,
/content/tmp_merged_datasets/merged_training_dataset/modificate/ds2__exp_3_augmented_v6.2_noK__modificate__riso_paella__ammuffito__gpt_image_1_5__002318.jpg,1,0.99356836,1,modificate,,ds2__exp_3_augmented_v6.2_noK__modificate__riso_paella__ammuffito__gpt_image_1_5__002318.jpg,,
/content/tmp_merged_datasets/merged_training_dataset/modificate/ds2__exp_3_augmented_v6.2_noK__modificate__riso_paella__crudo__gpt_image_1_mini__002513.jpg,1,0.9889916,1,modificate,,ds2__exp_3_augmented_v6.2_noK__modificate__riso_paella__crudo__gpt_image_1_mini__002513.jpg,,
/content/tmp_merged_datasets/merged_training_dataset/originali/ds2__exp_3_augmented_v6.2_noK__originali__buono__pasta__000649.jpg,0,0.009218708,0,originali,ds2__exp_3_augmented_v6.2_noK__originali__buono__pasta__000649.jpg,,,
/content/tmp_merged_datasets/merged_training_dataset/originali/ds2__exp_3_augmented_v6.2_noK__originali__buono__altro__000012.jpg,0,0.009241925,0,originali,ds2__exp_3_augmented_v6.2_noK__originali__buono__altro__000012.jpg,,,
/content/tmp_merged_datasets/merged_training_dataset/originali/ds2__exp_3_augmented_v6.2_noK__originali__cattivo__frutta_verdura__marcio__001332.jpg,0,0.010067431,0,originali,ds2__exp_3_augmented_v6.2_noK__originali__cattivo__frutta_verdura__marcio__001332.jpg,,,
/content/tmp_merged_datasets/merged_training_dataset/originali/ds1__platsim_ar_pico_banana_9gb-V__originali__root__001810.jpg,0,0.2031287,0,originali,ds1__platsim_ar_pico_banana_9gb-V__originali__root__001810.jpg,,,
/content/tmp_merged_datasets/merged_training_dataset/modificate/ds2__exp_3_augmented_v6.2_noK__modificate__riso_paella__crudo__gpt_image_1_5__002443.jpg,1,0.9833166,1,modificate,,ds2__exp_3_augmented_v6.2_noK__modificate__riso_paella__crudo__gpt_image_1_5__002443.jpg,,
/content/tmp_merged_datasets/merged_training_dataset/originali/ds1__platsim_ar_pico_banana_9gb-V__originali__root__000620.jpg,0,0.962412,1,originali,ds1__platsim_ar_pico_banana_9gb-V__originali__root__000620.jpg,,,
/content/tmp_merged_datasets/merged_training_dataset/originali/ds1__platsim_ar_pico_banana_9gb-V__originali__root__000250.jpg,0,0.15721914,0,originali,ds1__platsim_ar_pico_banana_9gb-V__originali__root__000250.jpg,,,
/content/tmp_merged_datasets/merged_training_dataset/originali/ds1__platsim_ar_pico_banana_9gb-V__originali__root__001305.jpg,0,0.013974417,0,originali,ds1__platsim_ar_pico_banana_9gb-V__originali__root__001305.jpg,,,
/content/tmp_merged_datasets/merged_training_dataset/originali/ds3__platsim_raw_vale_id__originali__buono__riso_paella__000342.jpg,0,0.9735048,1,originali,ds3__platsim_raw_vale_id__originali__buono__riso_paella__000342.jpg,,,
/content/tmp_merged_datasets/merged_training_dataset/originali/ds1__platsim_ar_pico_banana_9gb-V__originali__root__000524.jpg,0,0.49240473,0,originali,ds1__platsim_ar_pico_banana_9gb-V__originali__root__000524.jpg,,,
/content/tmp_merged_datasets/merged_training_dataset/modificate/ds2__exp_3_augmented_v6.2_noK__modificate__carne__bruciato__gpt_image_1_mini__001018.jpg,1,0.9973079,1,modificate,,ds2__exp_3_augmented_v6.2_noK__modificate__carne__bruciato__gpt_image_1_mini__001018.jpg,,
/content/tmp_merged_datasets/merged_training_dataset/modificate/ds1__platsim_ar_pico_banana_9gb-V__modificate__root__001271.jpg,1,0.11222653,0,modificate,,ds1__platsim_ar_pico_banana_9gb-V__modificate__root__001271.jpg,,
/content/tmp_merged_datasets/merged_training_dataset/originali/ds1__platsim_ar_pico_banana_9gb-V__originali__root__001287.jpg,0,0.98981464,1,originali,ds1__platsim_ar_pico_banana_9gb-V__originali__root__001287.jpg,,,
/content/tmp_merged_datasets/merged_training_dataset/modificate/ds1__platsim_ar_pico_banana_9gb-V__modificate__root__000451.jpg,1,0.9843001,1,modificate,,ds1__platsim_ar_pico_banana_9gb-V__modificate__root__000451.jpg,,
/content/tmp_merged_datasets/merged_training_dataset/modificate/ds1__platsim_ar_pico_banana_9gb-V__modificate__root__002466.jpg,1,0.9829344,1,modificate,,ds1__platsim_ar_pico_banana_9gb-V__modificate__root__002466.jpg,,
/content/tmp_merged_datasets/merged_training_dataset/modificate/ds2__exp_3_augmented_v6.2_noK__modificate__pasta__marcio__gpt_image_1_5__001975.jpg,1,0.9924583,1,modificate,,ds2__exp_3_augmented_v6.2_noK__modificate__pasta__marcio__gpt_image_1_5__001975.jpg,,
/content/tmp_merged_datasets/merged_training_dataset/modificate/ds3__platsim_raw_vale_id__modificate__burger__panino__crudo__gpt_image_1_mini__000274.jpg,1,0.9838284,1,modificate,,ds3__platsim_raw_vale_id__modificate__burger__panino__crudo__gpt_image_1_mini__000274.jpg,,
/content/tmp_merged_datasets/merged_training_dataset/modificate/ds2__exp_3_augmented_v6.2_noK__modificate__carne__bruciato__gpt_image_1_5__000956.jpg,1,0.99225324,1,modificate,,ds2__exp_3_augmented_v6.2_noK__modificate__carne__bruciato__gpt_image_1_5__000956.jpg,,
/content/tmp_merged_datasets/merged_training_dataset/originali/ds2__exp_3_augmented_v6.2_noK__originali__cattivo__carne__bruciato__001114.jpg,0,0.0063822847,0,originali,ds2__exp_3_augmented_v6.2_noK__originali__cattivo__carne__bruciato__001114.jpg,,,
/content/tmp_merged_datasets/merged_training_dataset/modificate/ds2__exp_3_augmented_v6.2_noK__modificate__altro__marcio__gpt_image_1_mini__000410.jpg,1,0.9929396,1,modificate,,ds2__exp_3_augmented_v6.2_noK__modificate__altro__marcio__gpt_image_1_mini__000410.jpg,,
/content/tmp_merged_datasets/merged_training_dataset/modificate/ds1__platsim_ar_pico_banana_9gb-V__modificate__root__000752.jpg,1,0.028035525,0,modificate,,ds1__platsim_ar_pico_banana_9gb-V__modificate__root__000752.jpg,,
/content/tmp_merged_datasets/merged_training_dataset/modificate/ds2__exp_3_augmented_v6.2_noK__modificate__pasta__marcio__gpt_image_1_mini__002049.jpg,1,0.99132526,1,modificate,,ds2__exp_3_augmented_v6.2_noK__modificate__pasta__marcio__gpt_image_1_mini__002049.jpg,,
/content/tmp_merged_datasets/merged_training_dataset/modificate/ds3__platsim_raw_vale_id__modificate__dessert__marcio__gpt_image_1_5__000424.jpg,1,0.9915514,1,modificate,,ds3__platsim_raw_vale_id__modificate__dessert__marcio__gpt_image_1_5__000424.jpg,,
/content/tmp_merged_datasets/merged_training_dataset/modificate/ds3__platsim_raw_vale_id__modificate__zuppa__marcio__gpt_image_1_mini__000895.jpg,1,0.9859934,1,modificate,,ds3__platsim_raw_vale_id__modificate__zuppa__marcio__gpt_image_1_mini__000895.jpg,,
/content/tmp_merged_datasets/merged_training_dataset/originali/ds2__exp_3_augmented_v6.2_noK__originali__cattivo__carne__crudo__001152.jpg,0,0.009171017,0,originali,ds2__exp_3_augmented_v6.2_noK__originali__cattivo__carne__crudo__001152.jpg,,,
/content/tmp_merged_datasets/merged_training_dataset/modificate/ds1__platsim_ar_pico_banana_9gb-V__modificate__root__001291.jpg,1,0.9002707,1,modificate,,ds1__platsim_ar_pico_banana_9gb-V__modificate__root__001291.jpg,,
/content/tmp_merged_datasets/merged_training_dataset/modificate/ds1__platsim_ar_pico_banana_9gb-V__modificate__root__002342.jpg,1,0.914503,1,modificate,,ds1__platsim_ar_pico_banana_9gb-V__modificate__root__002342.jpg,,
/content/tmp_merged_datasets/merged_training_dataset/originali/ds1__platsim_ar_pico_banana_9gb-V__originali__root__000214.jpg,0,0.08525355,0,originali,ds1__platsim_ar_pico_banana_9gb-V__originali__root__000214.jpg,,,
/content/tmp_merged_datasets/merged_training_dataset/originali/ds4__platsim_whatsapp_vale_id__originali__buono__pasta__000112.jpg,0,0.14166759,0,originali,ds4__platsim_whatsapp_vale_id__originali__buono__pasta__000112.jpg,,,
/content/tmp_merged_datasets/merged_training_dataset/modificate/ds2__exp_3_augmented_v6.2_noK__modificate__altro__bruciato__gpt_image_1_mini__000091.jpg,1,0.9979346,1,modificate,,ds2__exp_3_augmented_v6.2_noK__modificate__altro__bruciato__gpt_image_1_mini__000091.jpg,,
/content/tmp_merged_datasets/merged_training_dataset/originali/ds1__platsim_ar_pico_banana_9gb-V__originali__root__002143.jpg,0,0.03318076,0,originali,ds1__platsim_ar_pico_banana_9gb-V__originali__root__002143.jpg,,,
/content/tmp_merged_datasets/merged_training_dataset/modificate/ds6__whatsapp_vale_id__modificate__patatine__bruciato__gpt_image_1_5__000302.jpeg,1,0.99583495,1,modificate,,ds6__whatsapp_vale_id__modificate__patatine__bruciato__gpt_image_1_5__000302.jpeg,,
/content/tmp_merged_datasets/merged_training_dataset/modificate/ds2__exp_3_augmented_v6.2_noK__modificate__insalata__insetti__gpt_image_1_mini__001713.jpg,1,0.9790511,1,modificate,,ds2__exp_3_augmented_v6.2_noK__modificate__insalata__insetti__gpt_image_1_mini__001713.jpg,,
/content/tmp_merged_datasets/merged_training_dataset/modificate/ds2__exp_3_augmented_v6.2_noK__modificate__carne__marcio__gpt_image_1_5__001284.jpg,1,0.9819888,1,modificate,,ds2__exp_3_augmented_v6.2_noK__modificate__carne__marcio__gpt_image_1_5__001284.jpg,,
/content/tmp_merged_datasets/merged_training_dataset/originali/ds4__platsim_whatsapp_vale_id__originali__buono__burger_panino__000037.jpg,0,0.08883146,0,originali,ds4__platsim_whatsapp_vale_id__originali__buono__burger_panino__000037.jpg,,,
/content/tmp_merged_datasets/merged_training_dataset/modificate/ds4__platsim_whatsapp_vale_id__modificate__pasta__marcio__gpt_image_1_mini__000291.jpg,1,0.9923907,1,modificate,,ds4__platsim_whatsapp_vale_id__modificate__pasta__marcio__gpt_image_1_mini__000291.jpg,,
/content/tmp_merged_datasets/merged_training_dataset/originali/ds1__platsim_ar_pico_banana_9gb-V__originali__root__002219.jpg,0,0.864181,1,originali,ds1__platsim_ar_pico_banana_9gb-V__originali__root__002219.jpg,,,
/content/tmp_merged_datasets/merged_training_dataset/modificate/ds2__exp_3_augmented_v6.2_noK__modificate__sushi__crudo__gpt_image_1_5__002574.jpg,1,0.9899261,1,modificate,,ds2__exp_3_augmented_v6.2_noK__modificate__sushi__crudo__gpt_image_1_5__002574.jpg,,
/content/tmp_merged_datasets/merged_training_dataset/originali/ds1__platsim_ar_pico_banana_9gb-V__originali__root__001874.jpg,0,0.0142037785,0,originali,ds1__platsim_ar_pico_banana_9gb-V__originali__root__001874.jpg,,,
/content/tmp_merged_datasets/merged_training_dataset/originali/ds1__platsim_ar_pico_banana_9gb-V__originali__root__000880.jpg,0,0.3686207,0,originali,ds1__platsim_ar_pico_banana_9gb-V__originali__root__000880.jpg,,,
/content/tmp_merged_datasets/merged_training_dataset/originali/ds1__platsim_ar_pico_banana_9gb-V__originali__root__000819.jpg,0,0.49128646,0,originali,ds1__platsim_ar_pico_banana_9gb-V__originali__root__000819.jpg,,,
/content/tmp_merged_datasets/merged_training_dataset/modificate/ds2__exp_3_augmented_v6.2_noK__modificate__frutta_verdura__ammuffito__gpt_image_1_mini__001508.jpg,1,0.99389344,1,modificate,,ds2__exp_3_augmented_v6.2_noK__modificate__frutta_verdura__ammuffito__gpt_image_1_mini__001508.jpg,,
/content/tmp_merged_datasets/merged_training_dataset/modificate/ds2__exp_3_augmented_v6.2_noK__modificate__carne__bruciato__gpt_image_1_mini__000993.jpg,1,0.9955538,1,modificate,,ds2__exp_3_augmented_v6.2_noK__modificate__carne__bruciato__gpt_image_1_mini__000993.jpg,,
/content/tmp_merged_datasets/merged_training_dataset/originali/ds1__platsim_ar_pico_banana_9gb-V__originali__root__002257.jpg,0,0.12812373,0,originali,ds1__platsim_ar_pico_banana_9gb-V__originali__root__002257.jpg,,,
/content/tmp_merged_datasets/merged_training_dataset/originali/ds1__platsim_ar_pico_banana_9gb-V__originali__root__001573.jpg,0,0.9601007,1,originali,ds1__platsim_ar_pico_banana_9gb-V__originali__root__001573.jpg,,,
/content/tmp_merged_datasets/merged_training_dataset/originali/ds2__exp_3_augmented_v6.2_noK__originali__cattivo__carne__bruciato__001129.jpg,0,0.014816543,0,originali,ds2__exp_3_augmented_v6.2_noK__originali__cattivo__carne__bruciato__001129.jpg,,,
/content/tmp_merged_datasets/merged_training_dataset/modificate/ds1__platsim_ar_pico_banana_9gb-V__modificate__root__001514.jpg,1,0.9754782,1,modificate,,ds1__platsim_ar_pico_banana_9gb-V__modificate__root__001514.jpg,,
/content/tmp_merged_datasets/merged_training_dataset/originali/ds6__whatsapp_vale_id__originali__buono__pasta__000113.jpeg,0,0.013783515,0,originali,ds6__whatsapp_vale_id__originali__buono__pasta__000113.jpeg,,,
/content/tmp_merged_datasets/merged_training_dataset/modificate/ds2__exp_3_augmented_v6.2_noK__modificate__altro__crudo__gpt_image_1_5__000221.jpg,1,0.9939121,1,modificate,,ds2__exp_3_augmented_v6.2_noK__modificate__altro__crudo__gpt_image_1_5__000221.jpg,,
/content/tmp_merged_datasets/merged_training_dataset/modificate/ds3__platsim_raw_vale_id__modificate__pasta__bruciato__gpt_image_1_5__000492.jpg,1,0.9927671,1,modificate,,ds3__platsim_raw_vale_id__modificate__pasta__bruciato__gpt_image_1_5__000492.jpg,,
/content/tmp_merged_datasets/merged_training_dataset/originali/ds1__platsim_ar_pico_banana_9gb-V__originali__root__002050.jpg,0,0.07513194,0,originali,ds1__platsim_ar_pico_banana_9gb-V__originali__root__002050.jpg,,,
/content/tmp_merged_datasets/merged_training_dataset/modificate/ds5__raw_vale_id__modificate__altro__marcio__gpt_image_1_5__000180.jpg,1,0.99072146,1,modificate,,ds5__raw_vale_id__modificate__altro__marcio__gpt_image_1_5__000180.jpg,,
/content/tmp_merged_datasets/merged_training_dataset/modificate/ds5__raw_vale_id__modificate__pizza__bruciato__gpt_image_1_5__000692.jpg,1,0.9859971,1,modificate,,ds5__raw_vale_id__modificate__pizza__bruciato__gpt_image_1_5__000692.jpg,,
/content/tmp_merged_datasets/merged_training_dataset/modificate/ds1__platsim_ar_pico_banana_9gb-V__modificate__root__002390.jpg,1,0.9876209,1,modificate,,ds1__platsim_ar_pico_banana_9gb-V__modificate__root__002390.jpg,,
/content/tmp_merged_datasets/merged_training_dataset/originali/ds2__exp_3_augmented_v6.2_noK__originali__cattivo__carne__crudo__001159.jpg,0,0.009519738,0,originali,ds2__exp_3_augmented_v6.2_noK__originali__cattivo__carne__crudo__001159.jpg,,,
/content/tmp_merged_datasets/merged_training_dataset/modificate/ds3__platsim_raw_vale_id__modificate__pizza__crudo__gpt_image_1_5__000714.jpg,1,0.07342747,0,modificate,,ds3__platsim_raw_vale_id__modificate__pizza__crudo__gpt_image_1_5__000714.jpg,,
/content/tmp_merged_datasets/merged_training_dataset/modificate/ds2__exp_3_augmented_v6.2_noK__modificate__burger_panino__bruciato__gpt_image_1_mini__000543.jpg,1,0.99724835,1,modificate,,ds2__exp_3_augmented_v6.2_noK__modificate__burger_panino__bruciato__gpt_image_1_mini__000543.jpg,,
/content/tmp_merged_datasets/merged_training_dataset/modificate/ds1__platsim_ar_pico_banana_9gb-V__modificate__root__001389.jpg,1,0.9342022,1,modificate,,ds1__platsim_ar_pico_banana_9gb-V__modificate__root__001389.jpg,,
/content/tmp_merged_datasets/merged_training_dataset/modificate/ds4__platsim_whatsapp_vale_id__modificate__riso__paella__crudo__gpt_image_1_5__000384.jpg,1,0.5112269,0,modificate,,ds4__platsim_whatsapp_vale_id__modificate__riso__paella__crudo__gpt_image_1_5__000384.jpg,,
/content/tmp_merged_datasets/merged_training_dataset/originali/ds2__exp_3_augmented_v6.2_noK__originali__buono__sushi__000938.jpg,0,0.010511848,0,originali,ds2__exp_3_augmented_v6.2_noK__originali__buono__sushi__000938.jpg,,,
/content/tmp_merged_datasets/merged_training_dataset/originali/ds1__platsim_ar_pico_banana_9gb-V__originali__root__002102.jpg,0,0.94903237,1,originali,ds1__platsim_ar_pico_banana_9gb-V__originali__root__002102.jpg,,,
/content/tmp_merged_datasets/merged_training_dataset/originali/ds1__platsim_ar_pico_banana_9gb-V__originali__root__001290.jpg,0,0.017109461,0,originali,ds1__platsim_ar_pico_banana_9gb-V__originali__root__001290.jpg,,,
/content/tmp_merged_datasets/merged_training_dataset/originali/ds1__platsim_ar_pico_banana_9gb-V__originali__root__000232.jpg,0,0.008094186,0,originali,ds1__platsim_ar_pico_banana_9gb-V__originali__root__000232.jpg,,,
/content/tmp_merged_datasets/merged_training_dataset/originali/ds3__platsim_raw_vale_id__originali__cattivo__pasta__bruciato__000394.jpg,0,0.013749263,0,originali,ds3__platsim_raw_vale_id__originali__cattivo__pasta__bruciato__000394.jpg,,,
/content/tmp_merged_datasets/merged_training_dataset/modificate/ds1__platsim_ar_pico_banana_9gb-V__modificate__root__000722.jpg,1,0.8592821,1,modificate,,ds1__platsim_ar_pico_banana_9gb-V__modificate__root__000722.jpg,,
/content/tmp_merged_datasets/merged_training_dataset/originali/ds1__platsim_ar_pico_banana_9gb-V__originali__root__000834.jpg,0,0.86525816,1,originali,ds1__platsim_ar_pico_banana_9gb-V__originali__root__000834.jpg,,,
/content/tmp_merged_datasets/merged_training_dataset/originali/ds1__platsim_ar_pico_banana_9gb-V__originali__root__000177.jpg,0,0.028390402,0,originali,ds1__platsim_ar_pico_banana_9gb-V__originali__root__000177.jpg,,,
/content/tmp_merged_datasets/merged_training_dataset/modificate/ds2__exp_3_augmented_v6.2_noK__modificate__burger_panino__crudo__gpt_image_1_5__000631.jpg,1,0.9908625,1,modificate,,ds2__exp_3_augmented_v6.2_noK__modificate__burger_panino__crudo__gpt_image_1_5__000631.jpg,,
/content/tmp_merged_datasets/merged_training_dataset/modificate/ds5__raw_vale_id__modificate__altro__bruciato__gpt_image_1_mini__000043.jpg,1,0.9905613,1,modificate,,ds5__raw_vale_id__modificate__altro__bruciato__gpt_image_1_mini__000043.jpg,,
/content/tmp_merged_datasets/merged_training_dataset/modificate/ds2__exp_3_augmented_v6.2_noK__modificate__pasta__crudo__gpt_image_1_5__001789.jpg,1,0.9875843,1,modificate,,ds2__exp_3_augmented_v6.2_noK__modificate__pasta__crudo__gpt_image_1_5__001789.jpg,,
/content/tmp_merged_datasets/merged_training_dataset/originali/ds1__platsim_ar_pico_banana_9gb-V__originali__root__002334.jpg,0,0.97483647,1,originali,ds1__platsim_ar_pico_banana_9gb-V__originali__root__002334.jpg,,,
/content/tmp_merged_datasets/merged_training_dataset/modificate/ds2__exp_3_augmented_v6.2_noK__modificate__carne__bruciato__gpt_image_1_mini__001030.jpg,1,0.9979354,1,modificate,,ds2__exp_3_augmented_v6.2_noK__modificate__carne__bruciato__gpt_image_1_mini__001030.jpg,,
/content/tmp_merged_datasets/merged_training_dataset/originali/ds1__platsim_ar_pico_banana_9gb-V__originali__root__002399.jpg,0,0.03768084,0,originali,ds1__platsim_ar_pico_banana_9gb-V__originali__root__002399.jpg,,,
/content/tmp_merged_datasets/merged_training_dataset/modificate/ds6__whatsapp_vale_id__modificate__dessert__crudo__gpt_image_1_5__000165.jpeg,1,0.95571786,1,modificate,,ds6__whatsapp_vale_id__modificate__dessert__crudo__gpt_image_1_5__000165.jpeg,,
/content/tmp_merged_datasets/merged_training_dataset/modificate/ds3__platsim_raw_vale_id__modificate__riso__paella__crudo__gpt_image_1_5__000786.jpg,1,0.95169437,1,modificate,,ds3__platsim_raw_vale_id__modificate__riso__paella__crudo__gpt_image_1_5__000786.jpg,,
/content/tmp_merged_datasets/merged_training_dataset/modificate/ds6__whatsapp_vale_id__modificate__riso__paella__crudo__gpt_image_1_5__000378.jpg,1,0.97776604,1,modificate,,ds6__whatsapp_vale_id__modificate__riso__paella__crudo__gpt_image_1_5__000378.jpg,,
/content/tmp_merged_datasets/merged_training_dataset/modificate/ds2__exp_3_augmented_v6.2_noK__modificate__riso_paella__crudo__gpt_image_1_mini__002491.jpg,1,0.9919011,1,modificate,,ds2__exp_3_augmented_v6.2_noK__modificate__riso_paella__crudo__gpt_image_1_mini__002491.jpg,,
/content/tmp_merged_datasets/merged_training_dataset/modificate/ds5__raw_vale_id__modificate__pizza__crudo__gpt_image_1_mini__000723.jpg,1,0.96025497,1,modificate,,ds5__raw_vale_id__modificate__pizza__crudo__gpt_image_1_mini__000723.jpg,,
/content/tmp_merged_datasets/merged_training_dataset/originali/ds1__platsim_ar_pico_banana_9gb-V__originali__root__001539.jpg,0,0.05654947,0,originali,ds1__platsim_ar_pico_banana_9gb-V__originali__root__001539.jpg,,,
/content/tmp_merged_datasets/merged_training_dataset/modificate/ds2__exp_3_augmented_v6.2_noK__modificate__insalata__marcio__gpt_image_1_5__001720.jpg,1,0.18185851,0,modificate,,ds2__exp_3_augmented_v6.2_noK__modificate__insalata__marcio__gpt_image_1_5__001720.jpg,,
/content/tmp_merged_datasets/merged_training_dataset/modificate/ds2__exp_3_augmented_v6.2_noK__modificate__pasta__marcio__gpt_image_1_mini__002048.jpg,1,0.9934401,1,modificate,,ds2__exp_3_augmented_v6.2_noK__modificate__pasta__marcio__gpt_image_1_mini__002048.jpg,,
/content/tmp_merged_datasets/merged_training_dataset/modificate/ds3__platsim_raw_vale_id__modificate__altro__bruciato__gpt_image_1_5__000027.jpg,1,0.9923874,1,modificate,,ds3__platsim_raw_vale_id__modificate__altro__bruciato__gpt_image_1_5__000027.jpg,,
/content/tmp_merged_datasets/merged_training_dataset/modificate/ds2__exp_3_augmented_v6.2_noK__modificate__burger_panino__crudo__gpt_image_1_5__000576.jpg,1,0.9865476,1,modificate,,ds2__exp_3_augmented_v6.2_noK__modificate__burger_panino__crudo__gpt_image_1_5__000576.jpg,,
/content/tmp_merged_datasets/merged_training_dataset/modificate/ds2__exp_3_augmented_v6.2_noK__modificate__burger_panino__crudo__gpt_image_1_mini__000740.jpg,1,0.99241954,1,modificate,,ds2__exp_3_augmented_v6.2_noK__modificate__burger_panino__crudo__gpt_image_1_mini__000740.jpg,,
/content/tmp_merged_datasets/merged_training_dataset/modificate/ds1__platsim_ar_pico_banana_9gb-V__modificate__root__002231.jpg,1,0.9329772,1,modificate,,ds1__platsim_ar_pico_banana_9gb-V__modificate__root__002231.jpg,,
/content/tmp_merged_datasets/merged_training_dataset/originali/ds2__exp_3_augmented_v6.2_noK__originali__buono__pasta__000659.jpg,0,0.16195317,0,originali,ds2__exp_3_augmented_v6.2_noK__originali__buono__pasta__000659.jpg,,,
/content/tmp_merged_datasets/merged_training_dataset/originali/ds5__raw_vale_id__originali__buono__sushi__000374.jpg,0,0.14845936,0,originali,ds5__raw_vale_id__originali__buono__sushi__000374.jpg,,,
/content/tmp_merged_datasets/merged_training_dataset/modificate/ds1__platsim_ar_pico_banana_9gb-V__modificate__root__000977.jpg,1,0.9740951,1,modificate,,ds1__platsim_ar_pico_banana_9gb-V__modificate__root__000977.jpg,,
/content/tmp_merged_datasets/merged_training_dataset/originali/ds1__platsim_ar_pico_banana_9gb-V__originali__root__000145.jpg,0,0.25506818,0,originali,ds1__platsim_ar_pico_banana_9gb-V__originali__root__000145.jpg,,,
/content/tmp_merged_datasets/merged_training_dataset/modificate/ds6__whatsapp_vale_id__modificate__riso__paella__marcio__gpt_image_1_5__000398.jpeg,1,0.9947067,1,modificate,,ds6__whatsapp_vale_id__modificate__riso__paella__marcio__gpt_image_1_5__000398.jpeg,,
/content/tmp_merged_datasets/merged_training_dataset/originali/ds1__platsim_ar_pico_banana_9gb-V__originali__root__001538.jpg,0,0.0077473368,0,originali,ds1__platsim_ar_pico_banana_9gb-V__originali__root__001538.jpg,,,
/content/tmp_merged_datasets/merged_training_dataset/modificate/ds1__platsim_ar_pico_banana_9gb-V__modificate__root__001972.jpg,1,0.97104466,1,modificate,,ds1__platsim_ar_pico_banana_9gb-V__modificate__root__001972.jpg,,
/content/tmp_merged_datasets/merged_training_dataset/modificate/ds2__exp_3_augmented_v6.2_noK__modificate__altro__bruciato__gpt_image_1_mini__000076.jpg,1,0.9907222,1,modificate,,ds2__exp_3_augmented_v6.2_noK__modificate__altro__bruciato__gpt_image_1_mini__000076.jpg,,
/content/tmp_merged_datasets/merged_training_dataset/modificate/ds2__exp_3_augmented_v6.2_noK__modificate__burger_panino__marcio__gpt_image_1_mini__000831.jpg,1,0.9925201,1,modificate,,ds2__exp_3_augmented_v6.2_noK__modificate__burger_panino__marcio__gpt_image_1_mini__000831.jpg,,
/content/tmp_merged_datasets/merged_training_dataset/modificate/ds2__exp_3_augmented_v6.2_noK__modificate__burger_panino__crudo__gpt_image_1_mini__000695.jpg,1,0.9944056,1,modificate,,ds2__exp_3_augmented_v6.2_noK__modificate__burger_panino__crudo__gpt_image_1_mini__000695.jpg,,
/content/tmp_merged_datasets/merged_training_dataset/modificate/ds1__platsim_ar_pico_banana_9gb-V__modificate__root__001413.jpg,1,0.92606,1,modificate,,ds1__platsim_ar_pico_banana_9gb-V__modificate__root__001413.jpg,,
/content/tmp_merged_datasets/merged_training_dataset/originali/ds2__exp_3_augmented_v6.2_noK__originali__buono__altro__000019.jpg,0,0.040763486,0,originali,ds2__exp_3_augmented_v6.2_noK__originali__buono__altro__000019.jpg,,,
/content/tmp_merged_datasets/merged_training_dataset/originali/ds1__platsim_ar_pico_banana_9gb-V__originali__root__000905.jpg,0,0.90642726,1,originali,ds1__platsim_ar_pico_banana_9gb-V__originali__root__000905.jpg,,,
/content/tmp_merged_datasets/merged_training_dataset/originali/ds2__exp_3_augmented_v6.2_noK__originali__buono__pizza__000767.jpg,0,0.024587704,0,originali,ds2__exp_3_augmented_v6.2_noK__originali__buono__pizza__000767.jpg,,,
/content/tmp_merged_datasets/merged_training_dataset/originali/ds1__platsim_ar_pico_banana_9gb-V__originali__root__000292.jpg,0,0.09266851,0,originali,ds1__platsim_ar_pico_banana_9gb-V__originali__root__000292.jpg,,,
/content/tmp_merged_datasets/merged_training_dataset/modificate/ds6__whatsapp_vale_id__modificate__fritti__bruciato__gpt_image_1_5__000193.jpeg,1,0.9929912,1,modificate,,ds6__whatsapp_vale_id__modificate__fritti__bruciato__gpt_image_1_5__000193.jpeg,,
/content/tmp_merged_datasets/merged_training_dataset/originali/ds5__raw_vale_id__originali__buono__dessert__000179.jpg,0,0.009323537,0,originali,ds5__raw_vale_id__originali__buono__dessert__000179.jpg,,,
/content/tmp_merged_datasets/merged_training_dataset/modificate/ds2__exp_3_augmented_v6.2_noK__modificate__fritti__crudo__gpt_image_1_5__001452.jpg,1,0.994635,1,modificate,,ds2__exp_3_augmented_v6.2_noK__modificate__fritti__crudo__gpt_image_1_5__001452.jpg,,
/content/tmp_merged_datasets/merged_training_dataset/originali/ds5__raw_vale_id__originali__buono__carne__000143.jpg,0,0.9150834,1,originali,ds5__raw_vale_id__originali__buono__carne__000143.jpg,,,
/content/tmp_merged_datasets/merged_training_dataset/originali/ds2__exp_3_augmented_v6.2_noK__originali__cattivo__frutta_verdura__ammuffito__001228.jpg,0,0.0056324173,0,originali,ds2__exp_3_augmented_v6.2_noK__originali__cattivo__frutta_verdura__ammuffito__001228.jpg,,,
/content/tmp_merged_datasets/merged_training_dataset/originali/ds1__platsim_ar_pico_banana_9gb-V__originali__root__000743.jpg,0,0.8661512,1,originali,ds1__platsim_ar_pico_banana_9gb-V__originali__root__000743.jpg,,,
/content/tmp_merged_datasets/merged_training_dataset/originali/ds1__platsim_ar_pico_banana_9gb-V__originali__root__000884.jpg,0,0.014284693,0,originali,ds1__platsim_ar_pico_banana_9gb-V__originali__root__000884.jpg,,,
/content/tmp_merged_datasets/merged_training_dataset/originali/ds1__platsim_ar_pico_banana_9gb-V__originali__root__001604.jpg,0,0.049842786,0,originali,ds1__platsim_ar_pico_banana_9gb-V__originali__root__001604.jpg,,,
/content/tmp_merged_datasets/merged_training_dataset/originali/ds2__exp_3_augmented_v6.2_noK__originali__buono__frutta_verdura__000546.jpg,0,0.100987494,0,originali,ds2__exp_3_augmented_v6.2_noK__originali__buono__frutta_verdura__000546.jpg,,,
/content/tmp_merged_datasets/merged_training_dataset/modificate/ds2__exp_3_augmented_v6.2_noK__modificate__altro__marcio__gpt_image_1_mini__000425.jpg,1,0.98384124,1,modificate,,ds2__exp_3_augmented_v6.2_noK__modificate__altro__marcio__gpt_image_1_mini__000425.jpg,,
/content/tmp_merged_datasets/merged_training_dataset/originali/ds1__platsim_ar_pico_banana_9gb-V__originali__root__002023.jpg,0,0.018780634,0,originali,ds1__platsim_ar_pico_banana_9gb-V__originali__root__002023.jpg,,,
/content/tmp_merged_datasets/merged_training_dataset/originali/ds1__platsim_ar_pico_banana_9gb-V__originali__root__000043.jpg,0,0.01771648,0,originali,ds1__platsim_ar_pico_banana_9gb-V__originali__root__000043.jpg,,,
/content/tmp_merged_datasets/merged_training_dataset/modificate/ds1__platsim_ar_pico_banana_9gb-V__modificate__root__000892.jpg,1,0.95390725,1,modificate,,ds1__platsim_ar_pico_banana_9gb-V__modificate__root__000892.jpg,,
/content/tmp_merged_datasets/merged_training_dataset/originali/ds3__platsim_raw_vale_id__originali__buono__altro__000054.jpg,0,0.0074709225,0,originali,ds3__platsim_raw_vale_id__originali__buono__altro__000054.jpg,,,
/content/tmp_merged_datasets/merged_training_dataset/originali/ds2__exp_3_augmented_v6.2_noK__originali__buono__altro__000104.jpg,0,0.049130756,0,originali,ds2__exp_3_augmented_v6.2_noK__originali__buono__altro__000104.jpg,,,
/content/tmp_merged_datasets/merged_training_dataset/originali/ds1__platsim_ar_pico_banana_9gb-V__originali__root__001462.jpg,0,0.9478445,1,originali,ds1__platsim_ar_pico_banana_9gb-V__originali__root__001462.jpg,,,
/content/tmp_merged_datasets/merged_training_dataset/originali/ds5__raw_vale_id__originali__buono__burger_panino__000119.jpg,0,0.01899006,0,originali,ds5__raw_vale_id__originali__buono__burger_panino__000119.jpg,,,
/content/tmp_merged_datasets/merged_training_dataset/modificate/ds3__platsim_raw_vale_id__modificate__pasta__crudo__gpt_image_1_5__000554.jpg,1,0.97718096,1,modificate,,ds3__platsim_raw_vale_id__modificate__pasta__crudo__gpt_image_1_5__000554.jpg,,
/content/tmp_merged_datasets/merged_training_dataset/modificate/ds2__exp_3_augmented_v6.2_noK__modificate__carne__crudo__gpt_image_1_5__001140.jpg,1,0.99323636,1,modificate,,ds2__exp_3_augmented_v6.2_noK__modificate__carne__crudo__gpt_image_1_5__001140.jpg,,
/content/tmp_merged_datasets/merged_training_dataset/modificate/ds3__platsim_raw_vale_id__modificate__burger__panino__crudo__gpt_image_1_5__000266.jpg,1,0.9951938,1,modificate,,ds3__platsim_raw_vale_id__modificate__burger__panino__crudo__gpt_image_1_5__000266.jpg,,
/content/tmp_merged_datasets/merged_training_dataset/modificate/ds3__platsim_raw_vale_id__modificate__pasta__crudo__gpt_image_1_5__000536.jpg,1,0.96246785,1,modificate,,ds3__platsim_raw_vale_id__modificate__pasta__crudo__gpt_image_1_5__000536.jpg,,
/content/tmp_merged_datasets/merged_training_dataset/modificate/ds3__platsim_raw_vale_id__modificate__carne__crudo__gpt_image_1_5__000330.jpg,1,0.9898769,1,modificate,,ds3__platsim_raw_vale_id__modificate__carne__crudo__gpt_image_1_5__000330.jpg,,
/content/tmp_merged_datasets/merged_training_dataset/originali/ds2__exp_3_augmented_v6.2_noK__originali__cattivo__carne__bruciato__001135.jpg,0,0.016087404,0,originali,ds2__exp_3_augmented_v6.2_noK__originali__cattivo__carne__bruciato__001135.jpg,,,
/content/tmp_merged_datasets/merged_training_dataset/originali/ds1__platsim_ar_pico_banana_9gb-V__originali__root__001429.jpg,0,0.610622,1,originali,ds1__platsim_ar_pico_banana_9gb-V__originali__root__001429.jpg,,,
/content/tmp_merged_datasets/merged_training_dataset/originali/ds1__platsim_ar_pico_banana_9gb-V__originali__root__000087.jpg,0,0.0058850287,0,originali,ds1__platsim_ar_pico_banana_9gb-V__originali__root__000087.jpg,,,
/content/tmp_merged_datasets/merged_training_dataset/modificate/ds2__exp_3_augmented_v6.2_noK__modificate__pasta__crudo__gpt_image_1_5__001781.jpg,1,0.96809244,1,modificate,,ds2__exp_3_augmented_v6.2_noK__modificate__pasta__crudo__gpt_image_1_5__001781.jpg,,
/content/tmp_merged_datasets/merged_training_dataset/originali/ds1__platsim_ar_pico_banana_9gb-V__originali__root__000541.jpg,0,0.012662862,0,originali,ds1__platsim_ar_pico_banana_9gb-V__originali__root__000541.jpg,,,
/content/tmp_merged_datasets/merged_training_dataset/modificate/ds1__platsim_ar_pico_banana_9gb-V__modificate__root__000699.jpg,1,0.21721856,0,modificate,,ds1__platsim_ar_pico_banana_9gb-V__modificate__root__000699.jpg,,
/content/tmp_merged_datasets/merged_training_dataset/originali/ds1__platsim_ar_pico_banana_9gb-V__originali__root__000542.jpg,0,0.9593068,1,originali,ds1__platsim_ar_pico_banana_9gb-V__originali__root__000542.jpg,,,
/content/tmp_merged_datasets/merged_training_dataset/modificate/ds6__whatsapp_vale_id__modificate__frutta__verdura__marcio__gpt_image_1_5__000212.jpeg,1,0.9901877,1,modificate,,ds6__whatsapp_vale_id__modificate__frutta__verdura__marcio__gpt_image_1_5__000212.jpeg,,
/content/tmp_merged_datasets/merged_training_dataset/modificate/ds3__platsim_raw_vale_id__modificate__pasta__crudo__gpt_image_1_5__000523.jpg,1,0.98819613,1,modificate,,ds3__platsim_raw_vale_id__modificate__pasta__crudo__gpt_image_1_5__000523.jpg,,
/content/tmp_merged_datasets/merged_training_dataset/originali/ds1__platsim_ar_pico_banana_9gb-V__originali__root__001032.jpg,0,0.013493393,0,originali,ds1__platsim_ar_pico_banana_9gb-V__originali__root__001032.jpg,,,
/content/tmp_merged_datasets/merged_training_dataset/modificate/ds1__platsim_ar_pico_banana_9gb-V__modificate__root__001975.jpg,1,0.97976375,1,modificate,,ds1__platsim_ar_pico_banana_9gb-V__modificate__root__001975.jpg,,
/content/tmp_merged_datasets/merged_training_dataset/originali/ds3__platsim_raw_vale_id__originali__buono__carne__000159.jpg,0,0.044724435,0,originali,ds3__platsim_raw_vale_id__originali__buono__carne__000159.jpg,,,
/content/tmp_merged_datasets/merged_training_dataset/originali/ds1__platsim_ar_pico_banana_9gb-V__originali__root__001667.jpg,0,0.94917923,1,originali,ds1__platsim_ar_pico_banana_9gb-V__originali__root__001667.jpg,,,
/content/tmp_merged_datasets/merged_training_dataset/originali/ds1__platsim_ar_pico_banana_9gb-V__originali__root__001359.jpg,0,0.018806675,0,originali,ds1__platsim_ar_pico_banana_9gb-V__originali__root__001359.jpg,,,
/content/tmp_merged_datasets/merged_training_dataset/modificate/ds1__platsim_ar_pico_banana_9gb-V__modificate__root__001773.jpg,1,0.9784531,1,modificate,,ds1__platsim_ar_pico_banana_9gb-V__modificate__root__001773.jpg,,
/content/tmp_merged_datasets/merged_training_dataset/originali/ds2__exp_3_augmented_v6.2_noK__originali__cattivo__frutta_verdura__marcio__001256.jpg,0,0.03525924,0,originali,ds2__exp_3_augmented_v6.2_noK__originali__cattivo__frutta_verdura__marcio__001256.jpg,,,
/content/tmp_merged_datasets/merged_training_dataset/modificate/ds1__platsim_ar_pico_banana_9gb-V__modificate__root__000271.jpg,1,0.033612866,0,modificate,,ds1__platsim_ar_pico_banana_9gb-V__modificate__root__000271.jpg,,
/content/tmp_merged_datasets/merged_training_dataset/modificate/ds1__platsim_ar_pico_banana_9gb-V__modificate__root__001052.jpg,1,0.8139521,1,modificate,,ds1__platsim_ar_pico_banana_9gb-V__modificate__root__001052.jpg,,
/content/tmp_merged_datasets/merged_training_dataset/modificate/ds1__platsim_ar_pico_banana_9gb-V__modificate__root__000431.jpg,1,0.9703719,1,modificate,,ds1__platsim_ar_pico_banana_9gb-V__modificate__root__000431.jpg,,
/content/tmp_merged_datasets/merged_training_dataset/modificate/ds5__raw_vale_id__modificate__pizza__crudo__gpt_image_1_5__000714.jpg,1,0.09963711,0,modificate,,ds5__raw_vale_id__modificate__pizza__crudo__gpt_image_1_5__000714.jpg,,
/content/tmp_merged_datasets/merged_training_dataset/originali/ds4__platsim_whatsapp_vale_id__originali__buono__pizza__000144.jpg,0,0.9212566,1,originali,ds4__platsim_whatsapp_vale_id__originali__buono__pizza__000144.jpg,,,
/content/tmp_merged_datasets/merged_training_dataset/originali/ds5__raw_vale_id__originali__buono__altro__000036.jpg,0,0.038321536,0,originali,ds5__raw_vale_id__originali__buono__altro__000036.jpg,,,
/content/tmp_merged_datasets/merged_training_dataset/originali/ds3__platsim_raw_vale_id__originali__buono__riso_paella__000325.jpg,0,0.011001497,0,originali,ds3__platsim_raw_vale_id__originali__buono__riso_paella__000325.jpg,,,
/content/tmp_merged_datasets/merged_training_dataset/originali/ds2__exp_3_augmented_v6.2_noK__originali__buono__carne__000402.jpg,0,0.064059354,0,originali,ds2__exp_3_augmented_v6.2_noK__originali__buono__carne__000402.jpg,,,
/content/tmp_merged_datasets/merged_training_dataset/originali/ds1__platsim_ar_pico_banana_9gb-V__originali__root__001588.jpg,0,0.1667742,0,originali,ds1__platsim_ar_pico_banana_9gb-V__originali__root__001588.jpg,,,
/content/tmp_merged_datasets/merged_training_dataset/originali/ds3__platsim_raw_vale_id__originali__buono__burger_panino__000111.jpg,0,0.93899703,1,originali,ds3__platsim_raw_vale_id__originali__buono__burger_panino__000111.jpg,,,
/content/tmp_merged_datasets/merged_training_dataset/originali/ds5__raw_vale_id__originali__buono__insalata__000215.jpg,0,0.0444788,0,originali,ds5__raw_vale_id__originali__buono__insalata__000215.jpg,,,
/content/tmp_merged_datasets/merged_training_dataset/modificate/ds2__exp_3_augmented_v6.2_noK__modificate__riso_paella__marcio__gpt_image_1_5__002551.jpg,1,0.9382628,1,modificate,,ds2__exp_3_augmented_v6.2_noK__modificate__riso_paella__marcio__gpt_image_1_5__002551.jpg,,
/content/tmp_merged_datasets/merged_training_dataset/modificate/ds1__platsim_ar_pico_banana_9gb-V__modificate__root__001896.jpg,1,0.82240736,1,modificate,,ds1__platsim_ar_pico_banana_9gb-V__modificate__root__001896.jpg,,
/content/tmp_merged_datasets/merged_training_dataset/originali/ds5__raw_vale_id__originali__buono__pasta__000287.jpg,0,0.009506021,0,originali,ds5__raw_vale_id__originali__buono__pasta__000287.jpg,,,
/content/tmp_merged_datasets/merged_training_dataset/originali/ds2__exp_3_augmented_v6.2_noK__originali__buono__pizza__000780.jpg,0,0.013731313,0,originali,ds2__exp_3_augmented_v6.2_noK__originali__buono__pizza__000780.jpg,,,
/content/tmp_merged_datasets/merged_training_dataset/modificate/ds1__platsim_ar_pico_banana_9gb-V__modificate__root__000364.jpg,1,0.47574618,0,modificate,,ds1__platsim_ar_pico_banana_9gb-V__modificate__root__000364.jpg,,
/content/tmp_merged_datasets/merged_training_dataset/modificate/ds2__exp_3_augmented_v6.2_noK__modificate__pizza__bruciato__gpt_image_1_mini__002194.jpg,1,0.9932268,1,modificate,,ds2__exp_3_augmented_v6.2_noK__modificate__pizza__bruciato__gpt_image_1_mini__002194.jpg,,
/content/tmp_merged_datasets/merged_training_dataset/originali/ds1__platsim_ar_pico_banana_9gb-V__originali__root__000369.jpg,0,0.007288343,0,originali,ds1__platsim_ar_pico_banana_9gb-V__originali__root__000369.jpg,,,
/content/tmp_merged_datasets/merged_training_dataset/originali/ds1__platsim_ar_pico_banana_9gb-V__originali__root__001562.jpg,0,0.015301864,0,originali,ds1__platsim_ar_pico_banana_9gb-V__originali__root__001562.jpg,,,
/content/tmp_merged_datasets/merged_training_dataset/modificate/ds3__platsim_raw_vale_id__modificate__dessert__crudo__gpt_image_1_5__000408.jpg,1,0.8790593,1,modificate,,ds3__platsim_raw_vale_id__modificate__dessert__crudo__gpt_image_1_5__000408.jpg,,
/content/tmp_merged_datasets/merged_training_dataset/originali/ds1__platsim_ar_pico_banana_9gb-V__originali__root__000896.jpg,0,0.8893746,1,originali,ds1__platsim_ar_pico_banana_9gb-V__originali__root__000896.jpg,,,
/content/tmp_merged_datasets/merged_training_dataset/modificate/ds2__exp_3_augmented_v6.2_noK__modificate__dessert__marcio__gpt_image_1_5__001361.jpg,1,0.994764,1,modificate,,ds2__exp_3_augmented_v6.2_noK__modificate__dessert__marcio__gpt_image_1_5__001361.jpg,,
/content/tmp_merged_datasets/merged_training_dataset/modificate/ds5__raw_vale_id__modificate__dessert__insetti__gpt_image_1_mini__000416.jpg,1,0.9767644,1,modificate,,ds5__raw_vale_id__modificate__dessert__insetti__gpt_image_1_mini__000416.jpg,,
/content/tmp_merged_datasets/merged_training_dataset/originali/ds3__platsim_raw_vale_id__originali__buono__altro__000079.jpg,0,0.98776615,1,originali,ds3__platsim_raw_vale_id__originali__buono__altro__000079.jpg,,,
/content/tmp_merged_datasets/merged_training_dataset/originali/ds1__platsim_ar_pico_banana_9gb-V__originali__root__002280.jpg,0,0.038863517,0,originali,ds1__platsim_ar_pico_banana_9gb-V__originali__root__002280.jpg,,,
/content/tmp_merged_datasets/merged_training_dataset/originali/ds2__exp_3_augmented_v6.2_noK__originali__cattivo__pizza__bruciato__001389.jpg,0,0.007892743,0,originali,ds2__exp_3_augmented_v6.2_noK__originali__cattivo__pizza__bruciato__001389.jpg,,,
/content/tmp_merged_datasets/merged_training_dataset/modificate/ds2__exp_3_augmented_v6.2_noK__modificate__riso_paella__bruciato__gpt_image_1_5__002349.jpg,1,0.9950955,1,modificate,,ds2__exp_3_augmented_v6.2_noK__modificate__riso_paella__bruciato__gpt_image_1_5__002349.jpg,,
/content/tmp_merged_datasets/merged_training_dataset/modificate/ds2__exp_3_augmented_v6.2_noK__modificate__frutta_verdura__crudo__gpt_image_1_5__001556.jpg,1,0.9771681,1,modificate,,ds2__exp_3_augmented_v6.2_noK__modificate__frutta_verdura__crudo__gpt_image_1_5__001556.jpg,,
/content/tmp_merged_datasets/merged_training_dataset/modificate/ds5__raw_vale_id__modificate__carne__crudo__gpt_image_1_5__000354.jpg,1,0.9941288,1,modificate,,ds5__raw_vale_id__modificate__carne__crudo__gpt_image_1_5__000354.jpg,,
/content/tmp_merged_datasets/merged_training_dataset/originali/ds2__exp_3_augmented_v6.2_noK__originali__buono__altro__000062.jpg,0,0.00697139,0,originali,ds2__exp_3_augmented_v6.2_noK__originali__buono__altro__000062.jpg,,,
/content/tmp_merged_datasets/merged_training_dataset/modificate/ds1__platsim_ar_pico_banana_9gb-V__modificate__root__001111.jpg,1,0.96384054,1,modificate,,ds1__platsim_ar_pico_banana_9gb-V__modificate__root__001111.jpg,,
/content/tmp_merged_datasets/merged_training_dataset/originali/ds1__platsim_ar_pico_banana_9gb-V__originali__root__002470.jpg,0,0.013875027,0,originali,ds1__platsim_ar_pico_banana_9gb-V__originali__root__002470.jpg,,,
/content/tmp_merged_datasets/merged_training_dataset/modificate/ds1__platsim_ar_pico_banana_9gb-V__modificate__root__000738.jpg,1,0.9425525,1,modificate,,ds1__platsim_ar_pico_banana_9gb-V__modificate__root__000738.jpg,,
/content/tmp_merged_datasets/merged_training_dataset/originali/ds3__platsim_raw_vale_id__originali__buono__pasta__000258.jpg,0,0.029237675,0,originali,ds3__platsim_raw_vale_id__originali__buono__pasta__000258.jpg,,,
/content/tmp_merged_datasets/merged_training_dataset/originali/ds3__platsim_raw_vale_id__originali__buono__pasta__000226.jpg,0,0.087347515,0,originali,ds3__platsim_raw_vale_id__originali__buono__pasta__000226.jpg,,,
/content/tmp_merged_datasets/merged_training_dataset/originali/ds1__platsim_ar_pico_banana_9gb-V__originali__root__001502.jpg,0,0.8060604,1,originali,ds1__platsim_ar_pico_banana_9gb-V__originali__root__001502.jpg,,,
/content/tmp_merged_datasets/merged_training_dataset/modificate/ds2__exp_3_augmented_v6.2_noK__modificate__carne__bruciato__gpt_image_1_mini__001028.jpg,1,0.99820375,1,modificate,,ds2__exp_3_augmented_v6.2_noK__modificate__carne__bruciato__gpt_image_1_mini__001028.jpg,,
/content/tmp_merged_datasets/merged_training_dataset/modificate/ds1__platsim_ar_pico_banana_9gb-V__modificate__root__000755.jpg,1,0.92881215,1,modificate,,ds1__platsim_ar_pico_banana_9gb-V__modificate__root__000755.jpg,,
/content/tmp_merged_datasets/merged_training_dataset/modificate/ds5__raw_vale_id__modificate__carne__bruciato__gpt_image_1_5__000298.jpg,1,0.99608505,1,modificate,,ds5__raw_vale_id__modificate__carne__bruciato__gpt_image_1_5__000298.jpg,,
/content/tmp_merged_datasets/merged_training_dataset/modificate/ds5__raw_vale_id__modificate__riso__paella__bruciato__gpt_image_1_5__000753.jpg,1,0.98966753,1,modificate,,ds5__raw_vale_id__modificate__riso__paella__bruciato__gpt_image_1_5__000753.jpg,,
/content/tmp_merged_datasets/merged_training_dataset/modificate/ds5__raw_vale_id__modificate__riso__paella__crudo__gpt_image_1_5__000794.jpg,1,0.07133327,0,modificate,,ds5__raw_vale_id__modificate__riso__paella__crudo__gpt_image_1_5__000794.jpg,,
/content/tmp_merged_datasets/merged_training_dataset/modificate/ds1__platsim_ar_pico_banana_9gb-V__modificate__root__001022.jpg,1,0.98821217,1,modificate,,ds1__platsim_ar_pico_banana_9gb-V__modificate__root__001022.jpg,,
/content/tmp_merged_datasets/merged_training_dataset/modificate/ds2__exp_3_augmented_v6.2_noK__modificate__riso_paella__bruciato__gpt_image_1_5__002375.jpg,1,0.99743384,1,modificate,,ds2__exp_3_augmented_v6.2_noK__modificate__riso_paella__bruciato__gpt_image_1_5__002375.jpg,,
/content/tmp_merged_datasets/merged_training_dataset/modificate/ds5__raw_vale_id__modificate__altro__crudo__gpt_image_1_5__000075.jpg,1,0.64773786,1,modificate,,ds5__raw_vale_id__modificate__altro__crudo__gpt_image_1_5__000075.jpg,,
/content/tmp_merged_datasets/merged_training_dataset/originali/ds4__platsim_whatsapp_vale_id__originali__buono__dessert__000078.jpg,0,0.013916661,0,originali,ds4__platsim_whatsapp_vale_id__originali__buono__dessert__000078.jpg,,,
/content/tmp_merged_datasets/merged_training_dataset/originali/ds6__whatsapp_vale_id__originali__buono__carne__000057.jpeg,0,0.85565877,1,originali,ds6__whatsapp_vale_id__originali__buono__carne__000057.jpeg,,,
/content/tmp_merged_datasets/merged_training_dataset/modificate/ds6__whatsapp_vale_id__modificate__riso__paella__crudo__gpt_image_1_mini__000386.jpg,1,0.9928349,1,modificate,,ds6__whatsapp_vale_id__modificate__riso__paella__crudo__gpt_image_1_mini__000386.jpg,,
/content/tmp_merged_datasets/merged_training_dataset/originali/ds1__platsim_ar_pico_banana_9gb-V__originali__root__000805.jpg,0,0.26926672,0,originali,ds1__platsim_ar_pico_banana_9gb-V__originali__root__000805.jpg,,,
/content/tmp_merged_datasets/merged_training_dataset/modificate/ds3__platsim_raw_vale_id__modificate__altro__bruciato__gpt_image_1_5__000013.jpg,1,0.99577576,1,modificate,,ds3__platsim_raw_vale_id__modificate__altro__bruciato__gpt_image_1_5__000013.jpg,,
/content/tmp_merged_datasets/merged_training_dataset/originali/ds1__platsim_ar_pico_banana_9gb-V__originali__root__001691.jpg,0,0.9436179,1,originali,ds1__platsim_ar_pico_banana_9gb-V__originali__root__001691.jpg,,,
/content/tmp_merged_datasets/merged_training_dataset/modificate/ds1__platsim_ar_pico_banana_9gb-V__modificate__root__000327.jpg,1,0.9538486,1,modificate,,ds1__platsim_ar_pico_banana_9gb-V__modificate__root__000327.jpg,,
/content/tmp_merged_datasets/merged_training_dataset/originali/ds2__exp_3_augmented_v6.2_noK__originali__buono__altro__000015.jpg,0,0.009569259,0,originali,ds2__exp_3_augmented_v6.2_noK__originali__buono__altro__000015.jpg,,,
/content/tmp_merged_datasets/merged_training_dataset/originali/ds2__exp_3_augmented_v6.2_noK__originali__buono__pasta__000641.jpg,0,0.01591185,0,originali,ds2__exp_3_augmented_v6.2_noK__originali__buono__pasta__000641.jpg,,,
/content/tmp_merged_datasets/merged_training_dataset/modificate/ds2__exp_3_augmented_v6.2_noK__modificate__altro__marcio__gpt_image_1_5__000391.jpg,1,0.8602249,1,modificate,,ds2__exp_3_augmented_v6.2_noK__modificate__altro__marcio__gpt_image_1_5__000391.jpg,,
/content/tmp_merged_datasets/merged_training_dataset/modificate/ds4__platsim_whatsapp_vale_id__modificate__altro__marcio__gpt_image_1_5__000047.jpg,1,0.9793072,1,modificate,,ds4__platsim_whatsapp_vale_id__modificate__altro__marcio__gpt_image_1_5__000047.jpg,,
/content/tmp_merged_datasets/merged_training_dataset/originali/ds1__platsim_ar_pico_banana_9gb-V__originali__root__000430.jpg,0,0.7690085,1,originali,ds1__platsim_ar_pico_banana_9gb-V__originali__root__000430.jpg,,,
/content/tmp_merged_datasets/merged_training_dataset/originali/ds1__platsim_ar_pico_banana_9gb-V__originali__root__002388.jpg,0,0.01127306,0,originali,ds1__platsim_ar_pico_banana_9gb-V__originali__root__002388.jpg,,,
/content/tmp_merged_datasets/merged_training_dataset/modificate/ds3__platsim_raw_vale_id__modificate__poke__insetti__gpt_image_1_5__000735.jpg,1,0.97776103,1,modificate,,ds3__platsim_raw_vale_id__modificate__poke__insetti__gpt_image_1_5__000735.jpg,,
/content/tmp_merged_datasets/merged_training_dataset/modificate/ds1__platsim_ar_pico_banana_9gb-V__modificate__root__000036.jpg,1,0.9134919,1,modificate,,ds1__platsim_ar_pico_banana_9gb-V__modificate__root__000036.jpg,,
/content/tmp_merged_datasets/merged_training_dataset/originali/ds2__exp_3_augmented_v6.2_noK__originali__buono__pizza__000787.jpg,0,0.0104762465,0,originali,ds2__exp_3_augmented_v6.2_noK__originali__buono__pizza__000787.jpg,,,
/content/tmp_merged_datasets/merged_training_dataset/originali/ds1__platsim_ar_pico_banana_9gb-V__originali__root__000018.jpg,0,0.9971366,1,originali,ds1__platsim_ar_pico_banana_9gb-V__originali__root__000018.jpg,,,
/content/tmp_merged_datasets/merged_training_dataset/modificate/ds2__exp_3_augmented_v6.2_noK__modificate__carne__crudo__gpt_image_1_mini__001196.jpg,1,0.99477756,1,modificate,,ds2__exp_3_augmented_v6.2_noK__modificate__carne__crudo__gpt_image_1_mini__001196.jpg,,
/content/tmp_merged_datasets/merged_training_dataset/modificate/ds1__platsim_ar_pico_banana_9gb-V__modificate__root__001350.jpg,1,0.97325706,1,modificate,,ds1__platsim_ar_pico_banana_9gb-V__modificate__root__001350.jpg,,
/content/tmp_merged_datasets/merged_training_dataset/originali/ds1__platsim_ar_pico_banana_9gb-V__originali__root__000428.jpg,0,0.918117,1,originali,ds1__platsim_ar_pico_banana_9gb-V__originali__root__000428.jpg,,,
/content/tmp_merged_datasets/merged_training_dataset/modificate/ds2__exp_3_augmented_v6.2_noK__modificate__altro__bruciato__gpt_image_1_mini__000138.jpg,1,0.9987412,1,modificate,,ds2__exp_3_augmented_v6.2_noK__modificate__altro__bruciato__gpt_image_1_mini__000138.jpg,,
/content/tmp_merged_datasets/merged_training_dataset/modificate/ds1__platsim_ar_pico_banana_9gb-V__modificate__root__000517.jpg,1,0.9366713,1,modificate,,ds1__platsim_ar_pico_banana_9gb-V__modificate__root__000517.jpg,,
/content/tmp_merged_datasets/merged_training_dataset/modificate/ds3__platsim_raw_vale_id__modificate__pasta__crudo__gpt_image_1_5__000535.jpg,1,0.98470104,1,modificate,,ds3__platsim_raw_vale_id__modificate__pasta__crudo__gpt_image_1_5__000535.jpg,,
/content/tmp_merged_datasets/merged_training_dataset/originali/ds4__platsim_whatsapp_vale_id__originali__buono__altro__000026.jpg,0,0.12347147,0,originali,ds4__platsim_whatsapp_vale_id__originali__buono__altro__000026.jpg,,,
/content/tmp_merged_datasets/merged_training_dataset/modificate/ds5__raw_vale_id__modificate__altro__insetti__gpt_image_1_mini__000119.jpg,1,0.978868,1,modificate,,ds5__raw_vale_id__modificate__altro__insetti__gpt_image_1_mini__000119.jpg,,
/content/tmp_merged_datasets/merged_training_dataset/originali/ds1__platsim_ar_pico_banana_9gb-V__originali__root__000824.jpg,0,0.0060458914,0,originali,ds1__platsim_ar_pico_banana_9gb-V__originali__root__000824.jpg,,,
/content/tmp_merged_datasets/merged_training_dataset/modificate/ds1__platsim_ar_pico_banana_9gb-V__modificate__root__001340.jpg,1,0.8768903,1,modificate,,ds1__platsim_ar_pico_banana_9gb-V__modificate__root__001340.jpg,,
/content/tmp_merged_datasets/merged_training_dataset/modificate/ds2__exp_3_augmented_v6.2_noK__modificate__carne__bruciato__gpt_image_1_mini__001045.jpg,1,0.9942749,1,modificate,,ds2__exp_3_augmented_v6.2_noK__modificate__carne__bruciato__gpt_image_1_mini__001045.jpg,,
/content/tmp_merged_datasets/merged_training_dataset/modificate/ds2__exp_3_augmented_v6.2_noK__modificate__altro__crudo__gpt_image_1_5__000211.jpg,1,0.95758146,1,modificate,,ds2__exp_3_augmented_v6.2_noK__modificate__altro__crudo__gpt_image_1_5__000211.jpg,,
/content/tmp_merged_datasets/merged_training_dataset/modificate/ds2__exp_3_augmented_v6.2_noK__modificate__carne__bruciato__gpt_image_1_mini__001067.jpg,1,0.9963236,1,modificate,,ds2__exp_3_augmented_v6.2_noK__modificate__carne__bruciato__gpt_image_1_mini__001067.jpg,,
/content/tmp_merged_datasets/merged_training_dataset/modificate/ds4__platsim_whatsapp_vale_id__modificate__dessert__bruciato__gpt_image_1_5__000154.jpg,1,0.012557053,0,modificate,,ds4__platsim_whatsapp_vale_id__modificate__dessert__bruciato__gpt_image_1_5__000154.jpg,,
/content/tmp_merged_datasets/merged_training_dataset/modificate/ds2__exp_3_augmented_v6.2_noK__modificate__frutta_verdura__insetti__gpt_image_1_mini__001604.jpg,1,0.9863782,1,modificate,,ds2__exp_3_augmented_v6.2_noK__modificate__frutta_verdura__insetti__gpt_image_1_mini__001604.jpg,,
/content/tmp_merged_datasets/merged_training_dataset/modificate/ds3__platsim_raw_vale_id__modificate__pizza__crudo__gpt_image_1_5__000712.jpg,1,0.04331528,0,modificate,,ds3__platsim_raw_vale_id__modificate__pizza__crudo__gpt_image_1_5__000712.jpg,,
/content/tmp_merged_datasets/merged_training_dataset/originali/ds1__platsim_ar_pico_banana_9gb-V__originali__root__001766.jpg,0,0.016459111,0,originali,ds1__platsim_ar_pico_banana_9gb-V__originali__root__001766.jpg,,,
/content/tmp_merged_datasets/merged_training_dataset/modificate/ds6__whatsapp_vale_id__modificate__sushi__marcio__gpt_image_1_5__000409.jpg,1,0.9699644,1,modificate,,ds6__whatsapp_vale_id__modificate__sushi__marcio__gpt_image_1_5__000409.jpg,,
/content/tmp_merged_datasets/merged_training_dataset/modificate/ds1__platsim_ar_pico_banana_9gb-V__modificate__root__001062.jpg,1,0.9271024,1,modificate,,ds1__platsim_ar_pico_banana_9gb-V__modificate__root__001062.jpg,,
/content/tmp_merged_datasets/merged_training_dataset/modificate/ds3__platsim_raw_vale_id__modificate__altro__insetti__gpt_image_1_mini__000124.jpg,1,0.98865056,1,modificate,,ds3__platsim_raw_vale_id__modificate__altro__insetti__gpt_image_1_mini__000124.jpg,,
/content/tmp_merged_datasets/merged_training_dataset/originali/ds5__raw_vale_id__originali__buono__carne__000138.jpg,0,0.44447836,0,originali,ds5__raw_vale_id__originali__buono__carne__000138.jpg,,,
/content/tmp_merged_datasets/merged_training_dataset/originali/ds1__platsim_ar_pico_banana_9gb-V__originali__root__002299.jpg,0,0.012276988,0,originali,ds1__platsim_ar_pico_banana_9gb-V__originali__root__002299.jpg,,,
/content/tmp_merged_datasets/merged_training_dataset/modificate/ds2__exp_3_augmented_v6.2_noK__modificate__burger_panino__crudo__gpt_image_1_mini__000780.jpg,1,0.9769917,1,modificate,,ds2__exp_3_augmented_v6.2_noK__modificate__burger_panino__crudo__gpt_image_1_mini__000780.jpg,,
/content/tmp_merged_datasets/merged_training_dataset/modificate/ds2__exp_3_augmented_v6.2_noK__modificate__burger_panino__crudo__gpt_image_1_5__000645.jpg,1,0.99251175,1,modificate,,ds2__exp_3_augmented_v6.2_noK__modificate__burger_panino__crudo__gpt_image_1_5__000645.jpg,,
/content/tmp_merged_datasets/merged_training_dataset/originali/ds1__platsim_ar_pico_banana_9gb-V__originali__root__001530.jpg,0,0.84402734,1,originali,ds1__platsim_ar_pico_banana_9gb-V__originali__root__001530.jpg,,,
/content/tmp_merged_datasets/merged_training_dataset/modificate/ds1__platsim_ar_pico_banana_9gb-V__modificate__root__002177.jpg,1,0.6151296,1,modificate,,ds1__platsim_ar_pico_banana_9gb-V__modificate__root__002177.jpg,,
/content/tmp_merged_datasets/merged_training_dataset/modificate/ds3__platsim_raw_vale_id__modificate__burger__panino__crudo__gpt_image_1_5__000258.jpg,1,0.9928364,1,modificate,,ds3__platsim_raw_vale_id__modificate__burger__panino__crudo__gpt_image_1_5__000258.jpg,,
/content/tmp_merged_datasets/merged_training_dataset/originali/ds1__platsim_ar_pico_banana_9gb-V__originali__root__001078.jpg,0,0.052113913,0,originali,ds1__platsim_ar_pico_banana_9gb-V__originali__root__001078.jpg,,,
/content/tmp_merged_datasets/merged_training_dataset/originali/ds1__platsim_ar_pico_banana_9gb-V__originali__root__000910.jpg,0,0.3632049,0,originali,ds1__platsim_ar_pico_banana_9gb-V__originali__root__000910.jpg,,,
/content/tmp_merged_datasets/merged_training_dataset/modificate/ds2__exp_3_augmented_v6.2_noK__modificate__burger_panino__crudo__gpt_image_1_mini__000689.jpg,1,0.9948618,1,modificate,,ds2__exp_3_augmented_v6.2_noK__modificate__burger_panino__crudo__gpt_image_1_mini__000689.jpg,,
/content/tmp_merged_datasets/merged_training_dataset/originali/ds1__platsim_ar_pico_banana_9gb-V__originali__root__002407.jpg,0,0.0044270116,0,originali,ds1__platsim_ar_pico_banana_9gb-V__originali__root__002407.jpg,,,
/content/tmp_merged_datasets/merged_training_dataset/modificate/ds4__platsim_whatsapp_vale_id__modificate__pasta__marcio__gpt_image_1_mini__000296.jpg,1,0.98490715,1,modificate,,ds4__platsim_whatsapp_vale_id__modificate__pasta__marcio__gpt_image_1_mini__000296.jpg,,
/content/tmp_merged_datasets/merged_training_dataset/modificate/ds2__exp_3_augmented_v6.2_noK__modificate__patatine__bruciato__gpt_image_1_mini__002084.jpg,1,0.997033,1,modificate,,ds2__exp_3_augmented_v6.2_noK__modificate__patatine__bruciato__gpt_image_1_mini__002084.jpg,,
/content/tmp_merged_datasets/merged_training_dataset/modificate/ds1__platsim_ar_pico_banana_9gb-V__modificate__root__001027.jpg,1,0.08749065,0,modificate,,ds1__platsim_ar_pico_banana_9gb-V__modificate__root__001027.jpg,,
/content/tmp_merged_datasets/merged_training_dataset/modificate/ds5__raw_vale_id__modificate__carne__crudo__gpt_image_1_5__000348.jpg,1,0.9942537,1,modificate,,ds5__raw_vale_id__modificate__carne__crudo__gpt_image_1_5__000348.jpg,,
/content/tmp_merged_datasets/merged_training_dataset/modificate/ds1__platsim_ar_pico_banana_9gb-V__modificate__root__002233.jpg,1,0.38818595,0,modificate,,ds1__platsim_ar_pico_banana_9gb-V__modificate__root__002233.jpg,,
/content/tmp_merged_datasets/merged_training_dataset/modificate/ds2__exp_3_augmented_v6.2_noK__modificate__riso_paella__crudo__gpt_image_1_mini__002526.jpg,1,0.98311675,1,modificate,,ds2__exp_3_augmented_v6.2_noK__modificate__riso_paella__crudo__gpt_image_1_mini__002526.jpg,,
/content/tmp_merged_datasets/merged_training_dataset/originali/ds2__exp_3_augmented_v6.2_noK__originali__buono__carne__000409.jpg,0,0.01683103,0,originali,ds2__exp_3_augmented_v6.2_noK__originali__buono__carne__000409.jpg,,,
/content/tmp_merged_datasets/merged_training_dataset/originali/ds1__platsim_ar_pico_banana_9gb-V__originali__root__002418.jpg,0,0.015825355,0,originali,ds1__platsim_ar_pico_banana_9gb-V__originali__root__002418.jpg,,,
/content/tmp_merged_datasets/merged_training_dataset/originali/ds5__raw_vale_id__originali__buono__altro__000043.jpg,0,0.006778914,0,originali,ds5__raw_vale_id__originali__buono__altro__000043.jpg,,,
/content/tmp_merged_datasets/merged_training_dataset/originali/ds1__platsim_ar_pico_banana_9gb-V__originali__root__001559.jpg,0,0.011306784,0,originali,ds1__platsim_ar_pico_banana_9gb-V__originali__root__001559.jpg,,,
/content/tmp_merged_datasets/merged_training_dataset/modificate/ds6__whatsapp_vale_id__modificate__pasta__marcio__gpt_image_1_mini__000299.jpeg,1,0.9503137,1,modificate,,ds6__whatsapp_vale_id__modificate__pasta__marcio__gpt_image_1_mini__000299.jpeg,,
/content/tmp_merged_datasets/merged_training_dataset/originali/ds5__raw_vale_id__originali__buono__carne__000161.jpg,0,0.04231125,0,originali,ds5__raw_vale_id__originali__buono__carne__000161.jpg,,,
/content/tmp_merged_datasets/merged_training_dataset/modificate/ds2__exp_3_augmented_v6.2_noK__modificate__riso_paella__bruciato__gpt_image_1_mini__002393.jpg,1,0.99386215,1,modificate,,ds2__exp_3_augmented_v6.2_noK__modificate__riso_paella__bruciato__gpt_image_1_mini__002393.jpg,,
/content/tmp_merged_datasets/merged_training_dataset/modificate/ds1__platsim_ar_pico_banana_9gb-V__modificate__root__000803.jpg,1,0.9686309,1,modificate,,ds1__platsim_ar_pico_banana_9gb-V__modificate__root__000803.jpg,,
/content/tmp_merged_datasets/merged_training_dataset/modificate/ds2__exp_3_augmented_v6.2_noK__modificate__frutta_verdura__marcio__gpt_image_1_5__001632.jpg,1,0.99122685,1,modificate,,ds2__exp_3_augmented_v6.2_noK__modificate__frutta_verdura__marcio__gpt_image_1_5__001632.jpg,,
/content/tmp_merged_datasets/merged_training_dataset/modificate/ds5__raw_vale_id__modificate__pizza__bruciato__gpt_image_1_5__000690.jpg,1,0.9396821,1,modificate,,ds5__raw_vale_id__modificate__pizza__bruciato__gpt_image_1_5__000690.jpg,,
/content/tmp_merged_datasets/merged_training_dataset/originali/ds1__platsim_ar_pico_banana_9gb-V__originali__root__000243.jpg,0,0.94293326,1,originali,ds1__platsim_ar_pico_banana_9gb-V__originali__root__000243.jpg,,,
/content/tmp_merged_datasets/merged_training_dataset/modificate/ds2__exp_3_augmented_v6.2_noK__modificate__pizza__crudo__gpt_image_1_mini__002292.jpg,1,0.9905778,1,modificate,,ds2__exp_3_augmented_v6.2_noK__modificate__pizza__crudo__gpt_image_1_mini__002292.jpg,,
/content/tmp_merged_datasets/merged_training_dataset/modificate/ds3__platsim_raw_vale_id__modificate__pizza__crudo__gpt_image_1_5__000713.jpg,1,0.9839504,1,modificate,,ds3__platsim_raw_vale_id__modificate__pizza__crudo__gpt_image_1_5__000713.jpg,,
/content/tmp_merged_datasets/merged_training_dataset/modificate/ds2__exp_3_augmented_v6.2_noK__modificate__altro__insetti__gpt_image_1_mini__000326.jpg,1,0.98757184,1,modificate,,ds2__exp_3_augmented_v6.2_noK__modificate__altro__insetti__gpt_image_1_mini__000326.jpg,,
/content/tmp_merged_datasets/merged_training_dataset/originali/ds3__platsim_raw_vale_id__originali__buono__riso_paella__000344.jpg,0,0.03240629,0,originali,ds3__platsim_raw_vale_id__originali__buono__riso_paella__000344.jpg,,,
/content/tmp_merged_datasets/merged_training_dataset/originali/ds2__exp_3_augmented_v6.2_noK__originali__buono__insalata__000596.jpg,0,0.018837932,0,originali,ds2__exp_3_augmented_v6.2_noK__originali__buono__insalata__000596.jpg,,,
/content/tmp_merged_datasets/merged_training_dataset/modificate/ds1__platsim_ar_pico_banana_9gb-V__modificate__root__000415.jpg,1,0.97925925,1,modificate,,ds1__platsim_ar_pico_banana_9gb-V__modificate__root__000415.jpg,,
/content/tmp_merged_datasets/merged_training_dataset/modificate/ds2__exp_3_augmented_v6.2_noK__modificate__pizza__crudo__gpt_image_1_5__002243.jpg,1,0.9902986,1,modificate,,ds2__exp_3_augmented_v6.2_noK__modificate__pizza__crudo__gpt_image_1_5__002243.jpg,,
/content/tmp_merged_datasets/merged_training_dataset/originali/ds1__platsim_ar_pico_banana_9gb-V__originali__root__001472.jpg,0,0.97191745,1,originali,ds1__platsim_ar_pico_banana_9gb-V__originali__root__001472.jpg,,,
/content/tmp_merged_datasets/merged_training_dataset/originali/ds1__platsim_ar_pico_banana_9gb-V__originali__root__000373.jpg,0,0.011850184,0,originali,ds1__platsim_ar_pico_banana_9gb-V__originali__root__000373.jpg,,,
/content/tmp_merged_datasets/merged_training_dataset/originali/ds2__exp_3_augmented_v6.2_noK__originali__cattivo__frutta_verdura__ammuffito__001201.jpg,0,0.028155893,0,originali,ds2__exp_3_augmented_v6.2_noK__originali__cattivo__frutta_verdura__ammuffito__001201.jpg,,,
/content/tmp_merged_datasets/merged_training_dataset/modificate/ds2__exp_3_augmented_v6.2_noK__modificate__sushi__crudo__gpt_image_1_mini__002576.jpg,1,0.9902671,1,modificate,,ds2__exp_3_augmented_v6.2_noK__modificate__sushi__crudo__gpt_image_1_mini__002576.jpg,,
/content/tmp_merged_datasets/merged_training_dataset/modificate/ds1__platsim_ar_pico_banana_9gb-V__modificate__root__002076.jpg,1,0.8679344,1,modificate,,ds1__platsim_ar_pico_banana_9gb-V__modificate__root__002076.jpg,,
/content/tmp_merged_datasets/merged_training_dataset/modificate/ds2__exp_3_augmented_v6.2_noK__modificate__carne__crudo__gpt_image_1_5__001171.jpg,1,0.9951873,1,modificate,,ds2__exp_3_augmented_v6.2_noK__modificate__carne__crudo__gpt_image_1_5__001171.jpg,,
/content/tmp_merged_datasets/merged_training_dataset/modificate/ds3__platsim_raw_vale_id__modificate__sushi__insetti__gpt_image_1_5__000835.jpg,1,0.964173,1,modificate,,ds3__platsim_raw_vale_id__modificate__sushi__insetti__gpt_image_1_5__000835.jpg,,
/content/tmp_merged_datasets/merged_training_dataset/originali/ds2__exp_3_augmented_v6.2_noK__originali__buono__pizza__000777.jpg,0,0.014263372,0,originali,ds2__exp_3_augmented_v6.2_noK__originali__buono__pizza__000777.jpg,,,
/content/tmp_merged_datasets/merged_training_dataset/originali/ds3__platsim_raw_vale_id__originali__buono__altro__000013.jpg,0,0.9402629,1,originali,ds3__platsim_raw_vale_id__originali__buono__altro__000013.jpg,,,
/content/tmp_merged_datasets/merged_training_dataset/modificate/ds6__whatsapp_vale_id__modificate__altro__marcio__gpt_image_1_5__000062.jpg,1,0.9900468,1,modificate,,ds6__whatsapp_vale_id__modificate__altro__marcio__gpt_image_1_5__000062.jpg,,
/content/tmp_merged_datasets/merged_training_dataset/originali/ds6__whatsapp_vale_id__originali__buono__carne__000050.jpeg,0,0.011645687,0,originali,ds6__whatsapp_vale_id__originali__buono__carne__000050.jpeg,,,
/content/tmp_merged_datasets/merged_training_dataset/modificate/ds3__platsim_raw_vale_id__modificate__altro__bruciato__gpt_image_1_5__000009.jpg,1,0.8909328,1,modificate,,ds3__platsim_raw_vale_id__modificate__altro__bruciato__gpt_image_1_5__000009.jpg,,
/content/tmp_merged_datasets/merged_training_dataset/modificate/ds1__platsim_ar_pico_banana_9gb-V__modificate__root__002353.jpg,1,0.9674165,1,modificate,,ds1__platsim_ar_pico_banana_9gb-V__modificate__root__002353.jpg,,
/content/tmp_merged_datasets/merged_training_dataset/originali/ds5__raw_vale_id__originali__buono__burger_panino__000129.jpg,0,0.034021866,0,originali,ds5__raw_vale_id__originali__buono__burger_panino__000129.jpg,,,
/content/tmp_merged_datasets/merged_training_dataset/modificate/ds6__whatsapp_vale_id__modificate__pasta__ammuffito__gpt_image_1_mini__000226.jpeg,1,0.9526609,1,modificate,,ds6__whatsapp_vale_id__modificate__pasta__ammuffito__gpt_image_1_mini__000226.jpeg,,
/content/tmp_merged_datasets/merged_training_dataset/modificate/ds5__raw_vale_id__modificate__altro__marcio__gpt_image_1_5__000175.jpg,1,0.96428007,1,modificate,,ds5__raw_vale_id__modificate__altro__marcio__gpt_image_1_5__000175.jpg,,
/content/tmp_merged_datasets/merged_training_dataset/modificate/ds2__exp_3_augmented_v6.2_noK__modificate__burger_panino__marcio__gpt_image_1_mini__000817.jpg,1,0.99622405,1,modificate,,ds2__exp_3_augmented_v6.2_noK__modificate__burger_panino__marcio__gpt_image_1_mini__000817.jpg,,
/content/tmp_merged_datasets/merged_training_dataset/modificate/ds2__exp_3_augmented_v6.2_noK__modificate__sushi__insetti__gpt_image_1_5__002589.jpg,1,0.94767535,1,modificate,,ds2__exp_3_augmented_v6.2_noK__modificate__sushi__insetti__gpt_image_1_5__002589.jpg,,
/content/tmp_merged_datasets/merged_training_dataset/modificate/ds5__raw_vale_id__modificate__altro__insetti__gpt_image_1_5__000095.jpg,1,0.87062407,1,modificate,,ds5__raw_vale_id__modificate__altro__insetti__gpt_image_1_5__000095.jpg,,
/content/tmp_merged_datasets/merged_training_dataset/modificate/ds4__platsim_whatsapp_vale_id__modificate__frutta__verdura__ammuffito__gpt_image_1_5__000208.jpg,1,0.986007,1,modificate,,ds4__platsim_whatsapp_vale_id__modificate__frutta__verdura__ammuffito__gpt_image_1_5__000208.jpg,,
/content/tmp_merged_datasets/merged_training_dataset/modificate/ds1__platsim_ar_pico_banana_9gb-V__modificate__root__002429.jpg,1,0.9478105,1,modificate,,ds1__platsim_ar_pico_banana_9gb-V__modificate__root__002429.jpg,,
/content/tmp_merged_datasets/merged_training_dataset/modificate/ds1__platsim_ar_pico_banana_9gb-V__modificate__root__001449.jpg,1,0.09708919,0,modificate,,ds1__platsim_ar_pico_banana_9gb-V__modificate__root__001449.jpg,,
/content/tmp_merged_datasets/merged_training_dataset/modificate/ds6__whatsapp_vale_id__modificate__burger__panino__marcio__gpt_image_1_5__000084.jpeg,1,0.9945374,1,modificate,,ds6__whatsapp_vale_id__modificate__burger__panino__marcio__gpt_image_1_5__000084.jpeg,,
/content/tmp_merged_datasets/merged_training_dataset/originali/ds2__exp_3_augmented_v6.2_noK__originali__cattivo__pizza__bruciato__001419.jpg,0,0.011256192,0,originali,ds2__exp_3_augmented_v6.2_noK__originali__cattivo__pizza__bruciato__001419.jpg,,,
/content/tmp_merged_datasets/merged_training_dataset/modificate/ds5__raw_vale_id__modificate__altro__marcio__gpt_image_1_5__000182.jpg,1,0.96399796,1,modificate,,ds5__raw_vale_id__modificate__altro__marcio__gpt_image_1_5__000182.jpg,,
/content/tmp_merged_datasets/merged_training_dataset/modificate/ds5__raw_vale_id__modificate__altro__insetti__gpt_image_1_5__000094.jpg,1,0.9198417,1,modificate,,ds5__raw_vale_id__modificate__altro__insetti__gpt_image_1_5__000094.jpg,,
/content/tmp_merged_datasets/merged_training_dataset/modificate/ds2__exp_3_augmented_v6.2_noK__modificate__pizza__bruciato__gpt_image_1_mini__002198.jpg,1,0.99436706,1,modificate,,ds2__exp_3_augmented_v6.2_noK__modificate__pizza__bruciato__gpt_image_1_mini__002198.jpg,,
/content/tmp_merged_datasets/merged_training_dataset/originali/ds1__platsim_ar_pico_banana_9gb-V__originali__root__000265.jpg,0,0.073711425,0,originali,ds1__platsim_ar_pico_banana_9gb-V__originali__root__000265.jpg,,,
/content/tmp_merged_datasets/merged_training_dataset/modificate/ds1__platsim_ar_pico_banana_9gb-V__modificate__root__000202.jpg,1,0.94411755,1,modificate,,ds1__platsim_ar_pico_banana_9gb-V__modificate__root__000202.jpg,,
/content/tmp_merged_datasets/merged_training_dataset/originali/ds1__platsim_ar_pico_banana_9gb-V__originali__root__000591.jpg,0,0.60903674,1,originali,ds1__platsim_ar_pico_banana_9gb-V__originali__root__000591.jpg,,,
/content/tmp_merged_datasets/merged_training_dataset/originali/ds1__platsim_ar_pico_banana_9gb-V__originali__root__002251.jpg,0,0.81713027,1,originali,ds1__platsim_ar_pico_banana_9gb-V__originali__root__002251.jpg,,,
/content/tmp_merged_datasets/merged_training_dataset/modificate/ds3__platsim_raw_vale_id__modificate__dessert__marcio__gpt_image_1_5__000427.jpg,1,0.94715565,1,modificate,,ds3__platsim_raw_vale_id__modificate__dessert__marcio__gpt_image_1_5__000427.jpg,,
/content/tmp_merged_datasets/merged_training_dataset/modificate/ds1__platsim_ar_pico_banana_9gb-V__modificate__root__002474.jpg,1,0.95999587,1,modificate,,ds1__platsim_ar_pico_banana_9gb-V__modificate__root__002474.jpg,,
/content/tmp_merged_datasets/merged_training_dataset/modificate/ds3__platsim_raw_vale_id__modificate__sushi__crudo__gpt_image_1_5__000828.jpg,1,0.9854114,1,modificate,,ds3__platsim_raw_vale_id__modificate__sushi__crudo__gpt_image_1_5__000828.jpg,,
/content/tmp_merged_datasets/merged_training_dataset/modificate/ds1__platsim_ar_pico_banana_9gb-V__modificate__root__002434.jpg,1,0.87051535,1,modificate,,ds1__platsim_ar_pico_banana_9gb-V__modificate__root__002434.jpg,,
/content/tmp_merged_datasets/merged_training_dataset/modificate/ds2__exp_3_augmented_v6.2_noK__modificate__patatine__bruciato__gpt_image_1_5__002073.jpg,1,0.9971192,1,modificate,,ds2__exp_3_augmented_v6.2_noK__modificate__patatine__bruciato__gpt_image_1_5__002073.jpg,,
/content/tmp_merged_datasets/merged_training_dataset/originali/ds1__platsim_ar_pico_banana_9gb-V__originali__root__002016.jpg,0,0.110542,0,originali,ds1__platsim_ar_pico_banana_9gb-V__originali__root__002016.jpg,,,
/content/tmp_merged_datasets/merged_training_dataset/modificate/ds1__platsim_ar_pico_banana_9gb-V__modificate__root__002396.jpg,1,0.78707755,1,modificate,,ds1__platsim_ar_pico_banana_9gb-V__modificate__root__002396.jpg,,
/content/tmp_merged_datasets/merged_training_dataset/originali/ds1__platsim_ar_pico_banana_9gb-V__originali__root__001224.jpg,0,0.57225454,1,originali,ds1__platsim_ar_pico_banana_9gb-V__originali__root__001224.jpg,,,
/content/tmp_merged_datasets/merged_training_dataset/originali/ds1__platsim_ar_pico_banana_9gb-V__originali__root__002271.jpg,0,0.31651753,0,originali,ds1__platsim_ar_pico_banana_9gb-V__originali__root__002271.jpg,,,
/content/tmp_merged_datasets/merged_training_dataset/modificate/ds1__platsim_ar_pico_banana_9gb-V__modificate__root__000371.jpg,1,0.9687526,1,modificate,,ds1__platsim_ar_pico_banana_9gb-V__modificate__root__000371.jpg,,
/content/tmp_merged_datasets/merged_training_dataset/modificate/ds3__platsim_raw_vale_id__modificate__pasta__crudo__gpt_image_1_5__000548.jpg,1,0.04743158,0,modificate,,ds3__platsim_raw_vale_id__modificate__pasta__crudo__gpt_image_1_5__000548.jpg,,
/content/tmp_merged_datasets/merged_training_dataset/modificate/ds2__exp_3_augmented_v6.2_noK__modificate__pizza__crudo__gpt_image_1_mini__002281.jpg,1,0.97983265,1,modificate,,ds2__exp_3_augmented_v6.2_noK__modificate__pizza__crudo__gpt_image_1_mini__002281.jpg,,
/content/tmp_merged_datasets/merged_training_dataset/modificate/ds1__platsim_ar_pico_banana_9gb-V__modificate__root__001931.jpg,1,0.023551771,0,modificate,,ds1__platsim_ar_pico_banana_9gb-V__modificate__root__001931.jpg,,
/content/tmp_merged_datasets/merged_training_dataset/originali/ds3__platsim_raw_vale_id__originali__buono__fritti__000206.jpg,0,0.94154835,1,originali,ds3__platsim_raw_vale_id__originali__buono__fritti__000206.jpg,,,
/content/tmp_merged_datasets/merged_training_dataset/modificate/ds1__platsim_ar_pico_banana_9gb-V__modificate__root__001220.jpg,1,0.1577368,0,modificate,,ds1__platsim_ar_pico_banana_9gb-V__modificate__root__001220.jpg,,
/content/tmp_merged_datasets/merged_training_dataset/modificate/ds1__platsim_ar_pico_banana_9gb-V__modificate__root__001436.jpg,1,0.9690396,1,modificate,,ds1__platsim_ar_pico_banana_9gb-V__modificate__root__001436.jpg,,
/content/tmp_merged_datasets/merged_training_dataset/originali/ds1__platsim_ar_pico_banana_9gb-V__originali__root__001045.jpg,0,0.41251102,0,originali,ds1__platsim_ar_pico_banana_9gb-V__originali__root__001045.jpg,,,
/content/tmp_merged_datasets/merged_training_dataset/originali/ds1__platsim_ar_pico_banana_9gb-V__originali__root__002473.jpg,0,0.017865852,0,originali,ds1__platsim_ar_pico_banana_9gb-V__originali__root__002473.jpg,,,
/content/tmp_merged_datasets/merged_training_dataset/modificate/ds3__platsim_raw_vale_id__modificate__altro__marcio__gpt_image_1_mini__000211.jpg,1,0.9585653,1,modificate,,ds3__platsim_raw_vale_id__modificate__altro__marcio__gpt_image_1_mini__000211.jpg,,
/content/tmp_merged_datasets/merged_training_dataset/originali/ds1__platsim_ar_pico_banana_9gb-V__originali__root__001877.jpg,0,0.9677353,1,originali,ds1__platsim_ar_pico_banana_9gb-V__originali__root__001877.jpg,,,
/content/tmp_merged_datasets/merged_training_dataset/originali/ds1__platsim_ar_pico_banana_9gb-V__originali__root__001824.jpg,0,0.85185933,1,originali,ds1__platsim_ar_pico_banana_9gb-V__originali__root__001824.jpg,,,
/content/tmp_merged_datasets/merged_training_dataset/originali/ds2__exp_3_augmented_v6.2_noK__originali__buono__altro__000067.jpg,0,0.010542249,0,originali,ds2__exp_3_augmented_v6.2_noK__originali__buono__altro__000067.jpg,,,
/content/tmp_merged_datasets/merged_training_dataset/modificate/ds2__exp_3_augmented_v6.2_noK__modificate__pasta__marcio__gpt_image_1_mini__002052.jpg,1,0.9934877,1,modificate,,ds2__exp_3_augmented_v6.2_noK__modificate__pasta__marcio__gpt_image_1_mini__002052.jpg,,
/content/tmp_merged_datasets/merged_training_dataset/modificate/ds2__exp_3_augmented_v6.2_noK__modificate__burger_panino__bruciato__gpt_image_1_mini__000551.jpg,1,0.99543685,1,modificate,,ds2__exp_3_augmented_v6.2_noK__modificate__burger_panino__bruciato__gpt_image_1_mini__000551.jpg,,
/content/tmp_merged_datasets/merged_training_dataset/modificate/ds2__exp_3_augmented_v6.2_noK__modificate__dessert__bruciato__gpt_image_1_5__001334.jpg,1,0.9851555,1,modificate,,ds2__exp_3_augmented_v6.2_noK__modificate__dessert__bruciato__gpt_image_1_5__001334.jpg,,
/content/tmp_merged_datasets/merged_training_dataset/modificate/ds1__platsim_ar_pico_banana_9gb-V__modificate__root__001544.jpg,1,0.97398245,1,modificate,,ds1__platsim_ar_pico_banana_9gb-V__modificate__root__001544.jpg,,
/content/tmp_merged_datasets/merged_training_dataset/modificate/ds1__platsim_ar_pico_banana_9gb-V__modificate__root__001475.jpg,1,0.6749706,1,modificate,,ds1__platsim_ar_pico_banana_9gb-V__modificate__root__001475.jpg,,
/content/tmp_merged_datasets/merged_training_dataset/modificate/ds2__exp_3_augmented_v6.2_noK__modificate__altro__crudo__gpt_image_1_5__000214.jpg,1,0.96862185,1,modificate,,ds2__exp_3_augmented_v6.2_noK__modificate__altro__crudo__gpt_image_1_5__000214.jpg,,
/content/tmp_merged_datasets/merged_training_dataset/modificate/ds1__platsim_ar_pico_banana_9gb-V__modificate__root__002114.jpg,1,0.9732528,1,modificate,,ds1__platsim_ar_pico_banana_9gb-V__modificate__root__002114.jpg,,
/content/tmp_merged_datasets/merged_training_dataset/modificate/ds1__platsim_ar_pico_banana_9gb-V__modificate__root__000212.jpg,1,0.19593069,0,modificate,,ds1__platsim_ar_pico_banana_9gb-V__modificate__root__000212.jpg,,
/content/tmp_merged_datasets/merged_training_dataset/originali/ds1__platsim_ar_pico_banana_9gb-V__originali__root__000188.jpg,0,0.87393606,1,originali,ds1__platsim_ar_pico_banana_9gb-V__originali__root__000188.jpg,,,
/content/tmp_merged_datasets/merged_training_dataset/originali/ds1__platsim_ar_pico_banana_9gb-V__originali__root__000662.jpg,0,0.011984822,0,originali,ds1__platsim_ar_pico_banana_9gb-V__originali__root__000662.jpg,,,
/content/tmp_merged_datasets/merged_training_dataset/modificate/ds5__raw_vale_id__modificate__carne__bruciato__gpt_image_1_5__000308.png,1,0.9947272,1,modificate,,ds5__raw_vale_id__modificate__carne__bruciato__gpt_image_1_5__000308.png,,
/content/tmp_merged_datasets/merged_training_dataset/originali/ds6__whatsapp_vale_id__originali__buono__patatine__000129.jpeg,0,0.020629479,0,originali,ds6__whatsapp_vale_id__originali__buono__patatine__000129.jpeg,,,
/content/tmp_merged_datasets/merged_training_dataset/modificate/ds2__exp_3_augmented_v6.2_noK__modificate__carne__crudo__gpt_image_1_5__001097.jpg,1,0.99348867,1,modificate,,ds2__exp_3_augmented_v6.2_noK__modificate__carne__crudo__gpt_image_1_5__001097.jpg,,
/content/tmp_merged_datasets/merged_training_dataset/modificate/ds2__exp_3_augmented_v6.2_noK__modificate__patatine__bruciato__gpt_image_1_5__002079.jpg,1,0.99683374,1,modificate,,ds2__exp_3_augmented_v6.2_noK__modificate__patatine__bruciato__gpt_image_1_5__002079.jpg,,
/content/tmp_merged_datasets/merged_training_dataset/modificate/ds1__platsim_ar_pico_banana_9gb-V__modificate__root__000610.jpg,1,0.053309027,0,modificate,,ds1__platsim_ar_pico_banana_9gb-V__modificate__root__000610.jpg,,
/content/tmp_merged_datasets/merged_training_dataset/modificate/ds1__platsim_ar_pico_banana_9gb-V__modificate__root__002441.jpg,1,0.92070323,1,modificate,,ds1__platsim_ar_pico_banana_9gb-V__modificate__root__002441.jpg,,
/content/tmp_merged_datasets/merged_training_dataset/originali/ds1__platsim_ar_pico_banana_9gb-V__originali__root__001664.jpg,0,0.014302792,0,originali,ds1__platsim_ar_pico_banana_9gb-V__originali__root__001664.jpg,,,
/content/tmp_merged_datasets/merged_training_dataset/modificate/ds1__platsim_ar_pico_banana_9gb-V__modificate__root__001094.jpg,1,0.96059775,1,modificate,,ds1__platsim_ar_pico_banana_9gb-V__modificate__root__001094.jpg,,
/content/tmp_merged_datasets/merged_training_dataset/modificate/ds2__exp_3_augmented_v6.2_noK__modificate__riso_paella__bruciato__gpt_image_1_mini__002401.jpg,1,0.9971457,1,modificate,,ds2__exp_3_augmented_v6.2_noK__modificate__riso_paella__bruciato__gpt_image_1_mini__002401.jpg,,
/content/tmp_merged_datasets/merged_training_dataset/modificate/ds2__exp_3_augmented_v6.2_noK__modificate__riso_paella__crudo__gpt_image_1_mini__002516.jpg,1,0.98898995,1,modificate,,ds2__exp_3_augmented_v6.2_noK__modificate__riso_paella__crudo__gpt_image_1_mini__002516.jpg,,
/content/tmp_merged_datasets/merged_training_dataset/modificate/ds1__platsim_ar_pico_banana_9gb-V__modificate__root__001199.jpg,1,0.9507925,1,modificate,,ds1__platsim_ar_pico_banana_9gb-V__modificate__root__001199.jpg,,
/content/tmp_merged_datasets/merged_training_dataset/originali/ds3__platsim_raw_vale_id__originali__buono__altro__000040.jpg,0,0.950814,1,originali,ds3__platsim_raw_vale_id__originali__buono__altro__000040.jpg,,,
/content/tmp_merged_datasets/merged_training_dataset/modificate/ds1__platsim_ar_pico_banana_9gb-V__modificate__root__000690.jpg,1,0.87082565,1,modificate,,ds1__platsim_ar_pico_banana_9gb-V__modificate__root__000690.jpg,,
/content/tmp_merged_datasets/merged_training_dataset/modificate/ds1__platsim_ar_pico_banana_9gb-V__modificate__root__002028.jpg,1,0.93430847,1,modificate,,ds1__platsim_ar_pico_banana_9gb-V__modificate__root__002028.jpg,,
/content/tmp_merged_datasets/merged_training_dataset/modificate/ds3__platsim_raw_vale_id__modificate__altro__bruciato__gpt_image_1_mini__000042.jpg,1,0.9986099,1,modificate,,ds3__platsim_raw_vale_id__modificate__altro__bruciato__gpt_image_1_mini__000042.jpg,,
/content/tmp_merged_datasets/merged_training_dataset/originali/ds1__platsim_ar_pico_banana_9gb-V__originali__root__002255.jpg,0,0.30523,0,originali,ds1__platsim_ar_pico_banana_9gb-V__originali__root__002255.jpg,,,
/content/tmp_merged_datasets/merged_training_dataset/originali/ds1__platsim_ar_pico_banana_9gb-V__originali__root__001632.jpg,0,0.3565595,0,originali,ds1__platsim_ar_pico_banana_9gb-V__originali__root__001632.jpg,,,
/content/tmp_merged_datasets/merged_training_dataset/originali/ds6__whatsapp_vale_id__originali__buono__altro__000024.jpeg,0,0.07644089,0,originali,ds6__whatsapp_vale_id__originali__buono__altro__000024.jpeg,,,
/content/tmp_merged_datasets/merged_training_dataset/originali/ds2__exp_3_augmented_v6.2_noK__originali__buono__burger_panino__000262.jpg,0,0.023411794,0,originali,ds2__exp_3_augmented_v6.2_noK__originali__buono__burger_panino__000262.jpg,,,
/content/tmp_merged_datasets/merged_training_dataset/originali/ds5__raw_vale_id__originali__buono__fritti__000206.jpg,0,0.9704917,1,originali,ds5__raw_vale_id__originali__buono__fritti__000206.jpg,,,
/content/tmp_merged_datasets/merged_training_dataset/modificate/ds2__exp_3_augmented_v6.2_noK__modificate__altro__insetti__gpt_image_1_mini__000323.jpg,1,0.98720527,1,modificate,,ds2__exp_3_augmented_v6.2_noK__modificate__altro__insetti__gpt_image_1_mini__000323.jpg,,
/content/tmp_merged_datasets/merged_training_dataset/modificate/ds1__platsim_ar_pico_banana_9gb-V__modificate__root__001212.jpg,1,0.96974313,1,modificate,,ds1__platsim_ar_pico_banana_9gb-V__modificate__root__001212.jpg,,
/content/tmp_merged_datasets/merged_training_dataset/modificate/ds6__whatsapp_vale_id__modificate__carne__bruciato__gpt_image_1_5__000089.jpeg,1,0.99746007,1,modificate,,ds6__whatsapp_vale_id__modificate__carne__bruciato__gpt_image_1_5__000089.jpeg,,
/content/tmp_merged_datasets/merged_training_dataset/modificate/ds5__raw_vale_id__modificate__pasta__marcio__gpt_image_1_5__000611.jpg,1,0.90460396,1,modificate,,ds5__raw_vale_id__modificate__pasta__marcio__gpt_image_1_5__000611.jpg,,
/content/tmp_merged_datasets/merged_training_dataset/modificate/ds5__raw_vale_id__modificate__sushi__insetti__gpt_image_1_5__000832.jpg,1,0.9779695,1,modificate,,ds5__raw_vale_id__modificate__sushi__insetti__gpt_image_1_5__000832.jpg,,
/content/tmp_merged_datasets/merged_training_dataset/modificate/ds2__exp_3_augmented_v6.2_noK__modificate__altro__crudo__gpt_image_1_mini__000269.jpg,1,0.9885796,1,modificate,,ds2__exp_3_augmented_v6.2_noK__modificate__altro__crudo__gpt_image_1_mini__000269.jpg,,
/content/tmp_merged_datasets/merged_training_dataset/modificate/ds2__exp_3_augmented_v6.2_noK__modificate__pasta__crudo__gpt_image_1_5__001831.jpg,1,0.9103278,1,modificate,,ds2__exp_3_augmented_v6.2_noK__modificate__pasta__crudo__gpt_image_1_5__001831.jpg,,
/content/tmp_merged_datasets/merged_training_dataset/modificate/ds5__raw_vale_id__modificate__altro__crudo__gpt_image_1_5__000067.jpg,1,0.95712966,1,modificate,,ds5__raw_vale_id__modificate__altro__crudo__gpt_image_1_5__000067.jpg,,
/content/tmp_merged_datasets/merged_training_dataset/modificate/ds1__platsim_ar_pico_banana_9gb-V__modificate__root__000031.jpg,1,0.9416482,1,modificate,,ds1__platsim_ar_pico_banana_9gb-V__modificate__root__000031.jpg,,
/content/tmp_merged_datasets/merged_training_dataset/originali/ds1__platsim_ar_pico_banana_9gb-V__originali__root__002412.jpg,0,0.02134502,0,originali,ds1__platsim_ar_pico_banana_9gb-V__originali__root__002412.jpg,,,
/content/tmp_merged_datasets/merged_training_dataset/modificate/ds1__platsim_ar_pico_banana_9gb-V__modificate__root__000655.jpg,1,0.9586061,1,modificate,,ds1__platsim_ar_pico_banana_9gb-V__modificate__root__000655.jpg,,
/content/tmp_merged_datasets/merged_training_dataset/originali/ds1__platsim_ar_pico_banana_9gb-V__originali__root__000093.jpg,0,0.029304134,0,originali,ds1__platsim_ar_pico_banana_9gb-V__originali__root__000093.jpg,,,
/content/tmp_merged_datasets/merged_training_dataset/modificate/ds2__exp_3_augmented_v6.2_noK__modificate__burger_panino__crudo__gpt_image_1_mini__000759.jpg,1,0.9935128,1,modificate,,ds2__exp_3_augmented_v6.2_noK__modificate__burger_panino__crudo__gpt_image_1_mini__000759.jpg,,
/content/tmp_merged_datasets/merged_training_dataset/modificate/ds2__exp_3_augmented_v6.2_noK__modificate__pizza__bruciato__gpt_image_1_5__002147.jpg,1,0.99614394,1,modificate,,ds2__exp_3_augmented_v6.2_noK__modificate__pizza__bruciato__gpt_image_1_5__002147.jpg,,
/content/tmp_merged_datasets/merged_training_dataset/modificate/ds4__platsim_whatsapp_vale_id__modificate__dessert__marcio__gpt_image_1_5__000176.jpg,1,0.7594556,1,modificate,,ds4__platsim_whatsapp_vale_id__modificate__dessert__marcio__gpt_image_1_5__000176.jpg,,
/content/tmp_merged_datasets/merged_training_dataset/modificate/ds2__exp_3_augmented_v6.2_noK__modificate__altro__marcio__gpt_image_1_5__000332.jpg,1,0.9854453,1,modificate,,ds2__exp_3_augmented_v6.2_noK__modificate__altro__marcio__gpt_image_1_5__000332.jpg,,
/content/tmp_merged_datasets/merged_training_dataset/modificate/ds2__exp_3_augmented_v6.2_noK__modificate__riso_paella__crudo__gpt_image_1_5__002466.jpg,1,0.9910642,1,modificate,,ds2__exp_3_augmented_v6.2_noK__modificate__riso_paella__crudo__gpt_image_1_5__002466.jpg,,
/content/tmp_merged_datasets/merged_training_dataset/modificate/ds6__whatsapp_vale_id__modificate__pizza__crudo__gpt_image_1_mini__000341.jpeg,1,0.22338136,0,modificate,,ds6__whatsapp_vale_id__modificate__pizza__crudo__gpt_image_1_mini__000341.jpeg,,
/content/tmp_merged_datasets/merged_training_dataset/modificate/ds2__exp_3_augmented_v6.2_noK__modificate__pizza__ammuffito__gpt_image_1_mini__002123.jpg,1,0.9904697,1,modificate,,ds2__exp_3_augmented_v6.2_noK__modificate__pizza__ammuffito__gpt_image_1_mini__002123.jpg,,
/content/tmp_merged_datasets/merged_training_dataset/modificate/ds2__exp_3_augmented_v6.2_noK__modificate__dessert__marcio__gpt_image_1_5__001363.jpg,1,0.9947864,1,modificate,,ds2__exp_3_augmented_v6.2_noK__modificate__dessert__marcio__gpt_image_1_5__001363.jpg,,
/content/tmp_merged_datasets/merged_training_dataset/modificate/ds2__exp_3_augmented_v6.2_noK__modificate__carne__bruciato__gpt_image_1_5__000886.jpg,1,0.9974832,1,modificate,,ds2__exp_3_augmented_v6.2_noK__modificate__carne__bruciato__gpt_image_1_5__000886.jpg,,
/content/tmp_merged_datasets/merged_training_dataset/modificate/ds2__exp_3_augmented_v6.2_noK__modificate__altro__marcio__gpt_image_1_5__000405.jpg,1,0.97145116,1,modificate,,ds2__exp_3_augmented_v6.2_noK__modificate__altro__marcio__gpt_image_1_5__000405.jpg,,
/content/tmp_merged_datasets/merged_training_dataset/modificate/ds1__platsim_ar_pico_banana_9gb-V__modificate__root__002276.jpg,1,0.9505255,1,modificate,,ds1__platsim_ar_pico_banana_9gb-V__modificate__root__002276.jpg,,
/content/tmp_merged_datasets/merged_training_dataset/originali/ds2__exp_3_augmented_v6.2_noK__originali__buono__pizza__000807.jpg,0,0.01181194,0,originali,ds2__exp_3_augmented_v6.2_noK__originali__buono__pizza__000807.jpg,,,
/content/tmp_merged_datasets/merged_training_dataset/originali/ds1__platsim_ar_pico_banana_9gb-V__originali__root__001342.jpg,0,0.96359664,1,originali,ds1__platsim_ar_pico_banana_9gb-V__originali__root__001342.jpg,,,
/content/tmp_merged_datasets/merged_training_dataset/originali/ds1__platsim_ar_pico_banana_9gb-V__originali__root__000826.jpg,0,0.8447426,1,originali,ds1__platsim_ar_pico_banana_9gb-V__originali__root__000826.jpg,,,
/content/tmp_merged_datasets/merged_training_dataset/originali/ds1__platsim_ar_pico_banana_9gb-V__originali__root__001269.jpg,0,0.27162647,0,originali,ds1__platsim_ar_pico_banana_9gb-V__originali__root__001269.jpg,,,
/content/tmp_merged_datasets/merged_training_dataset/originali/ds6__whatsapp_vale_id__originali__buono__altro__000008.jpg,0,0.012326303,0,originali,ds6__whatsapp_vale_id__originali__buono__altro__000008.jpg,,,
/content/tmp_merged_datasets/merged_training_dataset/modificate/ds3__platsim_raw_vale_id__modificate__dessert__marcio__gpt_image_1_5__000428.jpg,1,0.9867005,1,modificate,,ds3__platsim_raw_vale_id__modificate__dessert__marcio__gpt_image_1_5__000428.jpg,,
/content/tmp_merged_datasets/merged_training_dataset/originali/ds3__platsim_raw_vale_id__originali__buono__altro__000035.jpg,0,0.03746368,0,originali,ds3__platsim_raw_vale_id__originali__buono__altro__000035.jpg,,,
/content/tmp_merged_datasets/merged_training_dataset/originali/ds1__platsim_ar_pico_banana_9gb-V__originali__root__002034.jpg,0,0.0065326924,0,originali,ds1__platsim_ar_pico_banana_9gb-V__originali__root__002034.jpg,,,
/content/tmp_merged_datasets/merged_training_dataset/originali/ds2__exp_3_augmented_v6.2_noK__originali__cattivo__carne__crudo__001154.jpg,0,0.00881752,0,originali,ds2__exp_3_augmented_v6.2_noK__originali__cattivo__carne__crudo__001154.jpg,,,
/content/tmp_merged_datasets/merged_training_dataset/modificate/ds3__platsim_raw_vale_id__modificate__altro__bruciato__gpt_image_1_mini__000048.jpg,1,0.9969879,1,modificate,,ds3__platsim_raw_vale_id__modificate__altro__bruciato__gpt_image_1_mini__000048.jpg,,
/content/tmp_merged_datasets/merged_training_dataset/modificate/ds3__platsim_raw_vale_id__modificate__burger__panino__crudo__gpt_image_1_mini__000270.jpg,1,0.99640995,1,modificate,,ds3__platsim_raw_vale_id__modificate__burger__panino__crudo__gpt_image_1_mini__000270.jpg,,
/content/tmp_merged_datasets/merged_training_dataset/modificate/ds2__exp_3_augmented_v6.2_noK__modificate__pizza__crudo__gpt_image_1_5__002230.jpg,1,0.97543323,1,modificate,,ds2__exp_3_augmented_v6.2_noK__modificate__pizza__crudo__gpt_image_1_5__002230.jpg,,
/content/tmp_merged_datasets/merged_training_dataset/modificate/ds2__exp_3_augmented_v6.2_noK__modificate__altro__bruciato__gpt_image_1_mini__000118.jpg,1,0.9900574,1,modificate,,ds2__exp_3_augmented_v6.2_noK__modificate__altro__bruciato__gpt_image_1_mini__000118.jpg,,
/content/tmp_merged_datasets/merged_training_dataset/originali/ds2__exp_3_augmented_v6.2_noK__originali__buono__riso_paella__000823.jpg,0,0.008911553,0,originali,ds2__exp_3_augmented_v6.2_noK__originali__buono__riso_paella__000823.jpg,,,
/content/tmp_merged_datasets/merged_training_dataset/originali/ds2__exp_3_augmented_v6.2_noK__originali__cattivo__pizza__bruciato__001423.jpg,0,0.010132904,0,originali,ds2__exp_3_augmented_v6.2_noK__originali__cattivo__pizza__bruciato__001423.jpg,,,
/content/tmp_merged_datasets/merged_training_dataset/modificate/ds2__exp_3_augmented_v6.2_noK__modificate__carne__crudo__gpt_image_1_mini__001267.jpg,1,0.9919912,1,modificate,,ds2__exp_3_augmented_v6.2_noK__modificate__carne__crudo__gpt_image_1_mini__001267.jpg,,
/content/tmp_merged_datasets/merged_training_dataset/modificate/ds2__exp_3_augmented_v6.2_noK__modificate__riso_paella__ammuffito__gpt_image_1_5__002320.jpg,1,0.97595656,1,modificate,,ds2__exp_3_augmented_v6.2_noK__modificate__riso_paella__ammuffito__gpt_image_1_5__002320.jpg,,
/content/tmp_merged_datasets/merged_training_dataset/modificate/ds4__platsim_whatsapp_vale_id__modificate__altro__insetti__gpt_image_1_mini__000044.jpg,1,0.99358624,1,modificate,,ds4__platsim_whatsapp_vale_id__modificate__altro__insetti__gpt_image_1_mini__000044.jpg,,
/content/tmp_merged_datasets/merged_training_dataset/modificate/ds2__exp_3_augmented_v6.2_noK__modificate__altro__crudo__gpt_image_1_5__000195.jpg,1,0.96363693,1,modificate,,ds2__exp_3_augmented_v6.2_noK__modificate__altro__crudo__gpt_image_1_5__000195.jpg,,
/content/tmp_merged_datasets/merged_training_dataset/originali/ds1__platsim_ar_pico_banana_9gb-V__originali__root__000501.jpg,0,0.053322554,0,originali,ds1__platsim_ar_pico_banana_9gb-V__originali__root__000501.jpg,,,
/content/tmp_merged_datasets/merged_training_dataset/originali/ds1__platsim_ar_pico_banana_9gb-V__originali__root__001834.jpg,0,0.5429244,0,originali,ds1__platsim_ar_pico_banana_9gb-V__originali__root__001834.jpg,,,
/content/tmp_merged_datasets/merged_training_dataset/modificate/ds1__platsim_ar_pico_banana_9gb-V__modificate__root__000424.jpg,1,0.9296987,1,modificate,,ds1__platsim_ar_pico_banana_9gb-V__modificate__root__000424.jpg,,
/content/tmp_merged_datasets/merged_training_dataset/originali/ds5__raw_vale_id__originali__buono__riso_paella__000355.jpg,0,0.01828802,0,originali,ds5__raw_vale_id__originali__buono__riso_paella__000355.jpg,,,
/content/tmp_merged_datasets/merged_training_dataset/modificate/ds1__platsim_ar_pico_banana_9gb-V__modificate__root__001181.jpg,1,0.98824114,1,modificate,,ds1__platsim_ar_pico_banana_9gb-V__modificate__root__001181.jpg,,
/content/tmp_merged_datasets/merged_training_dataset/modificate/ds1__platsim_ar_pico_banana_9gb-V__modificate__root__001803.jpg,1,0.9842174,1,modificate,,ds1__platsim_ar_pico_banana_9gb-V__modificate__root__001803.jpg,,
/content/tmp_merged_datasets/merged_training_dataset/modificate/ds2__exp_3_augmented_v6.2_noK__modificate__frutta_verdura__marcio__gpt_image_1_5__001645.jpg,1,0.97003484,1,modificate,,ds2__exp_3_augmented_v6.2_noK__modificate__frutta_verdura__marcio__gpt_image_1_5__001645.jpg,,
/content/tmp_merged_datasets/merged_training_dataset/modificate/ds2__exp_3_augmented_v6.2_noK__modificate__altro__marcio__gpt_image_1_mini__000468.jpg,1,0.9917175,1,modificate,,ds2__exp_3_augmented_v6.2_noK__modificate__altro__marcio__gpt_image_1_mini__000468.jpg,,
/content/tmp_merged_datasets/merged_training_dataset/originali/ds1__platsim_ar_pico_banana_9gb-V__originali__root__001690.jpg,0,0.024860702,0,originali,ds1__platsim_ar_pico_banana_9gb-V__originali__root__001690.jpg,,,
/content/tmp_merged_datasets/merged_training_dataset/originali/ds2__exp_3_augmented_v6.2_noK__originali__buono__carne__000446.jpg,0,0.0068174363,0,originali,ds2__exp_3_augmented_v6.2_noK__originali__buono__carne__000446.jpg,,,
/content/tmp_merged_datasets/merged_training_dataset/modificate/ds6__whatsapp_vale_id__modificate__altro__marcio__gpt_image_1_5__000058.jpeg,1,0.97262865,1,modificate,,ds6__whatsapp_vale_id__modificate__altro__marcio__gpt_image_1_5__000058.jpeg,,
/content/tmp_merged_datasets/merged_training_dataset/originali/ds1__platsim_ar_pico_banana_9gb-V__originali__root__002049.jpg,0,0.010214815,0,originali,ds1__platsim_ar_pico_banana_9gb-V__originali__root__002049.jpg,,,
/content/tmp_merged_datasets/merged_training_dataset/originali/ds4__platsim_whatsapp_vale_id__originali__buono__burger_panino__000036.jpg,0,0.05302829,0,originali,ds4__platsim_whatsapp_vale_id__originali__buono__burger_panino__000036.jpg,,,
/content/tmp_merged_datasets/merged_training_dataset/originali/ds1__platsim_ar_pico_banana_9gb-V__originali__root__000895.jpg,0,0.06048579,0,originali,ds1__platsim_ar_pico_banana_9gb-V__originali__root__000895.jpg,,,
/content/tmp_merged_datasets/merged_training_dataset/modificate/ds2__exp_3_augmented_v6.2_noK__modificate__patatine__crudo__gpt_image_1_mini__002107.jpg,1,0.99406826,1,modificate,,ds2__exp_3_augmented_v6.2_noK__modificate__patatine__crudo__gpt_image_1_mini__002107.jpg,,
/content/tmp_merged_datasets/merged_training_dataset/modificate/ds3__platsim_raw_vale_id__modificate__altro__insetti__gpt_image_1_5__000099.jpg,1,0.94573617,1,modificate,,ds3__platsim_raw_vale_id__modificate__altro__insetti__gpt_image_1_5__000099.jpg,,
/content/tmp_merged_datasets/merged_training_dataset/originali/ds1__platsim_ar_pico_banana_9gb-V__originali__root__002232.jpg,0,0.012865655,0,originali,ds1__platsim_ar_pico_banana_9gb-V__originali__root__002232.jpg,,,
/content/tmp_merged_datasets/merged_training_dataset/originali/ds1__platsim_ar_pico_banana_9gb-V__originali__root__002394.jpg,0,0.005364711,0,originali,ds1__platsim_ar_pico_banana_9gb-V__originali__root__002394.jpg,,,
/content/tmp_merged_datasets/merged_training_dataset/modificate/ds1__platsim_ar_pico_banana_9gb-V__modificate__root__000712.jpg,1,0.9835998,1,modificate,,ds1__platsim_ar_pico_banana_9gb-V__modificate__root__000712.jpg,,
/content/tmp_merged_datasets/merged_training_dataset/modificate/ds6__whatsapp_vale_id__modificate__pizza__crudo__gpt_image_1_5__000337.jpeg,1,0.9677737,1,modificate,,ds6__whatsapp_vale_id__modificate__pizza__crudo__gpt_image_1_5__000337.jpeg,,
/content/tmp_merged_datasets/merged_training_dataset/modificate/ds2__exp_3_augmented_v6.2_noK__modificate__carne__bruciato__gpt_image_1_5__000894.jpg,1,0.90638894,1,modificate,,ds2__exp_3_augmented_v6.2_noK__modificate__carne__bruciato__gpt_image_1_5__000894.jpg,,
/content/tmp_merged_datasets/merged_training_dataset/originali/ds6__whatsapp_vale_id__originali__buono__riso_paella__000154.jpeg,0,0.0147205405,0,originali,ds6__whatsapp_vale_id__originali__buono__riso_paella__000154.jpeg,,,
/content/tmp_merged_datasets/merged_training_dataset/originali/ds1__platsim_ar_pico_banana_9gb-V__originali__root__000066.jpg,0,0.8962094,1,originali,ds1__platsim_ar_pico_banana_9gb-V__originali__root__000066.jpg,,,
/content/tmp_merged_datasets/merged_training_dataset/originali/ds2__exp_3_augmented_v6.2_noK__originali__buono__altro__000113.jpg,0,0.014195255,0,originali,ds2__exp_3_augmented_v6.2_noK__originali__buono__altro__000113.jpg,,,
/content/tmp_merged_datasets/merged_training_dataset/modificate/ds1__platsim_ar_pico_banana_9gb-V__modificate__root__001358.jpg,1,0.96342885,1,modificate,,ds1__platsim_ar_pico_banana_9gb-V__modificate__root__001358.jpg,,
/content/tmp_merged_datasets/merged_training_dataset/modificate/ds6__whatsapp_vale_id__modificate__carne__crudo__gpt_image_1_mini__000126.jpeg,1,0.9921176,1,modificate,,ds6__whatsapp_vale_id__modificate__carne__crudo__gpt_image_1_mini__000126.jpeg,,
/content/tmp_merged_datasets/merged_training_dataset/originali/ds1__platsim_ar_pico_banana_9gb-V__originali__root__001707.jpg,0,0.8852479,1,originali,ds1__platsim_ar_pico_banana_9gb-V__originali__root__001707.jpg,,,
/content/tmp_merged_datasets/merged_training_dataset/modificate/ds5__raw_vale_id__modificate__altro__crudo__gpt_image_1_5__000063.jpg,1,0.94206434,1,modificate,,ds5__raw_vale_id__modificate__altro__crudo__gpt_image_1_5__000063.jpg,,
/content/tmp_merged_datasets/merged_training_dataset/originali/ds1__platsim_ar_pico_banana_9gb-V__originali__root__001073.jpg,0,0.016790645,0,originali,ds1__platsim_ar_pico_banana_9gb-V__originali__root__001073.jpg,,,
/content/tmp_merged_datasets/merged_training_dataset/modificate/ds1__platsim_ar_pico_banana_9gb-V__modificate__root__000541.jpg,1,0.8739166,1,modificate,,ds1__platsim_ar_pico_banana_9gb-V__modificate__root__000541.jpg,,
/content/tmp_merged_datasets/merged_training_dataset/modificate/ds5__raw_vale_id__modificate__pasta__marcio__gpt_image_1_5__000600.jpg,1,0.99287635,1,modificate,,ds5__raw_vale_id__modificate__pasta__marcio__gpt_image_1_5__000600.jpg,,
/content/tmp_merged_datasets/merged_training_dataset/modificate/ds2__exp_3_augmented_v6.2_noK__modificate__pasta__marcio__gpt_image_1_mini__002026.jpg,1,0.9946608,1,modificate,,ds2__exp_3_augmented_v6.2_noK__modificate__pasta__marcio__gpt_image_1_mini__002026.jpg,,
/content/tmp_merged_datasets/merged_training_dataset/originali/ds1__platsim_ar_pico_banana_9gb-V__originali__root__001071.jpg,0,0.9008849,1,originali,ds1__platsim_ar_pico_banana_9gb-V__originali__root__001071.jpg,,,
/content/tmp_merged_datasets/merged_training_dataset/originali/ds2__exp_3_augmented_v6.2_noK__originali__cattivo__carne__bruciato__001094.jpg,0,0.005709947,0,originali,ds2__exp_3_augmented_v6.2_noK__originali__cattivo__carne__bruciato__001094.jpg,,,
/content/tmp_merged_datasets/merged_training_dataset/modificate/ds1__platsim_ar_pico_banana_9gb-V__modificate__root__001075.jpg,1,0.96146214,1,modificate,,ds1__platsim_ar_pico_banana_9gb-V__modificate__root__001075.jpg,,
/content/tmp_merged_datasets/merged_training_dataset/modificate/ds3__platsim_raw_vale_id__modificate__altro__marcio__gpt_image_1_5__000187.jpg,1,0.99496055,1,modificate,,ds3__platsim_raw_vale_id__modificate__altro__marcio__gpt_image_1_5__000187.jpg,,
/content/tmp_merged_datasets/merged_training_dataset/originali/ds1__platsim_ar_pico_banana_9gb-V__originali__root__000677.jpg,0,0.0056694215,0,originali,ds1__platsim_ar_pico_banana_9gb-V__originali__root__000677.jpg,,,
/content/tmp_merged_datasets/merged_training_dataset/originali/ds2__exp_3_augmented_v6.2_noK__originali__cattivo__frutta_verdura__ammuffito__001213.jpg,0,0.06390301,0,originali,ds2__exp_3_augmented_v6.2_noK__originali__cattivo__frutta_verdura__ammuffito__001213.jpg,,,
/content/tmp_merged_datasets/merged_training_dataset/originali/ds2__exp_3_augmented_v6.2_noK__originali__buono__frutta_verdura__000571.jpg,0,0.04000173,0,originali,ds2__exp_3_augmented_v6.2_noK__originali__buono__frutta_verdura__000571.jpg,,,
/content/tmp_merged_datasets/merged_training_dataset/modificate/ds2__exp_3_augmented_v6.2_noK__modificate__insalata__marcio__gpt_image_1_5__001726.jpg,1,0.06005707,0,modificate,,ds2__exp_3_augmented_v6.2_noK__modificate__insalata__marcio__gpt_image_1_5__001726.jpg,,
/content/tmp_merged_datasets/merged_training_dataset/modificate/ds1__platsim_ar_pico_banana_9gb-V__modificate__root__001116.jpg,1,0.03114894,0,modificate,,ds1__platsim_ar_pico_banana_9gb-V__modificate__root__001116.jpg,,
/content/tmp_merged_datasets/merged_training_dataset/modificate/ds1__platsim_ar_pico_banana_9gb-V__modificate__root__001033.jpg,1,0.95925695,1,modificate,,ds1__platsim_ar_pico_banana_9gb-V__modificate__root__001033.jpg,,
/content/tmp_merged_datasets/merged_training_dataset/originali/ds1__platsim_ar_pico_banana_9gb-V__originali__root__001282.jpg,0,0.78770006,1,originali,ds1__platsim_ar_pico_banana_9gb-V__originali__root__001282.jpg,,,
/content/tmp_merged_datasets/merged_training_dataset/modificate/ds5__raw_vale_id__modificate__pasta__marcio__gpt_image_1_5__000596.jpg,1,0.99411184,1,modificate,,ds5__raw_vale_id__modificate__pasta__marcio__gpt_image_1_5__000596.jpg,,
/content/tmp_merged_datasets/merged_training_dataset/modificate/ds1__platsim_ar_pico_banana_9gb-V__modificate__root__001135.jpg,1,0.98467433,1,modificate,,ds1__platsim_ar_pico_banana_9gb-V__modificate__root__001135.jpg,,
/content/tmp_merged_datasets/merged_training_dataset/originali/ds1__platsim_ar_pico_banana_9gb-V__originali__root__001098.jpg,0,0.024395205,0,originali,ds1__platsim_ar_pico_banana_9gb-V__originali__root__001098.jpg,,,
/content/tmp_merged_datasets/merged_training_dataset/modificate/ds2__exp_3_augmented_v6.2_noK__modificate__carne__crudo__gpt_image_1_mini__001279.jpg,1,0.99562764,1,modificate,,ds2__exp_3_augmented_v6.2_noK__modificate__carne__crudo__gpt_image_1_mini__001279.jpg,,
/content/tmp_merged_datasets/merged_training_dataset/originali/ds1__platsim_ar_pico_banana_9gb-V__originali__root__002482.jpg,0,0.035572745,0,originali,ds1__platsim_ar_pico_banana_9gb-V__originali__root__002482.jpg,,,
/content/tmp_merged_datasets/merged_training_dataset/modificate/ds2__exp_3_augmented_v6.2_noK__modificate__frutta_verdura__ammuffito__gpt_image_1_5__001488.jpg,1,0.9719105,1,modificate,,ds2__exp_3_augmented_v6.2_noK__modificate__frutta_verdura__ammuffito__gpt_image_1_5__001488.jpg,,
/content/tmp_merged_datasets/merged_training_dataset/modificate/ds2__exp_3_augmented_v6.2_noK__modificate__altro__bruciato__gpt_image_1_5__000068.jpg,1,0.9872556,1,modificate,,ds2__exp_3_augmented_v6.2_noK__modificate__altro__bruciato__gpt_image_1_5__000068.jpg,,
/content/tmp_merged_datasets/merged_training_dataset/originali/ds1__platsim_ar_pico_banana_9gb-V__originali__root__001576.jpg,0,0.9283255,1,originali,ds1__platsim_ar_pico_banana_9gb-V__originali__root__001576.jpg,,,
/content/tmp_merged_datasets/merged_training_dataset/originali/ds1__platsim_ar_pico_banana_9gb-V__originali__root__000850.jpg,0,0.93863225,1,originali,ds1__platsim_ar_pico_banana_9gb-V__originali__root__000850.jpg,,,
/content/tmp_merged_datasets/merged_training_dataset/modificate/ds2__exp_3_augmented_v6.2_noK__modificate__pizza__crudo__gpt_image_1_5__002244.jpg,1,0.9897237,1,modificate,,ds2__exp_3_augmented_v6.2_noK__modificate__pizza__crudo__gpt_image_1_5__002244.jpg,,
/content/tmp_merged_datasets/merged_training_dataset/modificate/ds2__exp_3_augmented_v6.2_noK__modificate__frutta_verdura__bruciato__gpt_image_1_5__001531.jpg,1,0.99574405,1,modificate,,ds2__exp_3_augmented_v6.2_noK__modificate__frutta_verdura__bruciato__gpt_image_1_5__001531.jpg,,
/content/tmp_merged_datasets/merged_training_dataset/originali/ds2__exp_3_augmented_v6.2_noK__originali__cattivo__carne__crudo__001166.jpg,0,0.006273029,0,originali,ds2__exp_3_augmented_v6.2_noK__originali__cattivo__carne__crudo__001166.jpg,,,
/content/tmp_merged_datasets/merged_training_dataset/modificate/ds1__platsim_ar_pico_banana_9gb-V__modificate__root__000100.jpg,1,0.94557273,1,modificate,,ds1__platsim_ar_pico_banana_9gb-V__modificate__root__000100.jpg,,
/content/tmp_merged_datasets/merged_training_dataset/modificate/ds4__platsim_whatsapp_vale_id__modificate__pasta__altro__gpt_image_1_5__000223.jpg,1,0.97995305,1,modificate,,ds4__platsim_whatsapp_vale_id__modificate__pasta__altro__gpt_image_1_5__000223.jpg,,
/content/tmp_merged_datasets/merged_training_dataset/modificate/ds1__platsim_ar_pico_banana_9gb-V__modificate__root__002282.jpg,1,0.96612173,1,modificate,,ds1__platsim_ar_pico_banana_9gb-V__modificate__root__002282.jpg,,
/content/tmp_merged_datasets/merged_training_dataset/modificate/ds2__exp_3_augmented_v6.2_noK__modificate__carne__bruciato__gpt_image_1_5__000930.jpg,1,0.98214126,1,modificate,,ds2__exp_3_augmented_v6.2_noK__modificate__carne__bruciato__gpt_image_1_5__000930.jpg,,
/content/tmp_merged_datasets/merged_training_dataset/originali/ds1__platsim_ar_pico_banana_9gb-V__originali__root__001446.jpg,0,0.009765839,0,originali,ds1__platsim_ar_pico_banana_9gb-V__originali__root__001446.jpg,,,
/content/tmp_merged_datasets/merged_training_dataset/modificate/ds1__platsim_ar_pico_banana_9gb-V__modificate__root__000456.jpg,1,0.98000574,1,modificate,,ds1__platsim_ar_pico_banana_9gb-V__modificate__root__000456.jpg,,
/content/tmp_merged_datasets/merged_training_dataset/modificate/ds2__exp_3_augmented_v6.2_noK__modificate__pasta__crudo__gpt_image_1_mini__001854.jpg,1,0.9849606,1,modificate,,ds2__exp_3_augmented_v6.2_noK__modificate__pasta__crudo__gpt_image_1_mini__001854.jpg,,
/content/tmp_merged_datasets/merged_training_dataset/modificate/ds2__exp_3_augmented_v6.2_noK__modificate__pasta__marcio__gpt_image_1_5__001964.jpg,1,0.97618836,1,modificate,,ds2__exp_3_augmented_v6.2_noK__modificate__pasta__marcio__gpt_image_1_5__001964.jpg,,
/content/tmp_merged_datasets/merged_training_dataset/modificate/ds2__exp_3_augmented_v6.2_noK__modificate__altro__marcio__gpt_image_1_mini__000475.jpg,1,0.9920482,1,modificate,,ds2__exp_3_augmented_v6.2_noK__modificate__altro__marcio__gpt_image_1_mini__000475.jpg,,
/content/tmp_merged_datasets/merged_training_dataset/originali/ds5__raw_vale_id__originali__buono__carne__000134.jpg,0,0.9706514,1,originali,ds5__raw_vale_id__originali__buono__carne__000134.jpg,,,
/content/tmp_merged_datasets/merged_training_dataset/originali/ds1__platsim_ar_pico_banana_9gb-V__originali__root__001136.jpg,0,0.008883795,0,originali,ds1__platsim_ar_pico_banana_9gb-V__originali__root__001136.jpg,,,
/content/tmp_merged_datasets/merged_training_dataset/originali/ds5__raw_vale_id__originali__buono__altro__000034.jpg,0,0.019363653,0,originali,ds5__raw_vale_id__originali__buono__altro__000034.jpg,,,
/content/tmp_merged_datasets/merged_training_dataset/modificate/ds1__platsim_ar_pico_banana_9gb-V__modificate__root__002050.jpg,1,0.8514209,1,modificate,,ds1__platsim_ar_pico_banana_9gb-V__modificate__root__002050.jpg,,
/content/tmp_merged_datasets/merged_training_dataset/modificate/ds6__whatsapp_vale_id__modificate__dessert__altro__gpt_image_1_5__000143.jpeg,1,0.9929529,1,modificate,,ds6__whatsapp_vale_id__modificate__dessert__altro__gpt_image_1_5__000143.jpeg,,
/content/tmp_merged_datasets/merged_training_dataset/modificate/ds3__platsim_raw_vale_id__modificate__burger__panino__crudo__gpt_image_1_5__000246.jpg,1,0.95760953,1,modificate,,ds3__platsim_raw_vale_id__modificate__burger__panino__crudo__gpt_image_1_5__000246.jpg,,
/content/tmp_merged_datasets/merged_training_dataset/originali/ds1__platsim_ar_pico_banana_9gb-V__originali__root__000025.jpg,0,0.9623619,1,originali,ds1__platsim_ar_pico_banana_9gb-V__originali__root__000025.jpg,,,
/content/tmp_merged_datasets/merged_training_dataset/originali/ds5__raw_vale_id__originali__buono__altro__000045.jpg,0,0.020255107,0,originali,ds5__raw_vale_id__originali__buono__altro__000045.jpg,,,
/content/tmp_merged_datasets/merged_training_dataset/originali/ds1__platsim_ar_pico_banana_9gb-V__originali__root__000630.jpg,0,0.024606466,0,originali,ds1__platsim_ar_pico_banana_9gb-V__originali__root__000630.jpg,,,
/content/tmp_merged_datasets/merged_training_dataset/originali/ds3__platsim_raw_vale_id__originali__buono__carne__000135.jpg,0,0.005265034,0,originali,ds3__platsim_raw_vale_id__originali__buono__carne__000135.jpg,,,
/content/tmp_merged_datasets/merged_training_dataset/modificate/ds5__raw_vale_id__modificate__altro__marcio__gpt_image_1_5__000160.jpg,1,0.034930296,0,modificate,,ds5__raw_vale_id__modificate__altro__marcio__gpt_image_1_5__000160.jpg,,
/content/tmp_merged_datasets/merged_training_dataset/modificate/ds2__exp_3_augmented_v6.2_noK__modificate__burger_panino__bruciato__gpt_image_1_5__000487.jpg,1,0.99745494,1,modificate,,ds2__exp_3_augmented_v6.2_noK__modificate__burger_panino__bruciato__gpt_image_1_5__000487.jpg,,
/content/tmp_merged_datasets/merged_training_dataset/modificate/ds2__exp_3_augmented_v6.2_noK__modificate__altro__bruciato__gpt_image_1_mini__000120.jpg,1,0.99835557,1,modificate,,ds2__exp_3_augmented_v6.2_noK__modificate__altro__bruciato__gpt_image_1_mini__000120.jpg,,
/content/tmp_merged_datasets/merged_training_dataset/modificate/ds5__raw_vale_id__modificate__sushi__marcio__gpt_image_1_5__000854.jpg,1,0.98987484,1,modificate,,ds5__raw_vale_id__modificate__sushi__marcio__gpt_image_1_5__000854.jpg,,
/content/tmp_merged_datasets/merged_training_dataset/modificate/ds2__exp_3_augmented_v6.2_noK__modificate__burger_panino__crudo__gpt_image_1_mini__000718.jpg,1,0.99726534,1,modificate,,ds2__exp_3_augmented_v6.2_noK__modificate__burger_panino__crudo__gpt_image_1_mini__000718.jpg,,
/content/tmp_merged_datasets/merged_training_dataset/originali/ds2__exp_3_augmented_v6.2_noK__originali__buono__pizza__000798.jpg,0,0.028564924,0,originali,ds2__exp_3_augmented_v6.2_noK__originali__buono__pizza__000798.jpg,,,
/content/tmp_merged_datasets/merged_training_dataset/modificate/ds2__exp_3_augmented_v6.2_noK__modificate__carne__crudo__gpt_image_1_5__001124.jpg,1,0.99440825,1,modificate,,ds2__exp_3_augmented_v6.2_noK__modificate__carne__crudo__gpt_image_1_5__001124.jpg,,
/content/tmp_merged_datasets/merged_training_dataset/modificate/ds6__whatsapp_vale_id__modificate__pasta__crudo__gpt_image_1_5__000247.jpeg,1,0.98542863,1,modificate,,ds6__whatsapp_vale_id__modificate__pasta__crudo__gpt_image_1_5__000247.jpeg,,
/content/tmp_merged_datasets/merged_training_dataset/modificate/ds6__whatsapp_vale_id__modificate__altro__bruciato__gpt_image_1_5__000003.jpeg,1,0.985296,1,modificate,,ds6__whatsapp_vale_id__modificate__altro__bruciato__gpt_image_1_5__000003.jpeg,,
/content/tmp_merged_datasets/merged_training_dataset/modificate/ds1__platsim_ar_pico_banana_9gb-V__modificate__root__002098.jpg,1,0.1900655,0,modificate,,ds1__platsim_ar_pico_banana_9gb-V__modificate__root__002098.jpg,,
/content/tmp_merged_datasets/merged_training_dataset/modificate/ds1__platsim_ar_pico_banana_9gb-V__modificate__root__000912.jpg,1,0.6070017,1,modificate,,ds1__platsim_ar_pico_banana_9gb-V__modificate__root__000912.jpg,,
/content/tmp_merged_datasets/merged_training_dataset/originali/ds5__raw_vale_id__originali__buono__altro__000032.jpg,0,0.020467853,0,originali,ds5__raw_vale_id__originali__buono__altro__000032.jpg,,,
/content/tmp_merged_datasets/merged_training_dataset/modificate/ds3__platsim_raw_vale_id__modificate__fritti__crudo__gpt_image_1_mini__000465.jpg,1,0.98783654,1,modificate,,ds3__platsim_raw_vale_id__modificate__fritti__crudo__gpt_image_1_mini__000465.jpg,,
/content/tmp_merged_datasets/merged_training_dataset/modificate/ds2__exp_3_augmented_v6.2_noK__modificate__pasta__marcio__gpt_image_1_mini__002059.jpg,1,0.99191624,1,modificate,,ds2__exp_3_augmented_v6.2_noK__modificate__pasta__marcio__gpt_image_1_mini__002059.jpg,,
/content/tmp_merged_datasets/merged_training_dataset/originali/ds1__platsim_ar_pico_banana_9gb-V__originali__root__001437.jpg,0,0.021438016,0,originali,ds1__platsim_ar_pico_banana_9gb-V__originali__root__001437.jpg,,,
/content/tmp_merged_datasets/merged_training_dataset/modificate/ds3__platsim_raw_vale_id__modificate__pasta__crudo__gpt_image_1_5__000543.jpg,1,0.81330705,1,modificate,,ds3__platsim_raw_vale_id__modificate__pasta__crudo__gpt_image_1_5__000543.jpg,,
/content/tmp_merged_datasets/merged_training_dataset/modificate/ds1__platsim_ar_pico_banana_9gb-V__modificate__root__000109.jpg,1,0.9840613,1,modificate,,ds1__platsim_ar_pico_banana_9gb-V__modificate__root__000109.jpg,,
/content/tmp_merged_datasets/merged_training_dataset/modificate/ds5__raw_vale_id__modificate__burger__panino__bruciato__gpt_image_1_mini__000243.jpg,1,0.9978683,1,modificate,,ds5__raw_vale_id__modificate__burger__panino__bruciato__gpt_image_1_mini__000243.jpg,,
/content/tmp_merged_datasets/merged_training_dataset/modificate/ds1__platsim_ar_pico_banana_9gb-V__modificate__root__000693.jpg,1,0.9483973,1,modificate,,ds1__platsim_ar_pico_banana_9gb-V__modificate__root__000693.jpg,,
/content/tmp_merged_datasets/merged_training_dataset/originali/ds2__exp_3_augmented_v6.2_noK__originali__cattivo__pizza__bruciato__001387.jpg,0,0.008532455,0,originali,ds2__exp_3_augmented_v6.2_noK__originali__cattivo__pizza__bruciato__001387.jpg,,,
/content/tmp_merged_datasets/merged_training_dataset/originali/ds5__raw_vale_id__originali__cattivo__pasta__bruciato__000394.jpg,0,0.011094665,0,originali,ds5__raw_vale_id__originali__cattivo__pasta__bruciato__000394.jpg,,,
/content/tmp_merged_datasets/merged_training_dataset/modificate/ds1__platsim_ar_pico_banana_9gb-V__modificate__root__001956.jpg,1,0.8962142,1,modificate,,ds1__platsim_ar_pico_banana_9gb-V__modificate__root__001956.jpg,,
/content/tmp_merged_datasets/merged_training_dataset/modificate/ds1__platsim_ar_pico_banana_9gb-V__modificate__root__001482.jpg,1,0.017779259,0,modificate,,ds1__platsim_ar_pico_banana_9gb-V__modificate__root__001482.jpg,,
/content/tmp_merged_datasets/merged_training_dataset/modificate/ds2__exp_3_augmented_v6.2_noK__modificate__carne__crudo__gpt_image_1_mini__001190.jpg,1,0.99475783,1,modificate,,ds2__exp_3_augmented_v6.2_noK__modificate__carne__crudo__gpt_image_1_mini__001190.jpg,,
/content/tmp_merged_datasets/merged_training_dataset/modificate/ds3__platsim_raw_vale_id__modificate__altro__marcio__gpt_image_1_5__000136.jpg,1,0.9953185,1,modificate,,ds3__platsim_raw_vale_id__modificate__altro__marcio__gpt_image_1_5__000136.jpg,,
/content/tmp_merged_datasets/merged_training_dataset/originali/ds1__platsim_ar_pico_banana_9gb-V__originali__root__002046.jpg,0,0.029056849,0,originali,ds1__platsim_ar_pico_banana_9gb-V__originali__root__002046.jpg,,,
/content/tmp_merged_datasets/merged_training_dataset/originali/ds2__exp_3_augmented_v6.2_noK__originali__buono__carne__000315.jpg,0,0.02770193,0,originali,ds2__exp_3_augmented_v6.2_noK__originali__buono__carne__000315.jpg,,,
/content/tmp_merged_datasets/merged_training_dataset/modificate/ds3__platsim_raw_vale_id__modificate__pizza__crudo__gpt_image_1_5__000711.jpg,1,0.94732445,1,modificate,,ds3__platsim_raw_vale_id__modificate__pizza__crudo__gpt_image_1_5__000711.jpg,,
/content/tmp_merged_datasets/merged_training_dataset/modificate/ds1__platsim_ar_pico_banana_9gb-V__modificate__root__001473.jpg,1,0.9744048,1,modificate,,ds1__platsim_ar_pico_banana_9gb-V__modificate__root__001473.jpg,,
/content/tmp_merged_datasets/merged_training_dataset/modificate/ds1__platsim_ar_pico_banana_9gb-V__modificate__root__001485.jpg,1,0.98089236,1,modificate,,ds1__platsim_ar_pico_banana_9gb-V__modificate__root__001485.jpg,,
/content/tmp_merged_datasets/merged_training_dataset/originali/ds2__exp_3_augmented_v6.2_noK__originali__buono__frutta_verdura__000556.jpg,0,0.044686824,0,originali,ds2__exp_3_augmented_v6.2_noK__originali__buono__frutta_verdura__000556.jpg,,,
/content/tmp_merged_datasets/merged_training_dataset/originali/ds3__platsim_raw_vale_id__originali__buono__sushi__000373.jpg,0,0.027769608,0,originali,ds3__platsim_raw_vale_id__originali__buono__sushi__000373.jpg,,,
/content/tmp_merged_datasets/merged_training_dataset/modificate/ds2__exp_3_augmented_v6.2_noK__modificate__burger_panino__bruciato__gpt_image_1_5__000494.jpg,1,0.99721503,1,modificate,,ds2__exp_3_augmented_v6.2_noK__modificate__burger_panino__bruciato__gpt_image_1_5__000494.jpg,,
/content/tmp_merged_datasets/merged_training_dataset/modificate/ds1__platsim_ar_pico_banana_9gb-V__modificate__root__000012.jpg,1,0.09974739,0,modificate,,ds1__platsim_ar_pico_banana_9gb-V__modificate__root__000012.jpg,,
/content/tmp_merged_datasets/merged_training_dataset/modificate/ds3__platsim_raw_vale_id__modificate__altro__marcio__gpt_image_1_5__000164.jpg,1,0.98570734,1,modificate,,ds3__platsim_raw_vale_id__modificate__altro__marcio__gpt_image_1_5__000164.jpg,,
/content/tmp_merged_datasets/merged_training_dataset/modificate/ds5__raw_vale_id__modificate__zuppa__ammuffito__gpt_image_1_5__000876.jpg,1,0.9929092,1,modificate,,ds5__raw_vale_id__modificate__zuppa__ammuffito__gpt_image_1_5__000876.jpg,,
/content/tmp_merged_datasets/merged_training_dataset/modificate/ds4__platsim_whatsapp_vale_id__modificate__altro__marcio__gpt_image_1_mini__000066.jpg,1,0.9975025,1,modificate,,ds4__platsim_whatsapp_vale_id__modificate__altro__marcio__gpt_image_1_mini__000066.jpg,,
/content/tmp_merged_datasets/merged_training_dataset/originali/ds1__platsim_ar_pico_banana_9gb-V__originali__root__001813.jpg,0,0.70416516,1,originali,ds1__platsim_ar_pico_banana_9gb-V__originali__root__001813.jpg,,,
/content/tmp_merged_datasets/merged_training_dataset/originali/ds2__exp_3_augmented_v6.2_noK__originali__cattivo__pizza__bruciato__001405.jpg,0,0.008166381,0,originali,ds2__exp_3_augmented_v6.2_noK__originali__cattivo__pizza__bruciato__001405.jpg,,,
/content/tmp_merged_datasets/merged_training_dataset/modificate/ds1__platsim_ar_pico_banana_9gb-V__modificate__root__000171.jpg,1,0.98510486,1,modificate,,ds1__platsim_ar_pico_banana_9gb-V__modificate__root__000171.jpg,,
/content/tmp_merged_datasets/merged_training_dataset/modificate/ds3__platsim_raw_vale_id__modificate__altro__marcio__gpt_image_1_5__000168.jpg,1,0.98498243,1,modificate,,ds3__platsim_raw_vale_id__modificate__altro__marcio__gpt_image_1_5__000168.jpg,,
/content/tmp_merged_datasets/merged_training_dataset/modificate/ds4__platsim_whatsapp_vale_id__modificate__riso__paella__crudo__gpt_image_1_5__000377.jpg,1,0.014459482,0,modificate,,ds4__platsim_whatsapp_vale_id__modificate__riso__paella__crudo__gpt_image_1_5__000377.jpg,,
/content/tmp_merged_datasets/merged_training_dataset/originali/ds2__exp_3_augmented_v6.2_noK__originali__buono__pasta__000607.jpg,0,0.031152327,0,originali,ds2__exp_3_augmented_v6.2_noK__originali__buono__pasta__000607.jpg,,,
/content/tmp_merged_datasets/merged_training_dataset/originali/ds1__platsim_ar_pico_banana_9gb-V__originali__root__000085.jpg,0,0.1184072,0,originali,ds1__platsim_ar_pico_banana_9gb-V__originali__root__000085.jpg,,,
/content/tmp_merged_datasets/merged_training_dataset/modificate/ds2__exp_3_augmented_v6.2_noK__modificate__dessert__bruciato__gpt_image_1_5__001325.jpg,1,0.99177986,1,modificate,,ds2__exp_3_augmented_v6.2_noK__modificate__dessert__bruciato__gpt_image_1_5__001325.jpg,,
/content/tmp_merged_datasets/merged_training_dataset/originali/ds2__exp_3_augmented_v6.2_noK__originali__buono__zuppa__000966.jpg,0,0.00795538,0,originali,ds2__exp_3_augmented_v6.2_noK__originali__buono__zuppa__000966.jpg,,,
/content/tmp_merged_datasets/merged_training_dataset/originali/ds2__exp_3_augmented_v6.2_noK__originali__buono__pizza__000745.jpg,0,0.0063519315,0,originali,ds2__exp_3_augmented_v6.2_noK__originali__buono__pizza__000745.jpg,,,
/content/tmp_merged_datasets/merged_training_dataset/originali/ds1__platsim_ar_pico_banana_9gb-V__originali__root__000760.jpg,0,0.014361316,0,originali,ds1__platsim_ar_pico_banana_9gb-V__originali__root__000760.jpg,,,
/content/tmp_merged_datasets/merged_training_dataset/originali/ds5__raw_vale_id__originali__buono__pasta__000254.jpg,0,0.025372805,0,originali,ds5__raw_vale_id__originali__buono__pasta__000254.jpg,,,
/content/tmp_merged_datasets/merged_training_dataset/modificate/ds3__platsim_raw_vale_id__modificate__altro__crudo__gpt_image_1_5__000070.jpg,1,0.9939666,1,modificate,,ds3__platsim_raw_vale_id__modificate__altro__crudo__gpt_image_1_5__000070.jpg,,
/content/tmp_merged_datasets/merged_training_dataset/modificate/ds5__raw_vale_id__modificate__altro__marcio__gpt_image_1_5__000169.jpg,1,0.9766699,1,modificate,,ds5__raw_vale_id__modificate__altro__marcio__gpt_image_1_5__000169.jpg,,
/content/tmp_merged_datasets/merged_training_dataset/modificate/ds3__platsim_raw_vale_id__modificate__burger__panino__crudo__gpt_image_1_5__000247.jpg,1,0.0334008,0,modificate,,ds3__platsim_raw_vale_id__modificate__burger__panino__crudo__gpt_image_1_5__000247.jpg,,
/content/tmp_merged_datasets/merged_training_dataset/originali/ds1__platsim_ar_pico_banana_9gb-V__originali__root__000097.jpg,0,0.5318084,0,originali,ds1__platsim_ar_pico_banana_9gb-V__originali__root__000097.jpg,,,
/content/tmp_merged_datasets/merged_training_dataset/modificate/ds5__raw_vale_id__modificate__pizza__bruciato__gpt_image_1_5__000686.jpg,1,0.9985178,1,modificate,,ds5__raw_vale_id__modificate__pizza__bruciato__gpt_image_1_5__000686.jpg,,
/content/tmp_merged_datasets/merged_training_dataset/modificate/ds2__exp_3_augmented_v6.2_noK__modificate__carne__crudo__gpt_image_1_mini__001239.jpg,1,0.99760157,1,modificate,,ds2__exp_3_augmented_v6.2_noK__modificate__carne__crudo__gpt_image_1_mini__001239.jpg,,
/content/tmp_merged_datasets/merged_training_dataset/modificate/ds2__exp_3_augmented_v6.2_noK__modificate__burger_panino__bruciato__gpt_image_1_5__000527.jpg,1,0.99469346,1,modificate,,ds2__exp_3_augmented_v6.2_noK__modificate__burger_panino__bruciato__gpt_image_1_5__000527.jpg,,
/content/tmp_merged_datasets/merged_training_dataset/modificate/ds5__raw_vale_id__modificate__burger__panino__bruciato__gpt_image_1_5__000238.jpg,1,0.99311817,1,modificate,,ds5__raw_vale_id__modificate__burger__panino__bruciato__gpt_image_1_5__000238.jpg,,
/content/tmp_merged_datasets/merged_training_dataset/modificate/ds2__exp_3_augmented_v6.2_noK__modificate__riso_paella__crudo__gpt_image_1_5__002481.jpg,1,0.98630977,1,modificate,,ds2__exp_3_augmented_v6.2_noK__modificate__riso_paella__crudo__gpt_image_1_5__002481.jpg,,
/content/tmp_merged_datasets/merged_training_dataset/modificate/ds2__exp_3_augmented_v6.2_noK__modificate__pizza__bruciato__gpt_image_1_mini__002218.jpg,1,0.9985506,1,modificate,,ds2__exp_3_augmented_v6.2_noK__modificate__pizza__bruciato__gpt_image_1_mini__002218.jpg,,
/content/tmp_merged_datasets/merged_training_dataset/modificate/ds5__raw_vale_id__modificate__altro__ammuffito__gpt_image_1_5__000001.jpg,1,0.9737603,1,modificate,,ds5__raw_vale_id__modificate__altro__ammuffito__gpt_image_1_5__000001.jpg,,
/content/tmp_merged_datasets/merged_training_dataset/originali/ds2__exp_3_augmented_v6.2_noK__originali__buono__zuppa__000995.jpg,0,0.015008824,0,originali,ds2__exp_3_augmented_v6.2_noK__originali__buono__zuppa__000995.jpg,,,
/content/tmp_merged_datasets/merged_training_dataset/modificate/ds4__platsim_whatsapp_vale_id__modificate__pasta__marcio__gpt_image_1_mini__000290.jpg,1,0.991601,1,modificate,,ds4__platsim_whatsapp_vale_id__modificate__pasta__marcio__gpt_image_1_mini__000290.jpg,,
/content/tmp_merged_datasets/merged_training_dataset/modificate/ds4__platsim_whatsapp_vale_id__modificate__dessert__marcio__gpt_image_1_mini__000187.jpg,1,0.9831039,1,modificate,,ds4__platsim_whatsapp_vale_id__modificate__dessert__marcio__gpt_image_1_mini__000187.jpg,,
/content/tmp_merged_datasets/merged_training_dataset/originali/ds1__platsim_ar_pico_banana_9gb-V__originali__root__001283.jpg,0,0.011049582,0,originali,ds1__platsim_ar_pico_banana_9gb-V__originali__root__001283.jpg,,,
/content/tmp_merged_datasets/merged_training_dataset/modificate/ds1__platsim_ar_pico_banana_9gb-V__modificate__root__002400.jpg,1,0.9706518,1,modificate,,ds1__platsim_ar_pico_banana_9gb-V__modificate__root__002400.jpg,,
/content/tmp_merged_datasets/merged_training_dataset/modificate/ds3__platsim_raw_vale_id__modificate__carne__crudo__gpt_image_1_5__000328.jpg,1,0.9962845,1,modificate,,ds3__platsim_raw_vale_id__modificate__carne__crudo__gpt_image_1_5__000328.jpg,,
/content/tmp_merged_datasets/merged_training_dataset/originali/ds2__exp_3_augmented_v6.2_noK__originali__buono__carne__000365.jpg,0,0.012529578,0,originali,ds2__exp_3_augmented_v6.2_noK__originali__buono__carne__000365.jpg,,,
/content/tmp_merged_datasets/merged_training_dataset/modificate/ds2__exp_3_augmented_v6.2_noK__modificate__burger_panino__crudo__gpt_image_1_mini__000767.jpg,1,0.99522746,1,modificate,,ds2__exp_3_augmented_v6.2_noK__modificate__burger_panino__crudo__gpt_image_1_mini__000767.jpg,,
/content/tmp_merged_datasets/merged_training_dataset/modificate/ds1__platsim_ar_pico_banana_9gb-V__modificate__root__001554.jpg,1,0.96645045,1,modificate,,ds1__platsim_ar_pico_banana_9gb-V__modificate__root__001554.jpg,,
/content/tmp_merged_datasets/merged_training_dataset/modificate/ds1__platsim_ar_pico_banana_9gb-V__modificate__root__000960.jpg,1,0.97427297,1,modificate,,ds1__platsim_ar_pico_banana_9gb-V__modificate__root__000960.jpg,,
/content/tmp_merged_datasets/merged_training_dataset/modificate/ds2__exp_3_augmented_v6.2_noK__modificate__altro__crudo__gpt_image_1_5__000196.jpg,1,0.9642798,1,modificate,,ds2__exp_3_augmented_v6.2_noK__modificate__altro__crudo__gpt_image_1_5__000196.jpg,,
/content/tmp_merged_datasets/merged_training_dataset/originali/ds1__platsim_ar_pico_banana_9gb-V__originali__root__000603.jpg,0,0.73883635,1,originali,ds1__platsim_ar_pico_banana_9gb-V__originali__root__000603.jpg,,,
/content/tmp_merged_datasets/merged_training_dataset/modificate/ds5__raw_vale_id__modificate__burger__panino__marcio__gpt_image_1_5__000286.jpg,1,0.9964232,1,modificate,,ds5__raw_vale_id__modificate__burger__panino__marcio__gpt_image_1_5__000286.jpg,,
/content/tmp_merged_datasets/merged_training_dataset/modificate/ds1__platsim_ar_pico_banana_9gb-V__modificate__root__001857.jpg,1,0.9584389,1,modificate,,ds1__platsim_ar_pico_banana_9gb-V__modificate__root__001857.jpg,,
/content/tmp_merged_datasets/merged_training_dataset/originali/ds3__platsim_raw_vale_id__originali__buono__pizza__000322.jpg,0,0.017221184,0,originali,ds3__platsim_raw_vale_id__originali__buono__pizza__000322.jpg,,,
/content/tmp_merged_datasets/merged_training_dataset/originali/ds4__platsim_whatsapp_vale_id__originali__buono__carne__000048.jpg,0,0.016933233,0,originali,ds4__platsim_whatsapp_vale_id__originali__buono__carne__000048.jpg,,,
/content/tmp_merged_datasets/merged_training_dataset/modificate/ds2__exp_3_augmented_v6.2_noK__modificate__carne__crudo__gpt_image_1_mini__001223.jpg,1,0.99737215,1,modificate,,ds2__exp_3_augmented_v6.2_noK__modificate__carne__crudo__gpt_image_1_mini__001223.jpg,,
/content/tmp_merged_datasets/merged_training_dataset/modificate/ds2__exp_3_augmented_v6.2_noK__modificate__riso_paella__marcio__gpt_image_1_5__002543.jpg,1,0.98803526,1,modificate,,ds2__exp_3_augmented_v6.2_noK__modificate__riso_paella__marcio__gpt_image_1_5__002543.jpg,,
/content/tmp_merged_datasets/merged_training_dataset/originali/ds1__platsim_ar_pico_banana_9gb-V__originali__root__000238.jpg,0,0.028248293,0,originali,ds1__platsim_ar_pico_banana_9gb-V__originali__root__000238.jpg,,,
/content/tmp_merged_datasets/merged_training_dataset/originali/ds2__exp_3_augmented_v6.2_noK__originali__buono__carne__000415.jpg,0,0.021202119,0,originali,ds2__exp_3_augmented_v6.2_noK__originali__buono__carne__000415.jpg,,,
/content/tmp_merged_datasets/merged_training_dataset/modificate/ds1__platsim_ar_pico_banana_9gb-V__modificate__root__000676.jpg,1,0.9678707,1,modificate,,ds1__platsim_ar_pico_banana_9gb-V__modificate__root__000676.jpg,,
/content/tmp_merged_datasets/merged_training_dataset/originali/ds1__platsim_ar_pico_banana_9gb-V__originali__root__001318.jpg,0,0.95238185,1,originali,ds1__platsim_ar_pico_banana_9gb-V__originali__root__001318.jpg,,,
/content/tmp_merged_datasets/merged_training_dataset/modificate/ds1__platsim_ar_pico_banana_9gb-V__modificate__root__000551.jpg,1,0.9691244,1,modificate,,ds1__platsim_ar_pico_banana_9gb-V__modificate__root__000551.jpg,,
/content/tmp_merged_datasets/merged_training_dataset/modificate/ds1__platsim_ar_pico_banana_9gb-V__modificate__root__000064.jpg,1,0.018291159,0,modificate,,ds1__platsim_ar_pico_banana_9gb-V__modificate__root__000064.jpg,,
/content/tmp_merged_datasets/merged_training_dataset/modificate/ds2__exp_3_augmented_v6.2_noK__modificate__altro__insetti__gpt_image_1_mini__000322.jpg,1,0.9837077,1,modificate,,ds2__exp_3_augmented_v6.2_noK__modificate__altro__insetti__gpt_image_1_mini__000322.jpg,,
/content/tmp_merged_datasets/merged_training_dataset/modificate/ds3__platsim_raw_vale_id__modificate__pasta__crudo__gpt_image_1_5__000531.jpg,1,0.95608306,1,modificate,,ds3__platsim_raw_vale_id__modificate__pasta__crudo__gpt_image_1_5__000531.jpg,,
/content/tmp_merged_datasets/merged_training_dataset/originali/ds1__platsim_ar_pico_banana_9gb-V__originali__root__000403.jpg,0,0.029071955,0,originali,ds1__platsim_ar_pico_banana_9gb-V__originali__root__000403.jpg,,,
/content/tmp_merged_datasets/merged_training_dataset/modificate/ds2__exp_3_augmented_v6.2_noK__modificate__altro__marcio__gpt_image_1_mini__000413.jpg,1,0.9934708,1,modificate,,ds2__exp_3_augmented_v6.2_noK__modificate__altro__marcio__gpt_image_1_mini__000413.jpg,,
/content/tmp_merged_datasets/merged_training_dataset/originali/ds2__exp_3_augmented_v6.2_noK__originali__cattivo__frutta_verdura__marcio__001288.jpg,0,0.0086189415,0,originali,ds2__exp_3_augmented_v6.2_noK__originali__cattivo__frutta_verdura__marcio__001288.jpg,,,
/content/tmp_merged_datasets/merged_training_dataset/originali/ds3__platsim_raw_vale_id__originali__buono__kebab__000219.jpg,0,0.0053218063,0,originali,ds3__platsim_raw_vale_id__originali__buono__kebab__000219.jpg,,,
/content/tmp_merged_datasets/merged_training_dataset/originali/ds2__exp_3_augmented_v6.2_noK__originali__buono__altro__000049.jpg,0,0.010741241,0,originali,ds2__exp_3_augmented_v6.2_noK__originali__buono__altro__000049.jpg,,,
/content/tmp_merged_datasets/merged_training_dataset/originali/ds1__platsim_ar_pico_banana_9gb-V__originali__root__001304.jpg,0,0.902481,1,originali,ds1__platsim_ar_pico_banana_9gb-V__originali__root__001304.jpg,,,
/content/tmp_merged_datasets/merged_training_dataset/originali/ds1__platsim_ar_pico_banana_9gb-V__originali__root__000798.jpg,0,0.031091323,0,originali,ds1__platsim_ar_pico_banana_9gb-V__originali__root__000798.jpg,,,
/content/tmp_merged_datasets/merged_training_dataset/originali/ds3__platsim_raw_vale_id__originali__cattivo__pizza__bruciato__000398.jpg,0,0.95686287,1,originali,ds3__platsim_raw_vale_id__originali__cattivo__pizza__bruciato__000398.jpg,,,
/content/tmp_merged_datasets/merged_training_dataset/originali/ds2__exp_3_augmented_v6.2_noK__originali__cattivo__carne__bruciato__001081.jpg,0,0.02204198,0,originali,ds2__exp_3_augmented_v6.2_noK__originali__cattivo__carne__bruciato__001081.jpg,,,
/content/tmp_merged_datasets/merged_training_dataset/modificate/ds2__exp_3_augmented_v6.2_noK__modificate__altro__crudo__gpt_image_1_5__000230.jpg,1,0.90930057,1,modificate,,ds2__exp_3_augmented_v6.2_noK__modificate__altro__crudo__gpt_image_1_5__000230.jpg,,
/content/tmp_merged_datasets/merged_training_dataset/modificate/ds5__raw_vale_id__modificate__pasta__marcio__gpt_image_1_5__000594.jpg,1,0.9846805,1,modificate,,ds5__raw_vale_id__modificate__pasta__marcio__gpt_image_1_5__000594.jpg,,
/content/tmp_merged_datasets/merged_training_dataset/modificate/ds3__platsim_raw_vale_id__modificate__altro__insetti__gpt_image_1_5__000094.jpg,1,0.9668824,1,modificate,,ds3__platsim_raw_vale_id__modificate__altro__insetti__gpt_image_1_5__000094.jpg,,
/content/tmp_merged_datasets/merged_training_dataset/originali/ds1__platsim_ar_pico_banana_9gb-V__originali__root__001248.jpg,0,0.9415237,1,originali,ds1__platsim_ar_pico_banana_9gb-V__originali__root__001248.jpg,,,
/content/tmp_merged_datasets/merged_training_dataset/modificate/ds3__platsim_raw_vale_id__modificate__pizza__crudo__gpt_image_1_5__000720.jpg,1,0.9763737,1,modificate,,ds3__platsim_raw_vale_id__modificate__pizza__crudo__gpt_image_1_5__000720.jpg,,
/content/tmp_merged_datasets/merged_training_dataset/originali/ds1__platsim_ar_pico_banana_9gb-V__originali__root__000437.jpg,0,0.063107334,0,originali,ds1__platsim_ar_pico_banana_9gb-V__originali__root__000437.jpg,,,
/content/tmp_merged_datasets/merged_training_dataset/originali/ds3__platsim_raw_vale_id__originali__buono__carne__000158.jpg,0,0.012141518,0,originali,ds3__platsim_raw_vale_id__originali__buono__carne__000158.jpg,,,
/content/tmp_merged_datasets/merged_training_dataset/modificate/ds3__platsim_raw_vale_id__modificate__burger__panino__crudo__gpt_image_1_5__000252.jpg,1,0.9530861,1,modificate,,ds3__platsim_raw_vale_id__modificate__burger__panino__crudo__gpt_image_1_5__000252.jpg,,
/content/tmp_merged_datasets/merged_training_dataset/modificate/ds2__exp_3_augmented_v6.2_noK__modificate__carne__crudo__gpt_image_1_5__001119.jpg,1,0.9966258,1,modificate,,ds2__exp_3_augmented_v6.2_noK__modificate__carne__crudo__gpt_image_1_5__001119.jpg,,
/content/tmp_merged_datasets/merged_training_dataset/originali/ds2__exp_3_augmented_v6.2_noK__originali__buono__zuppa__001005.jpg,0,0.021039622,0,originali,ds2__exp_3_augmented_v6.2_noK__originali__buono__zuppa__001005.jpg,,,
/content/tmp_merged_datasets/merged_training_dataset/modificate/ds1__platsim_ar_pico_banana_9gb-V__modificate__root__000441.jpg,1,0.9498749,1,modificate,,ds1__platsim_ar_pico_banana_9gb-V__modificate__root__000441.jpg,,
/content/tmp_merged_datasets/merged_training_dataset/modificate/ds2__exp_3_augmented_v6.2_noK__modificate__altro__bruciato__gpt_image_1_5__000037.jpg,1,0.9937598,1,modificate,,ds2__exp_3_augmented_v6.2_noK__modificate__altro__bruciato__gpt_image_1_5__000037.jpg,,
/content/tmp_merged_datasets/merged_training_dataset/modificate/ds1__platsim_ar_pico_banana_9gb-V__modificate__root__000279.jpg,1,0.9725514,1,modificate,,ds1__platsim_ar_pico_banana_9gb-V__modificate__root__000279.jpg,,
/content/tmp_merged_datasets/merged_training_dataset/modificate/ds2__exp_3_augmented_v6.2_noK__modificate__carne__bruciato__gpt_image_1_5__000902.jpg,1,0.99662787,1,modificate,,ds2__exp_3_augmented_v6.2_noK__modificate__carne__bruciato__gpt_image_1_5__000902.jpg,,
/content/tmp_merged_datasets/merged_training_dataset/originali/ds1__platsim_ar_pico_banana_9gb-V__originali__root__001933.jpg,0,0.0064880326,0,originali,ds1__platsim_ar_pico_banana_9gb-V__originali__root__001933.jpg,,,
/content/tmp_merged_datasets/merged_training_dataset/originali/ds1__platsim_ar_pico_banana_9gb-V__originali__root__000448.jpg,0,0.43659532,0,originali,ds1__platsim_ar_pico_banana_9gb-V__originali__root__000448.jpg,,,
/content/tmp_merged_datasets/merged_training_dataset/modificate/ds2__exp_3_augmented_v6.2_noK__modificate__riso_paella__bruciato__gpt_image_1_mini__002430.jpg,1,0.99799675,1,modificate,,ds2__exp_3_augmented_v6.2_noK__modificate__riso_paella__bruciato__gpt_image_1_mini__002430.jpg,,
/content/tmp_merged_datasets/merged_training_dataset/modificate/ds1__platsim_ar_pico_banana_9gb-V__modificate__root__001806.jpg,1,0.9613255,1,modificate,,ds1__platsim_ar_pico_banana_9gb-V__modificate__root__001806.jpg,,
/content/tmp_merged_datasets/merged_training_dataset/modificate/ds2__exp_3_augmented_v6.2_noK__modificate__fritti__bruciato__gpt_image_1_mini__001421.jpg,1,0.99470127,1,modificate,,ds2__exp_3_augmented_v6.2_noK__modificate__fritti__bruciato__gpt_image_1_mini__001421.jpg,,
/content/tmp_merged_datasets/merged_training_dataset/originali/ds6__whatsapp_vale_id__originali__buono__pizza__000139.jpeg,0,0.9190157,1,originali,ds6__whatsapp_vale_id__originali__buono__pizza__000139.jpeg,,,
/content/tmp_merged_datasets/merged_training_dataset/originali/ds1__platsim_ar_pico_banana_9gb-V__originali__root__000505.jpg,0,0.017818402,0,originali,ds1__platsim_ar_pico_banana_9gb-V__originali__root__000505.jpg,,,
/content/tmp_merged_datasets/merged_training_dataset/modificate/ds2__exp_3_augmented_v6.2_noK__modificate__carne__crudo__gpt_image_1_5__001167.jpg,1,0.9924205,1,modificate,,ds2__exp_3_augmented_v6.2_noK__modificate__carne__crudo__gpt_image_1_5__001167.jpg,,
/content/tmp_merged_datasets/merged_training_dataset/originali/ds1__platsim_ar_pico_banana_9gb-V__originali__root__001719.jpg,0,0.9404268,1,originali,ds1__platsim_ar_pico_banana_9gb-V__originali__root__001719.jpg,,,
/content/tmp_merged_datasets/merged_training_dataset/modificate/ds5__raw_vale_id__modificate__carne__crudo__gpt_image_1_5__000340.jpg,1,0.98064697,1,modificate,,ds5__raw_vale_id__modificate__carne__crudo__gpt_image_1_5__000340.jpg,,
/content/tmp_merged_datasets/merged_training_dataset/originali/ds1__platsim_ar_pico_banana_9gb-V__originali__root__000904.jpg,0,0.049652997,0,originali,ds1__platsim_ar_pico_banana_9gb-V__originali__root__000904.jpg,,,
/content/tmp_merged_datasets/merged_training_dataset/originali/ds1__platsim_ar_pico_banana_9gb-V__originali__root__001221.jpg,0,0.7447131,1,originali,ds1__platsim_ar_pico_banana_9gb-V__originali__root__001221.jpg,,,
/content/tmp_merged_datasets/merged_training_dataset/modificate/ds1__platsim_ar_pico_banana_9gb-V__modificate__root__002341.jpg,1,0.96192265,1,modificate,,ds1__platsim_ar_pico_banana_9gb-V__modificate__root__002341.jpg,,
/content/tmp_merged_datasets/merged_training_dataset/modificate/ds5__raw_vale_id__modificate__pasta__marcio__gpt_image_1_5__000590.jpg,1,0.10870911,0,modificate,,ds5__raw_vale_id__modificate__pasta__marcio__gpt_image_1_5__000590.jpg,,
/content/tmp_merged_datasets/merged_training_dataset/modificate/ds2__exp_3_augmented_v6.2_noK__modificate__carne__bruciato__gpt_image_1_mini__001057.jpg,1,0.99669623,1,modificate,,ds2__exp_3_augmented_v6.2_noK__modificate__carne__bruciato__gpt_image_1_mini__001057.jpg,,
/content/tmp_merged_datasets/merged_training_dataset/modificate/ds2__exp_3_augmented_v6.2_noK__modificate__pasta__marcio__gpt_image_1_5__001956.jpg,1,0.99477553,1,modificate,,ds2__exp_3_augmented_v6.2_noK__modificate__pasta__marcio__gpt_image_1_5__001956.jpg,,
/content/tmp_merged_datasets/merged_training_dataset/modificate/ds1__platsim_ar_pico_banana_9gb-V__modificate__root__001308.jpg,1,0.9746156,1,modificate,,ds1__platsim_ar_pico_banana_9gb-V__modificate__root__001308.jpg,,
/content/tmp_merged_datasets/merged_training_dataset/modificate/ds4__platsim_whatsapp_vale_id__modificate__carne__crudo__gpt_image_1_5__000112.jpg,1,0.9909724,1,modificate,,ds4__platsim_whatsapp_vale_id__modificate__carne__crudo__gpt_image_1_5__000112.jpg,,
/content/tmp_merged_datasets/merged_training_dataset/originali/ds1__platsim_ar_pico_banana_9gb-V__originali__root__000040.jpg,0,0.042231176,0,originali,ds1__platsim_ar_pico_banana_9gb-V__originali__root__000040.jpg,,,
/content/tmp_merged_datasets/merged_training_dataset/modificate/ds5__raw_vale_id__modificate__altro__bruciato__gpt_image_1_5__000025.jpg,1,0.994437,1,modificate,,ds5__raw_vale_id__modificate__altro__bruciato__gpt_image_1_5__000025.jpg,,
/content/tmp_merged_datasets/merged_training_dataset/modificate/ds4__platsim_whatsapp_vale_id__modificate__dessert__marcio__gpt_image_1_5__000184.jpg,1,0.9921708,1,modificate,,ds4__platsim_whatsapp_vale_id__modificate__dessert__marcio__gpt_image_1_5__000184.jpg,,
/content/tmp_merged_datasets/merged_training_dataset/modificate/ds2__exp_3_augmented_v6.2_noK__modificate__altro__marcio__gpt_image_1_mini__000437.jpg,1,0.9899541,1,modificate,,ds2__exp_3_augmented_v6.2_noK__modificate__altro__marcio__gpt_image_1_mini__000437.jpg,,
/content/tmp_merged_datasets/merged_training_dataset/modificate/ds2__exp_3_augmented_v6.2_noK__modificate__pasta__bruciato__gpt_image_1_mini__001756.jpg,1,0.9912982,1,modificate,,ds2__exp_3_augmented_v6.2_noK__modificate__pasta__bruciato__gpt_image_1_mini__001756.jpg,,
/content/tmp_merged_datasets/merged_training_dataset/originali/ds1__platsim_ar_pico_banana_9gb-V__originali__root__001169.jpg,0,0.8514538,1,originali,ds1__platsim_ar_pico_banana_9gb-V__originali__root__001169.jpg,,,
/content/tmp_merged_datasets/merged_training_dataset/originali/ds1__platsim_ar_pico_banana_9gb-V__originali__root__002214.jpg,0,0.014566888,0,originali,ds1__platsim_ar_pico_banana_9gb-V__originali__root__002214.jpg,,,
/content/tmp_merged_datasets/merged_training_dataset/originali/ds1__platsim_ar_pico_banana_9gb-V__originali__root__000608.jpg,0,0.014846162,0,originali,ds1__platsim_ar_pico_banana_9gb-V__originali__root__000608.jpg,,,
/content/tmp_merged_datasets/merged_training_dataset/originali/ds1__platsim_ar_pico_banana_9gb-V__originali__root__002385.jpg,0,0.65127933,1,originali,ds1__platsim_ar_pico_banana_9gb-V__originali__root__002385.jpg,,,
/content/tmp_merged_datasets/merged_training_dataset/modificate/ds2__exp_3_augmented_v6.2_noK__modificate__riso_paella__bruciato__gpt_image_1_mini__002437.jpg,1,0.9955278,1,modificate,,ds2__exp_3_augmented_v6.2_noK__modificate__riso_paella__bruciato__gpt_image_1_mini__002437.jpg,,
/content/tmp_merged_datasets/merged_training_dataset/modificate/ds1__platsim_ar_pico_banana_9gb-V__modificate__root__000957.jpg,1,0.96723115,1,modificate,,ds1__platsim_ar_pico_banana_9gb-V__modificate__root__000957.jpg,,
/content/tmp_merged_datasets/merged_training_dataset/modificate/ds2__exp_3_augmented_v6.2_noK__modificate__carne__crudo__gpt_image_1_5__001183.jpg,1,0.96486634,1,modificate,,ds2__exp_3_augmented_v6.2_noK__modificate__carne__crudo__gpt_image_1_5__001183.jpg,,
/content/tmp_merged_datasets/merged_training_dataset/modificate/ds3__platsim_raw_vale_id__modificate__carne__crudo__gpt_image_1_5__000351.jpg,1,0.99395704,1,modificate,,ds3__platsim_raw_vale_id__modificate__carne__crudo__gpt_image_1_5__000351.jpg,,
/content/tmp_merged_datasets/merged_training_dataset/originali/ds5__raw_vale_id__originali__buono__dessert__000188.jpg,0,0.027590489,0,originali,ds5__raw_vale_id__originali__buono__dessert__000188.jpg,,,
/content/tmp_merged_datasets/merged_training_dataset/modificate/ds2__exp_3_augmented_v6.2_noK__modificate__altro__bruciato__gpt_image_1_5__000044.jpg,1,0.9971998,1,modificate,,ds2__exp_3_augmented_v6.2_noK__modificate__altro__bruciato__gpt_image_1_5__000044.jpg,,
/content/tmp_merged_datasets/merged_training_dataset/modificate/ds4__platsim_whatsapp_vale_id__modificate__pasta__marcio__gpt_image_1_5__000266.jpg,1,0.9303517,1,modificate,,ds4__platsim_whatsapp_vale_id__modificate__pasta__marcio__gpt_image_1_5__000266.jpg,,
/content/tmp_merged_datasets/merged_training_dataset/originali/ds2__exp_3_augmented_v6.2_noK__originali__buono__riso_paella__000898.jpg,0,0.018475763,0,originali,ds2__exp_3_augmented_v6.2_noK__originali__buono__riso_paella__000898.jpg,,,
/content/tmp_merged_datasets/merged_training_dataset/originali/ds1__platsim_ar_pico_banana_9gb-V__originali__root__002456.jpg,0,0.023490367,0,originali,ds1__platsim_ar_pico_banana_9gb-V__originali__root__002456.jpg,,,
/content/tmp_merged_datasets/merged_training_dataset/modificate/ds1__platsim_ar_pico_banana_9gb-V__modificate__root__001277.jpg,1,0.9630638,1,modificate,,ds1__platsim_ar_pico_banana_9gb-V__modificate__root__001277.jpg,,
/content/tmp_merged_datasets/merged_training_dataset/modificate/ds1__platsim_ar_pico_banana_9gb-V__modificate__root__000276.jpg,1,0.97333086,1,modificate,,ds1__platsim_ar_pico_banana_9gb-V__modificate__root__000276.jpg,,
/content/tmp_merged_datasets/merged_training_dataset/originali/ds2__exp_3_augmented_v6.2_noK__originali__cattivo__frutta_verdura__marcio__001294.jpg,0,0.008484923,0,originali,ds2__exp_3_augmented_v6.2_noK__originali__cattivo__frutta_verdura__marcio__001294.jpg,,,
/content/tmp_merged_datasets/merged_training_dataset/modificate/ds2__exp_3_augmented_v6.2_noK__modificate__insalata__insetti__gpt_image_1_mini__001712.jpg,1,0.9798656,1,modificate,,ds2__exp_3_augmented_v6.2_noK__modificate__insalata__insetti__gpt_image_1_mini__001712.jpg,,
/content/tmp_merged_datasets/merged_training_dataset/modificate/ds2__exp_3_augmented_v6.2_noK__modificate__pasta__marcio__gpt_image_1_5__001918.jpg,1,0.99252194,1,modificate,,ds2__exp_3_augmented_v6.2_noK__modificate__pasta__marcio__gpt_image_1_5__001918.jpg,,
/content/tmp_merged_datasets/merged_training_dataset/originali/ds2__exp_3_augmented_v6.2_noK__originali__buono__burger_panino__000249.jpg,0,0.010512125,0,originali,ds2__exp_3_augmented_v6.2_noK__originali__buono__burger_panino__000249.jpg,,,
/content/tmp_merged_datasets/merged_training_dataset/originali/ds4__platsim_whatsapp_vale_id__originali__buono__fritti__000084.jpg,0,0.020309918,0,originali,ds4__platsim_whatsapp_vale_id__originali__buono__fritti__000084.jpg,,,
/content/tmp_merged_datasets/merged_training_dataset/modificate/ds4__platsim_whatsapp_vale_id__modificate__dessert__ammuffito__gpt_image_1_5__000147.jpg,1,0.027078612,0,modificate,,ds4__platsim_whatsapp_vale_id__modificate__dessert__ammuffito__gpt_image_1_5__000147.jpg,,
/content/tmp_merged_datasets/merged_training_dataset/modificate/ds5__raw_vale_id__modificate__sushi__insetti__gpt_image_1_mini__000846.jpg,1,0.9912964,1,modificate,,ds5__raw_vale_id__modificate__sushi__insetti__gpt_image_1_mini__000846.jpg,,
/content/tmp_merged_datasets/merged_training_dataset/modificate/ds3__platsim_raw_vale_id__modificate__pizza__bruciato__gpt_image_1_5__000678.jpg,1,0.8089792,1,modificate,,ds3__platsim_raw_vale_id__modificate__pizza__bruciato__gpt_image_1_5__000678.jpg,,
/content/tmp_merged_datasets/merged_training_dataset/modificate/ds5__raw_vale_id__modificate__carne__marcio__gpt_image_1_5__000372.jpg,1,0.9836768,1,modificate,,ds5__raw_vale_id__modificate__carne__marcio__gpt_image_1_5__000372.jpg,,
/content/tmp_merged_datasets/merged_training_dataset/modificate/ds2__exp_3_augmented_v6.2_noK__modificate__carne__crudo__gpt_image_1_5__001179.jpg,1,0.9530746,1,modificate,,ds2__exp_3_augmented_v6.2_noK__modificate__carne__crudo__gpt_image_1_5__001179.jpg,,
/content/tmp_merged_datasets/merged_training_dataset/modificate/ds1__platsim_ar_pico_banana_9gb-V__modificate__root__001457.jpg,1,0.9882867,1,modificate,,ds1__platsim_ar_pico_banana_9gb-V__modificate__root__001457.jpg,,
/content/tmp_merged_datasets/merged_training_dataset/originali/ds2__exp_3_augmented_v6.2_noK__originali__buono__altro__000058.jpg,0,0.0070043127,0,originali,ds2__exp_3_augmented_v6.2_noK__originali__buono__altro__000058.jpg,,,
/content/tmp_merged_datasets/merged_training_dataset/modificate/ds1__platsim_ar_pico_banana_9gb-V__modificate__root__000378.jpg,1,0.9312364,1,modificate,,ds1__platsim_ar_pico_banana_9gb-V__modificate__root__000378.jpg,,
/content/tmp_merged_datasets/merged_training_dataset/modificate/ds1__platsim_ar_pico_banana_9gb-V__modificate__root__001275.jpg,1,0.0789291,0,modificate,,ds1__platsim_ar_pico_banana_9gb-V__modificate__root__001275.jpg,,
/content/tmp_merged_datasets/merged_training_dataset/originali/ds4__platsim_whatsapp_vale_id__originali__buono__carne__000057.jpg,0,0.86862725,1,originali,ds4__platsim_whatsapp_vale_id__originali__buono__carne__000057.jpg,,,
/content/tmp_merged_datasets/merged_training_dataset/originali/ds1__platsim_ar_pico_banana_9gb-V__originali__root__000858.jpg,0,0.008312665,0,originali,ds1__platsim_ar_pico_banana_9gb-V__originali__root__000858.jpg,,,
/content/tmp_merged_datasets/merged_training_dataset/modificate/ds1__platsim_ar_pico_banana_9gb-V__modificate__root__001756.jpg,1,0.97100765,1,modificate,,ds1__platsim_ar_pico_banana_9gb-V__modificate__root__001756.jpg,,
/content/tmp_merged_datasets/merged_training_dataset/originali/ds5__raw_vale_id__originali__buono__altro__000074.jpg,0,0.012859297,0,originali,ds5__raw_vale_id__originali__buono__altro__000074.jpg,,,
/content/tmp_merged_datasets/merged_training_dataset/modificate/ds2__exp_3_augmented_v6.2_noK__modificate__pizza__bruciato__gpt_image_1_mini__002222.jpg,1,0.9985927,1,modificate,,ds2__exp_3_augmented_v6.2_noK__modificate__pizza__bruciato__gpt_image_1_mini__002222.jpg,,
/content/tmp_merged_datasets/merged_training_dataset/modificate/ds1__platsim_ar_pico_banana_9gb-V__modificate__root__002413.jpg,1,0.9328717,1,modificate,,ds1__platsim_ar_pico_banana_9gb-V__modificate__root__002413.jpg,,
/content/tmp_merged_datasets/merged_training_dataset/originali/ds2__exp_3_augmented_v6.2_noK__originali__buono__pasta__000674.jpg,0,0.016089726,0,originali,ds2__exp_3_augmented_v6.2_noK__originali__buono__pasta__000674.jpg,,,
/content/tmp_merged_datasets/merged_training_dataset/originali/ds1__platsim_ar_pico_banana_9gb-V__originali__root__001509.jpg,0,0.04840202,0,originali,ds1__platsim_ar_pico_banana_9gb-V__originali__root__001509.jpg,,,
/content/tmp_merged_datasets/merged_training_dataset/originali/ds3__platsim_raw_vale_id__originali__buono__altro__000052.jpg,0,0.5507965,1,originali,ds3__platsim_raw_vale_id__originali__buono__altro__000052.jpg,,,
/content/tmp_merged_datasets/merged_training_dataset/modificate/ds1__platsim_ar_pico_banana_9gb-V__modificate__root__000065.jpg,1,0.9240596,1,modificate,,ds1__platsim_ar_pico_banana_9gb-V__modificate__root__000065.jpg,,
/content/tmp_merged_datasets/merged_training_dataset/modificate/ds1__platsim_ar_pico_banana_9gb-V__modificate__root__000177.jpg,1,0.9630524,1,modificate,,ds1__platsim_ar_pico_banana_9gb-V__modificate__root__000177.jpg,,
/content/tmp_merged_datasets/merged_training_dataset/originali/ds5__raw_vale_id__originali__buono__altro__000088.jpg,0,0.04653004,0,originali,ds5__raw_vale_id__originali__buono__altro__000088.jpg,,,
/content/tmp_merged_datasets/merged_training_dataset/modificate/ds6__whatsapp_vale_id__modificate__fritti__bruciato__gpt_image_1_5__000189.jpeg,1,0.99783945,1,modificate,,ds6__whatsapp_vale_id__modificate__fritti__bruciato__gpt_image_1_5__000189.jpeg,,
/content/tmp_merged_datasets/merged_training_dataset/modificate/ds5__raw_vale_id__modificate__carne__crudo__gpt_image_1_5__000358.jpg,1,0.99277896,1,modificate,,ds5__raw_vale_id__modificate__carne__crudo__gpt_image_1_5__000358.jpg,,
/content/tmp_merged_datasets/merged_training_dataset/originali/ds2__exp_3_augmented_v6.2_noK__originali__buono__zuppa__000988.jpg,0,0.011221855,0,originali,ds2__exp_3_augmented_v6.2_noK__originali__buono__zuppa__000988.jpg,,,
/content/tmp_merged_datasets/merged_training_dataset/modificate/ds1__platsim_ar_pico_banana_9gb-V__modificate__root__000020.jpg,1,0.049133275,0,modificate,,ds1__platsim_ar_pico_banana_9gb-V__modificate__root__000020.jpg,,
/content/tmp_merged_datasets/merged_training_dataset/originali/ds1__platsim_ar_pico_banana_9gb-V__originali__root__001927.jpg,0,0.13847236,0,originali,ds1__platsim_ar_pico_banana_9gb-V__originali__root__001927.jpg,,,
/content/tmp_merged_datasets/merged_training_dataset/modificate/ds3__platsim_raw_vale_id__modificate__altro__insetti__gpt_image_1_5__000112.jpg,1,0.9613419,1,modificate,,ds3__platsim_raw_vale_id__modificate__altro__insetti__gpt_image_1_5__000112.jpg,,
/content/tmp_merged_datasets/merged_training_dataset/modificate/ds5__raw_vale_id__modificate__dessert__marcio__gpt_image_1_5__000426.jpg,1,0.13814874,0,modificate,,ds5__raw_vale_id__modificate__dessert__marcio__gpt_image_1_5__000426.jpg,,
/content/tmp_merged_datasets/merged_training_dataset/modificate/ds2__exp_3_augmented_v6.2_noK__modificate__burger_panino__crudo__gpt_image_1_mini__000720.jpg,1,0.98034245,1,modificate,,ds2__exp_3_augmented_v6.2_noK__modificate__burger_panino__crudo__gpt_image_1_mini__000720.jpg,,
/content/tmp_merged_datasets/merged_training_dataset/modificate/ds5__raw_vale_id__modificate__pizza__crudo__gpt_image_1_5__000708.jpg,1,0.9816316,1,modificate,,ds5__raw_vale_id__modificate__pizza__crudo__gpt_image_1_5__000708.jpg,,
/content/tmp_merged_datasets/merged_training_dataset/modificate/ds2__exp_3_augmented_v6.2_noK__modificate__carne__bruciato__gpt_image_1_mini__001055.jpg,1,0.99585414,1,modificate,,ds2__exp_3_augmented_v6.2_noK__modificate__carne__bruciato__gpt_image_1_mini__001055.jpg,,
/content/tmp_merged_datasets/merged_training_dataset/modificate/ds6__whatsapp_vale_id__modificate__dessert__crudo__gpt_image_1_5__000168.jpeg,1,0.9707469,1,modificate,,ds6__whatsapp_vale_id__modificate__dessert__crudo__gpt_image_1_5__000168.jpeg,,
/content/tmp_merged_datasets/merged_training_dataset/modificate/ds2__exp_3_augmented_v6.2_noK__modificate__pizza__bruciato__gpt_image_1_mini__002199.jpg,1,0.99215007,1,modificate,,ds2__exp_3_augmented_v6.2_noK__modificate__pizza__bruciato__gpt_image_1_mini__002199.jpg,,
/content/tmp_merged_datasets/merged_training_dataset/modificate/ds3__platsim_raw_vale_id__modificate__altro__marcio__gpt_image_1_5__000131.jpg,1,0.9967314,1,modificate,,ds3__platsim_raw_vale_id__modificate__altro__marcio__gpt_image_1_5__000131.jpg,,
/content/tmp_merged_datasets/merged_training_dataset/modificate/ds2__exp_3_augmented_v6.2_noK__modificate__frutta_verdura__bruciato__gpt_image_1_mini__001538.jpg,1,0.9968554,1,modificate,,ds2__exp_3_augmented_v6.2_noK__modificate__frutta_verdura__bruciato__gpt_image_1_mini__001538.jpg,,
/content/tmp_merged_datasets/merged_training_dataset/originali/ds1__platsim_ar_pico_banana_9gb-V__originali__root__000597.jpg,0,0.0077848807,0,originali,ds1__platsim_ar_pico_banana_9gb-V__originali__root__000597.jpg,,,
/content/tmp_merged_datasets/merged_training_dataset/modificate/ds3__platsim_raw_vale_id__modificate__altro__marcio__gpt_image_1_5__000139.jpg,1,0.997038,1,modificate,,ds3__platsim_raw_vale_id__modificate__altro__marcio__gpt_image_1_5__000139.jpg,,
/content/tmp_merged_datasets/merged_training_dataset/modificate/ds2__exp_3_augmented_v6.2_noK__modificate__altro__marcio__gpt_image_1_mini__000436.jpg,1,0.9900351,1,modificate,,ds2__exp_3_augmented_v6.2_noK__modificate__altro__marcio__gpt_image_1_mini__000436.jpg,,
/content/tmp_merged_datasets/merged_training_dataset/modificate/ds2__exp_3_augmented_v6.2_noK__modificate__carne__crudo__gpt_image_1_mini__001225.jpg,1,0.9973335,1,modificate,,ds2__exp_3_augmented_v6.2_noK__modificate__carne__crudo__gpt_image_1_mini__001225.jpg,,
/content/tmp_merged_datasets/merged_training_dataset/modificate/ds1__platsim_ar_pico_banana_9gb-V__modificate__root__001636.jpg,1,0.9705419,1,modificate,,ds1__platsim_ar_pico_banana_9gb-V__modificate__root__001636.jpg,,
/content/tmp_merged_datasets/merged_training_dataset/modificate/ds1__platsim_ar_pico_banana_9gb-V__modificate__root__000571.jpg,1,0.9348126,1,modificate,,ds1__platsim_ar_pico_banana_9gb-V__modificate__root__000571.jpg,,
/content/tmp_merged_datasets/merged_training_dataset/modificate/ds2__exp_3_augmented_v6.2_noK__modificate__carne__bruciato__gpt_image_1_mini__001035.jpg,1,0.9964143,1,modificate,,ds2__exp_3_augmented_v6.2_noK__modificate__carne__bruciato__gpt_image_1_mini__001035.jpg,,
/content/tmp_merged_datasets/merged_training_dataset/originali/ds1__platsim_ar_pico_banana_9gb-V__originali__root__000102.jpg,0,0.3166302,0,originali,ds1__platsim_ar_pico_banana_9gb-V__originali__root__000102.jpg,,,
/content/tmp_merged_datasets/merged_training_dataset/modificate/ds4__platsim_whatsapp_vale_id__modificate__riso__paella__bruciato__gpt_image_1_5__000361.jpg,1,0.99567455,1,modificate,,ds4__platsim_whatsapp_vale_id__modificate__riso__paella__bruciato__gpt_image_1_5__000361.jpg,,
/content/tmp_merged_datasets/merged_training_dataset/modificate/ds5__raw_vale_id__modificate__riso__paella__bruciato__gpt_image_1_5__000750.jpg,1,0.9222018,1,modificate,,ds5__raw_vale_id__modificate__riso__paella__bruciato__gpt_image_1_5__000750.jpg,,
/content/tmp_merged_datasets/merged_training_dataset/originali/ds1__platsim_ar_pico_banana_9gb-V__originali__root__000840.jpg,0,0.78592926,1,originali,ds1__platsim_ar_pico_banana_9gb-V__originali__root__000840.jpg,,,
/content/tmp_merged_datasets/merged_training_dataset/modificate/ds2__exp_3_augmented_v6.2_noK__modificate__altro__marcio__gpt_image_1_mini__000449.jpg,1,0.9912157,1,modificate,,ds2__exp_3_augmented_v6.2_noK__modificate__altro__marcio__gpt_image_1_mini__000449.jpg,,
/content/tmp_merged_datasets/merged_training_dataset/modificate/ds1__platsim_ar_pico_banana_9gb-V__modificate__root__001045.jpg,1,0.9779368,1,modificate,,ds1__platsim_ar_pico_banana_9gb-V__modificate__root__001045.jpg,,
/content/tmp_merged_datasets/merged_training_dataset/modificate/ds1__platsim_ar_pico_banana_9gb-V__modificate__root__001189.jpg,1,0.9267863,1,modificate,,ds1__platsim_ar_pico_banana_9gb-V__modificate__root__001189.jpg,,
/content/tmp_merged_datasets/merged_training_dataset/originali/ds6__whatsapp_vale_id__originali__buono__pizza__000134.jpeg,0,0.0210129,0,originali,ds6__whatsapp_vale_id__originali__buono__pizza__000134.jpeg,,,
/content/tmp_merged_datasets/merged_training_dataset/modificate/ds1__platsim_ar_pico_banana_9gb-V__modificate__root__000444.jpg,1,0.9303524,1,modificate,,ds1__platsim_ar_pico_banana_9gb-V__modificate__root__000444.jpg,,
/content/tmp_merged_datasets/merged_training_dataset/modificate/ds2__exp_3_augmented_v6.2_noK__modificate__patatine__crudo__gpt_image_1_mini__002110.jpg,1,0.9943381,1,modificate,,ds2__exp_3_augmented_v6.2_noK__modificate__patatine__crudo__gpt_image_1_mini__002110.jpg,,
/content/tmp_merged_datasets/merged_training_dataset/originali/ds1__platsim_ar_pico_banana_9gb-V__originali__root__000152.jpg,0,0.95320034,1,originali,ds1__platsim_ar_pico_banana_9gb-V__originali__root__000152.jpg,,,
/content/tmp_merged_datasets/merged_training_dataset/modificate/ds4__platsim_whatsapp_vale_id__modificate__pasta__marcio__gpt_image_1_mini__000294.jpg,1,0.9828122,1,modificate,,ds4__platsim_whatsapp_vale_id__modificate__pasta__marcio__gpt_image_1_mini__000294.jpg,,
/content/tmp_merged_datasets/merged_training_dataset/modificate/ds5__raw_vale_id__modificate__sushi__marcio__gpt_image_1_5__000853.jpg,1,0.96640754,1,modificate,,ds5__raw_vale_id__modificate__sushi__marcio__gpt_image_1_5__000853.jpg,,
/content/tmp_merged_datasets/merged_training_dataset/originali/ds3__platsim_raw_vale_id__originali__buono__pizza__000308.jpg,0,0.018453047,0,originali,ds3__platsim_raw_vale_id__originali__buono__pizza__000308.jpg,,,
/content/tmp_merged_datasets/merged_training_dataset/originali/ds1__platsim_ar_pico_banana_9gb-V__originali__root__001027.jpg,0,0.9626396,1,originali,ds1__platsim_ar_pico_banana_9gb-V__originali__root__001027.jpg,,,
/content/tmp_merged_datasets/merged_training_dataset/originali/ds1__platsim_ar_pico_banana_9gb-V__originali__root__001962.jpg,0,0.025162922,0,originali,ds1__platsim_ar_pico_banana_9gb-V__originali__root__001962.jpg,,,
/content/tmp_merged_datasets/merged_training_dataset/modificate/ds2__exp_3_augmented_v6.2_noK__modificate__pasta__crudo__gpt_image_1_mini__001877.jpg,1,0.9825712,1,modificate,,ds2__exp_3_augmented_v6.2_noK__modificate__pasta__crudo__gpt_image_1_mini__001877.jpg,,
/content/tmp_merged_datasets/merged_training_dataset/originali/ds1__platsim_ar_pico_banana_9gb-V__originali__root__001884.jpg,0,0.020598939,0,originali,ds1__platsim_ar_pico_banana_9gb-V__originali__root__001884.jpg,,,
/content/tmp_merged_datasets/merged_training_dataset/modificate/ds5__raw_vale_id__modificate__pasta__marcio__gpt_image_1_5__000619.jpg,1,0.5757563,1,modificate,,ds5__raw_vale_id__modificate__pasta__marcio__gpt_image_1_5__000619.jpg,,
/content/tmp_merged_datasets/merged_training_dataset/modificate/ds4__platsim_whatsapp_vale_id__modificate__pasta__bruciato__gpt_image_1_5__000229.jpg,1,0.9947515,1,modificate,,ds4__platsim_whatsapp_vale_id__modificate__pasta__bruciato__gpt_image_1_5__000229.jpg,,
/content/tmp_merged_datasets/merged_training_dataset/modificate/ds1__platsim_ar_pico_banana_9gb-V__modificate__root__002208.jpg,1,0.91688085,1,modificate,,ds1__platsim_ar_pico_banana_9gb-V__modificate__root__002208.jpg,,
/content/tmp_merged_datasets/merged_training_dataset/originali/ds5__raw_vale_id__originali__buono__carne__000154.jpg,0,0.12053451,0,originali,ds5__raw_vale_id__originali__buono__carne__000154.jpg,,,
/content/tmp_merged_datasets/merged_training_dataset/modificate/ds1__platsim_ar_pico_banana_9gb-V__modificate__root__001899.jpg,1,0.9641719,1,modificate,,ds1__platsim_ar_pico_banana_9gb-V__modificate__root__001899.jpg,,
/content/tmp_merged_datasets/merged_training_dataset/modificate/ds2__exp_3_augmented_v6.2_noK__modificate__pizza__crudo__gpt_image_1_5__002234.jpg,1,0.9844578,1,modificate,,ds2__exp_3_augmented_v6.2_noK__modificate__pizza__crudo__gpt_image_1_5__002234.jpg,,
/content/tmp_merged_datasets/merged_training_dataset/modificate/ds2__exp_3_augmented_v6.2_noK__modificate__altro__bruciato__gpt_image_1_5__000009.jpg,1,0.99721897,1,modificate,,ds2__exp_3_augmented_v6.2_noK__modificate__altro__bruciato__gpt_image_1_5__000009.jpg,,
/content/tmp_merged_datasets/merged_training_dataset/originali/ds4__platsim_whatsapp_vale_id__originali__buono__sushi__000167.jpg,0,0.14598036,0,originali,ds4__platsim_whatsapp_vale_id__originali__buono__sushi__000167.jpg,,,
/content/tmp_merged_datasets/merged_training_dataset/originali/ds1__platsim_ar_pico_banana_9gb-V__originali__root__001671.jpg,0,0.29082593,0,originali,ds1__platsim_ar_pico_banana_9gb-V__originali__root__001671.jpg,,,
/content/tmp_merged_datasets/merged_training_dataset/modificate/ds1__platsim_ar_pico_banana_9gb-V__modificate__root__000798.jpg,1,0.95714647,1,modificate,,ds1__platsim_ar_pico_banana_9gb-V__modificate__root__000798.jpg,,
/content/tmp_merged_datasets/merged_training_dataset/modificate/ds2__exp_3_augmented_v6.2_noK__modificate__burger_panino__crudo__gpt_image_1_mini__000732.jpg,1,0.99587643,1,modificate,,ds2__exp_3_augmented_v6.2_noK__modificate__burger_panino__crudo__gpt_image_1_mini__000732.jpg,,
/content/tmp_merged_datasets/merged_training_dataset/modificate/ds6__whatsapp_vale_id__modificate__riso__paella__bruciato__gpt_image_1_5__000361.jpg,1,0.99564373,1,modificate,,ds6__whatsapp_vale_id__modificate__riso__paella__bruciato__gpt_image_1_5__000361.jpg,,
/content/tmp_merged_datasets/merged_training_dataset/modificate/ds2__exp_3_augmented_v6.2_noK__modificate__carne__bruciato__gpt_image_1_5__000939.jpg,1,0.997269,1,modificate,,ds2__exp_3_augmented_v6.2_noK__modificate__carne__bruciato__gpt_image_1_5__000939.jpg,,
/content/tmp_merged_datasets/merged_training_dataset/modificate/ds2__exp_3_augmented_v6.2_noK__modificate__riso_paella__bruciato__gpt_image_1_5__002351.jpg,1,0.99528825,1,modificate,,ds2__exp_3_augmented_v6.2_noK__modificate__riso_paella__bruciato__gpt_image_1_5__002351.jpg,,
/content/tmp_merged_datasets/merged_training_dataset/modificate/ds5__raw_vale_id__modificate__altro__crudo__gpt_image_1_mini__000089.jpg,1,0.98705775,1,modificate,,ds5__raw_vale_id__modificate__altro__crudo__gpt_image_1_mini__000089.jpg,,
/content/tmp_merged_datasets/merged_training_dataset/originali/ds1__platsim_ar_pico_banana_9gb-V__originali__root__001097.jpg,0,0.0069715753,0,originali,ds1__platsim_ar_pico_banana_9gb-V__originali__root__001097.jpg,,,
/content/tmp_merged_datasets/merged_training_dataset/originali/ds4__platsim_whatsapp_vale_id__originali__buono__riso_paella__000157.jpg,0,0.031262096,0,originali,ds4__platsim_whatsapp_vale_id__originali__buono__riso_paella__000157.jpg,,,
/content/tmp_merged_datasets/merged_training_dataset/modificate/ds1__platsim_ar_pico_banana_9gb-V__modificate__root__000568.jpg,1,0.97539854,1,modificate,,ds1__platsim_ar_pico_banana_9gb-V__modificate__root__000568.jpg,,
/content/tmp_merged_datasets/merged_training_dataset/originali/ds6__whatsapp_vale_id__originali__buono__carne__000042.jpg,0,0.01719317,0,originali,ds6__whatsapp_vale_id__originali__buono__carne__000042.jpg,,,
/content/tmp_merged_datasets/merged_training_dataset/modificate/ds1__platsim_ar_pico_banana_9gb-V__modificate__root__000861.jpg,1,0.8792187,1,modificate,,ds1__platsim_ar_pico_banana_9gb-V__modificate__root__000861.jpg,,
/content/tmp_merged_datasets/merged_training_dataset/modificate/ds1__platsim_ar_pico_banana_9gb-V__modificate__root__000046.jpg,1,0.9522877,1,modificate,,ds1__platsim_ar_pico_banana_9gb-V__modificate__root__000046.jpg,,
/content/tmp_merged_datasets/merged_training_dataset/originali/ds1__platsim_ar_pico_banana_9gb-V__originali__root__000974.jpg,0,0.65677065,1,originali,ds1__platsim_ar_pico_banana_9gb-V__originali__root__000974.jpg,,,
/content/tmp_merged_datasets/merged_training_dataset/originali/ds2__exp_3_augmented_v6.2_noK__originali__buono__burger_panino__000302.jpg,0,0.008000266,0,originali,ds2__exp_3_augmented_v6.2_noK__originali__buono__burger_panino__000302.jpg,,,
/content/tmp_merged_datasets/merged_training_dataset/originali/ds2__exp_3_augmented_v6.2_noK__originali__buono__insalata__000597.jpg,0,0.018277198,0,originali,ds2__exp_3_augmented_v6.2_noK__originali__buono__insalata__000597.jpg,,,
/content/tmp_merged_datasets/merged_training_dataset/modificate/ds5__raw_vale_id__modificate__dessert__ammuffito__gpt_image_1_mini__000387.jpg,1,0.9782829,1,modificate,,ds5__raw_vale_id__modificate__dessert__ammuffito__gpt_image_1_mini__000387.jpg,,
/content/tmp_merged_datasets/merged_training_dataset/modificate/ds3__platsim_raw_vale_id__modificate__pasta__crudo__gpt_image_1_5__000566.jpg,1,0.9952159,1,modificate,,ds3__platsim_raw_vale_id__modificate__pasta__crudo__gpt_image_1_5__000566.jpg,,
/content/tmp_merged_datasets/merged_training_dataset/originali/ds1__platsim_ar_pico_banana_9gb-V__originali__root__001852.jpg,0,0.013674877,0,originali,ds1__platsim_ar_pico_banana_9gb-V__originali__root__001852.jpg,,,
/content/tmp_merged_datasets/merged_training_dataset/modificate/ds3__platsim_raw_vale_id__modificate__zuppa__bruciato__gpt_image_1_5__000878.jpg,1,0.99545234,1,modificate,,ds3__platsim_raw_vale_id__modificate__zuppa__bruciato__gpt_image_1_5__000878.jpg,,
/content/tmp_merged_datasets/merged_training_dataset/originali/ds1__platsim_ar_pico_banana_9gb-V__originali__root__002477.jpg,0,0.012759956,0,originali,ds1__platsim_ar_pico_banana_9gb-V__originali__root__002477.jpg,,,
/content/tmp_merged_datasets/merged_training_dataset/modificate/ds3__platsim_raw_vale_id__modificate__patatine__bruciato__gpt_image_1_5__000657.jpg,1,0.99671185,1,modificate,,ds3__platsim_raw_vale_id__modificate__patatine__bruciato__gpt_image_1_5__000657.jpg,,
/content/tmp_merged_datasets/merged_training_dataset/modificate/ds2__exp_3_augmented_v6.2_noK__modificate__carne__crudo__gpt_image_1_mini__001229.jpg,1,0.9973339,1,modificate,,ds2__exp_3_augmented_v6.2_noK__modificate__carne__crudo__gpt_image_1_mini__001229.jpg,,
/content/tmp_merged_datasets/merged_training_dataset/originali/ds3__platsim_raw_vale_id__originali__buono__altro__000086.jpg,0,0.013019313,0,originali,ds3__platsim_raw_vale_id__originali__buono__altro__000086.jpg,,,
/content/tmp_merged_datasets/merged_training_dataset/modificate/ds1__platsim_ar_pico_banana_9gb-V__modificate__root__000740.jpg,1,0.94683033,1,modificate,,ds1__platsim_ar_pico_banana_9gb-V__modificate__root__000740.jpg,,
/content/tmp_merged_datasets/merged_training_dataset/modificate/ds2__exp_3_augmented_v6.2_noK__modificate__altro__bruciato__gpt_image_1_mini__000116.jpg,1,0.98994607,1,modificate,,ds2__exp_3_augmented_v6.2_noK__modificate__altro__bruciato__gpt_image_1_mini__000116.jpg,,
/content/tmp_merged_datasets/merged_training_dataset/originali/ds1__platsim_ar_pico_banana_9gb-V__originali__root__000427.jpg,0,0.004114859,0,originali,ds1__platsim_ar_pico_banana_9gb-V__originali__root__000427.jpg,,,
/content/tmp_merged_datasets/merged_training_dataset/modificate/ds5__raw_vale_id__modificate__pasta__bruciato__gpt_image_1_5__000495.jpg,1,0.99137396,1,modificate,,ds5__raw_vale_id__modificate__pasta__bruciato__gpt_image_1_5__000495.jpg,,
/content/tmp_merged_datasets/merged_training_dataset/modificate/ds2__exp_3_augmented_v6.2_noK__modificate__burger_panino__marcio__gpt_image_1_mini__000843.jpg,1,0.9906324,1,modificate,,ds2__exp_3_augmented_v6.2_noK__modificate__burger_panino__marcio__gpt_image_1_mini__000843.jpg,,
/content/tmp_merged_datasets/merged_training_dataset/originali/ds4__platsim_whatsapp_vale_id__originali__buono__carne__000043.jpg,0,0.010460104,0,originali,ds4__platsim_whatsapp_vale_id__originali__buono__carne__000043.jpg,,,
/content/tmp_merged_datasets/merged_training_dataset/modificate/ds1__platsim_ar_pico_banana_9gb-V__modificate__root__000247.jpg,1,0.9806475,1,modificate,,ds1__platsim_ar_pico_banana_9gb-V__modificate__root__000247.jpg,,
/content/tmp_merged_datasets/merged_training_dataset/originali/ds2__exp_3_augmented_v6.2_noK__originali__cattivo__carne__bruciato__001116.jpg,0,0.006310096,0,originali,ds2__exp_3_augmented_v6.2_noK__originali__cattivo__carne__bruciato__001116.jpg,,,
/content/tmp_merged_datasets/merged_training_dataset/modificate/ds1__platsim_ar_pico_banana_9gb-V__modificate__root__001306.jpg,1,0.5615689,1,modificate,,ds1__platsim_ar_pico_banana_9gb-V__modificate__root__001306.jpg,,
/content/tmp_merged_datasets/merged_training_dataset/originali/ds2__exp_3_augmented_v6.2_noK__originali__buono__riso_paella__000890.jpg,0,0.014066081,0,originali,ds2__exp_3_augmented_v6.2_noK__originali__buono__riso_paella__000890.jpg,,,
/content/tmp_merged_datasets/merged_training_dataset/modificate/ds1__platsim_ar_pico_banana_9gb-V__modificate__root__002063.jpg,1,0.17487518,0,modificate,,ds1__platsim_ar_pico_banana_9gb-V__modificate__root__002063.jpg,,
/content/tmp_merged_datasets/merged_training_dataset/modificate/ds5__raw_vale_id__modificate__pasta__marcio__gpt_image_1_mini__000638.jpg,1,0.9890415,1,modificate,,ds5__raw_vale_id__modificate__pasta__marcio__gpt_image_1_mini__000638.jpg,,
/content/tmp_merged_datasets/merged_training_dataset/originali/ds1__platsim_ar_pico_banana_9gb-V__originali__root__000801.jpg,0,0.03205199,0,originali,ds1__platsim_ar_pico_banana_9gb-V__originali__root__000801.jpg,,,
/content/tmp_merged_datasets/merged_training_dataset/originali/ds3__platsim_raw_vale_id__originali__buono__pasta__000230.jpg,0,0.037550334,0,originali,ds3__platsim_raw_vale_id__originali__buono__pasta__000230.jpg,,,
/content/tmp_merged_datasets/merged_training_dataset/originali/ds1__platsim_ar_pico_banana_9gb-V__originali__root__001084.jpg,0,0.40377694,0,originali,ds1__platsim_ar_pico_banana_9gb-V__originali__root__001084.jpg,,,
/content/tmp_merged_datasets/merged_training_dataset/modificate/ds2__exp_3_augmented_v6.2_noK__modificate__frutta_verdura__crudo__gpt_image_1_mini__001568.jpg,1,0.9955112,1,modificate,,ds2__exp_3_augmented_v6.2_noK__modificate__frutta_verdura__crudo__gpt_image_1_mini__001568.jpg,,
/content/tmp_merged_datasets/merged_training_dataset/modificate/ds3__platsim_raw_vale_id__modificate__riso__paella__bruciato__gpt_image_1_5__000754.jpg,1,0.98738575,1,modificate,,ds3__platsim_raw_vale_id__modificate__riso__paella__bruciato__gpt_image_1_5__000754.jpg,,
/content/tmp_merged_datasets/merged_training_dataset/originali/ds2__exp_3_augmented_v6.2_noK__originali__buono__riso_paella__000859.jpg,0,0.01566951,0,originali,ds2__exp_3_augmented_v6.2_noK__originali__buono__riso_paella__000859.jpg,,,
/content/tmp_merged_datasets/merged_training_dataset/modificate/ds1__platsim_ar_pico_banana_9gb-V__modificate__root__001823.jpg,1,0.94681793,1,modificate,,ds1__platsim_ar_pico_banana_9gb-V__modificate__root__001823.jpg,,
/content/tmp_merged_datasets/merged_training_dataset/modificate/ds1__platsim_ar_pico_banana_9gb-V__modificate__root__000890.jpg,1,0.9749118,1,modificate,,ds1__platsim_ar_pico_banana_9gb-V__modificate__root__000890.jpg,,
/content/tmp_merged_datasets/merged_training_dataset/originali/ds5__raw_vale_id__originali__buono__altro__000000.jpg,0,0.03616039,0,originali,ds5__raw_vale_id__originali__buono__altro__000000.jpg,,,
/content/tmp_merged_datasets/merged_training_dataset/originali/ds1__platsim_ar_pico_banana_9gb-V__originali__root__001922.jpg,0,0.059361473,0,originali,ds1__platsim_ar_pico_banana_9gb-V__originali__root__001922.jpg,,,
/content/tmp_merged_datasets/merged_training_dataset/modificate/ds6__whatsapp_vale_id__modificate__pasta__altro__gpt_image_1_5__000223.jpeg,1,0.98124766,1,modificate,,ds6__whatsapp_vale_id__modificate__pasta__altro__gpt_image_1_5__000223.jpeg,,
/content/tmp_merged_datasets/merged_training_dataset/originali/ds3__platsim_raw_vale_id__originali__buono__pasta__000261.jpg,0,0.5413088,0,originali,ds3__platsim_raw_vale_id__originali__buono__pasta__000261.jpg,,,
/content/tmp_merged_datasets/merged_training_dataset/originali/ds1__platsim_ar_pico_banana_9gb-V__originali__root__000006.jpg,0,0.94958895,1,originali,ds1__platsim_ar_pico_banana_9gb-V__originali__root__000006.jpg,,,
/content/tmp_merged_datasets/merged_training_dataset/modificate/ds2__exp_3_augmented_v6.2_noK__modificate__frutta_verdura__marcio__gpt_image_1_5__001638.jpg,1,0.9914942,1,modificate,,ds2__exp_3_augmented_v6.2_noK__modificate__frutta_verdura__marcio__gpt_image_1_5__001638.jpg,,
/content/tmp_merged_datasets/merged_training_dataset/originali/ds2__exp_3_augmented_v6.2_noK__originali__cattivo__frutta_verdura__marcio__001309.jpg,0,0.0072395056,0,originali,ds2__exp_3_augmented_v6.2_noK__originali__cattivo__frutta_verdura__marcio__001309.jpg,,,
/content/tmp_merged_datasets/merged_training_dataset/modificate/ds1__platsim_ar_pico_banana_9gb-V__modificate__root__000567.jpg,1,0.9150881,1,modificate,,ds1__platsim_ar_pico_banana_9gb-V__modificate__root__000567.jpg,,
/content/tmp_merged_datasets/merged_training_dataset/modificate/ds5__raw_vale_id__modificate__carne__bruciato__gpt_image_1_5__000292.jpg,1,0.9901722,1,modificate,,ds5__raw_vale_id__modificate__carne__bruciato__gpt_image_1_5__000292.jpg,,
/content/tmp_merged_datasets/merged_training_dataset/originali/ds1__platsim_ar_pico_banana_9gb-V__originali__root__002197.jpg,0,0.8206145,1,originali,ds1__platsim_ar_pico_banana_9gb-V__originali__root__002197.jpg,,,
/content/tmp_merged_datasets/merged_training_dataset/modificate/ds5__raw_vale_id__modificate__pizza__marcio__gpt_image_1_5__000732.jpg,1,0.1897411,0,modificate,,ds5__raw_vale_id__modificate__pizza__marcio__gpt_image_1_5__000732.jpg,,
/content/tmp_merged_datasets/merged_training_dataset/modificate/ds1__platsim_ar_pico_banana_9gb-V__modificate__root__001403.jpg,1,0.27234632,0,modificate,,ds1__platsim_ar_pico_banana_9gb-V__modificate__root__001403.jpg,,
/content/tmp_merged_datasets/merged_training_dataset/modificate/ds2__exp_3_augmented_v6.2_noK__modificate__frutta_verdura__bruciato__gpt_image_1_5__001528.jpg,1,0.9956934,1,modificate,,ds2__exp_3_augmented_v6.2_noK__modificate__frutta_verdura__bruciato__gpt_image_1_5__001528.jpg,,
/content/tmp_merged_datasets/merged_training_dataset/modificate/ds3__platsim_raw_vale_id__modificate__altro__insetti__gpt_image_1_5__000097.jpg,1,0.96603715,1,modificate,,ds3__platsim_raw_vale_id__modificate__altro__insetti__gpt_image_1_5__000097.jpg,,
/content/tmp_merged_datasets/merged_training_dataset/modificate/ds1__platsim_ar_pico_banana_9gb-V__modificate__root__001548.jpg,1,0.95761406,1,modificate,,ds1__platsim_ar_pico_banana_9gb-V__modificate__root__001548.jpg,,
/content/tmp_merged_datasets/merged_training_dataset/modificate/ds5__raw_vale_id__modificate__sushi__insetti__gpt_image_1_5__000839.jpg,1,0.96989733,1,modificate,,ds5__raw_vale_id__modificate__sushi__insetti__gpt_image_1_5__000839.jpg,,
/content/tmp_merged_datasets/merged_training_dataset/originali/ds3__platsim_raw_vale_id__originali__buono__pizza__000305.jpg,0,0.030467512,0,originali,ds3__platsim_raw_vale_id__originali__buono__pizza__000305.jpg,,,
/content/tmp_merged_datasets/merged_training_dataset/modificate/ds1__platsim_ar_pico_banana_9gb-V__modificate__root__001035.jpg,1,0.9764662,1,modificate,,ds1__platsim_ar_pico_banana_9gb-V__modificate__root__001035.jpg,,
/content/tmp_merged_datasets/merged_training_dataset/modificate/ds5__raw_vale_id__modificate__pasta__bruciato__gpt_image_1_5__000494.jpg,1,0.99552286,1,modificate,,ds5__raw_vale_id__modificate__pasta__bruciato__gpt_image_1_5__000494.jpg,,
/content/tmp_merged_datasets/merged_training_dataset/modificate/ds2__exp_3_augmented_v6.2_noK__modificate__altro__marcio__gpt_image_1_mini__000439.jpg,1,0.989593,1,modificate,,ds2__exp_3_augmented_v6.2_noK__modificate__altro__marcio__gpt_image_1_mini__000439.jpg,,
/content/tmp_merged_datasets/merged_training_dataset/originali/ds2__exp_3_augmented_v6.2_noK__originali__buono__dessert__000471.jpg,0,0.006018668,0,originali,ds2__exp_3_augmented_v6.2_noK__originali__buono__dessert__000471.jpg,,,
/content/tmp_merged_datasets/merged_training_dataset/originali/ds1__platsim_ar_pico_banana_9gb-V__originali__root__000719.jpg,0,0.01358716,0,originali,ds1__platsim_ar_pico_banana_9gb-V__originali__root__000719.jpg,,,
/content/tmp_merged_datasets/merged_training_dataset/originali/ds1__platsim_ar_pico_banana_9gb-V__originali__root__001392.jpg,0,0.024908883,0,originali,ds1__platsim_ar_pico_banana_9gb-V__originali__root__001392.jpg,,,
/content/tmp_merged_datasets/merged_training_dataset/originali/ds3__platsim_raw_vale_id__originali__buono__pasta__000248.jpg,0,0.08365368,0,originali,ds3__platsim_raw_vale_id__originali__buono__pasta__000248.jpg,,,
/content/tmp_merged_datasets/merged_training_dataset/originali/ds6__whatsapp_vale_id__originali__buono__carne__000046.jpeg,0,0.009511271,0,originali,ds6__whatsapp_vale_id__originali__buono__carne__000046.jpeg,,,
/content/tmp_merged_datasets/merged_training_dataset/modificate/ds5__raw_vale_id__modificate__pasta__marcio__gpt_image_1_mini__000652.jpg,1,0.994242,1,modificate,,ds5__raw_vale_id__modificate__pasta__marcio__gpt_image_1_mini__000652.jpg,,
/content/tmp_merged_datasets/merged_training_dataset/modificate/ds2__exp_3_augmented_v6.2_noK__modificate__riso_paella__bruciato__gpt_image_1_5__002382.jpg,1,0.98880976,1,modificate,,ds2__exp_3_augmented_v6.2_noK__modificate__riso_paella__bruciato__gpt_image_1_5__002382.jpg,,
/content/tmp_merged_datasets/merged_training_dataset/modificate/ds1__platsim_ar_pico_banana_9gb-V__modificate__root__002047.jpg,1,0.9674444,1,modificate,,ds1__platsim_ar_pico_banana_9gb-V__modificate__root__002047.jpg,,
/content/tmp_merged_datasets/merged_training_dataset/modificate/ds5__raw_vale_id__modificate__riso__paella__crudo__gpt_image_1_5__000790.jpg,1,0.9396277,1,modificate,,ds5__raw_vale_id__modificate__riso__paella__crudo__gpt_image_1_5__000790.jpg,,
/content/tmp_merged_datasets/merged_training_dataset/modificate/ds2__exp_3_augmented_v6.2_noK__modificate__burger_panino__crudo__gpt_image_1_mini__000742.jpg,1,0.99188143,1,modificate,,ds2__exp_3_augmented_v6.2_noK__modificate__burger_panino__crudo__gpt_image_1_mini__000742.jpg,,
/content/tmp_merged_datasets/merged_training_dataset/modificate/ds2__exp_3_augmented_v6.2_noK__modificate__frutta_verdura__marcio__gpt_image_1_mini__001661.jpg,1,0.9940479,1,modificate,,ds2__exp_3_augmented_v6.2_noK__modificate__frutta_verdura__marcio__gpt_image_1_mini__001661.jpg,,
/content/tmp_merged_datasets/merged_training_dataset/modificate/ds1__platsim_ar_pico_banana_9gb-V__modificate__root__001318.jpg,1,0.6956664,1,modificate,,ds1__platsim_ar_pico_banana_9gb-V__modificate__root__001318.jpg,,
/content/tmp_merged_datasets/merged_training_dataset/modificate/ds2__exp_3_augmented_v6.2_noK__modificate__patatine__bruciato__gpt_image_1_mini__002088.jpg,1,0.9977596,1,modificate,,ds2__exp_3_augmented_v6.2_noK__modificate__patatine__bruciato__gpt_image_1_mini__002088.jpg,,
/content/tmp_merged_datasets/merged_training_dataset/modificate/ds1__platsim_ar_pico_banana_9gb-V__modificate__root__000011.jpg,1,0.9689228,1,modificate,,ds1__platsim_ar_pico_banana_9gb-V__modificate__root__000011.jpg,,
/content/tmp_merged_datasets/merged_training_dataset/modificate/ds3__platsim_raw_vale_id__modificate__burger__panino__bruciato__gpt_image_1_5__000230.jpg,1,0.9949738,1,modificate,,ds3__platsim_raw_vale_id__modificate__burger__panino__bruciato__gpt_image_1_5__000230.jpg,,
/content/tmp_merged_datasets/merged_training_dataset/originali/ds2__exp_3_augmented_v6.2_noK__originali__buono__zuppa__001003.jpg,0,0.01976817,0,originali,ds2__exp_3_augmented_v6.2_noK__originali__buono__zuppa__001003.jpg,,,
/content/tmp_merged_datasets/merged_training_dataset/modificate/ds5__raw_vale_id__modificate__altro__marcio__gpt_image_1_mini__000227.jpg,1,0.8230153,1,modificate,,ds5__raw_vale_id__modificate__altro__marcio__gpt_image_1_mini__000227.jpg,,
/content/tmp_merged_datasets/merged_training_dataset/modificate/ds3__platsim_raw_vale_id__modificate__riso__paella__bruciato__gpt_image_1_mini__000774.jpg,1,0.997006,1,modificate,,ds3__platsim_raw_vale_id__modificate__riso__paella__bruciato__gpt_image_1_mini__000774.jpg,,
/content/tmp_merged_datasets/merged_training_dataset/modificate/ds1__platsim_ar_pico_banana_9gb-V__modificate__root__001226.jpg,1,0.1510261,0,modificate,,ds1__platsim_ar_pico_banana_9gb-V__modificate__root__001226.jpg,,
/content/tmp_merged_datasets/merged_training_dataset/modificate/ds1__platsim_ar_pico_banana_9gb-V__modificate__root__000368.jpg,1,0.9342785,1,modificate,,ds1__platsim_ar_pico_banana_9gb-V__modificate__root__000368.jpg,,
/content/tmp_merged_datasets/merged_training_dataset/modificate/ds1__platsim_ar_pico_banana_9gb-V__modificate__root__002203.jpg,1,0.9833251,1,modificate,,ds1__platsim_ar_pico_banana_9gb-V__modificate__root__002203.jpg,,
/content/tmp_merged_datasets/merged_training_dataset/modificate/ds1__platsim_ar_pico_banana_9gb-V__modificate__root__000528.jpg,1,0.9686157,1,modificate,,ds1__platsim_ar_pico_banana_9gb-V__modificate__root__000528.jpg,,
/content/tmp_merged_datasets/merged_training_dataset/originali/ds1__platsim_ar_pico_banana_9gb-V__originali__root__002104.jpg,0,0.46425784,0,originali,ds1__platsim_ar_pico_banana_9gb-V__originali__root__002104.jpg,,,
/content/tmp_merged_datasets/merged_training_dataset/modificate/ds2__exp_3_augmented_v6.2_noK__modificate__altro__crudo__gpt_image_1_5__000202.jpg,1,0.9940409,1,modificate,,ds2__exp_3_augmented_v6.2_noK__modificate__altro__crudo__gpt_image_1_5__000202.jpg,,
/content/tmp_merged_datasets/merged_training_dataset/modificate/ds2__exp_3_augmented_v6.2_noK__modificate__burger_panino__crudo__gpt_image_1_mini__000693.jpg,1,0.9941645,1,modificate,,ds2__exp_3_augmented_v6.2_noK__modificate__burger_panino__crudo__gpt_image_1_mini__000693.jpg,,
/content/tmp_merged_datasets/merged_training_dataset/modificate/ds3__platsim_raw_vale_id__modificate__pasta__marcio__gpt_image_1_5__000611.jpg,1,0.90566033,1,modificate,,ds3__platsim_raw_vale_id__modificate__pasta__marcio__gpt_image_1_5__000611.jpg,,
/content/tmp_merged_datasets/merged_training_dataset/originali/ds1__platsim_ar_pico_banana_9gb-V__originali__root__001077.jpg,0,0.956097,1,originali,ds1__platsim_ar_pico_banana_9gb-V__originali__root__001077.jpg,,,
/content/tmp_merged_datasets/merged_training_dataset/originali/ds1__platsim_ar_pico_banana_9gb-V__originali__root__001747.jpg,0,0.017540164,0,originali,ds1__platsim_ar_pico_banana_9gb-V__originali__root__001747.jpg,,,
/content/tmp_merged_datasets/merged_training_dataset/modificate/ds6__whatsapp_vale_id__modificate__dessert__bruciato__gpt_image_1_5__000154.jpeg,1,0.010063279,0,modificate,,ds6__whatsapp_vale_id__modificate__dessert__bruciato__gpt_image_1_5__000154.jpeg,,
/content/tmp_merged_datasets/merged_training_dataset/modificate/ds4__platsim_whatsapp_vale_id__modificate__pasta__crudo__gpt_image_1_mini__000257.jpg,1,0.9865281,1,modificate,,ds4__platsim_whatsapp_vale_id__modificate__pasta__crudo__gpt_image_1_mini__000257.jpg,,
/content/tmp_merged_datasets/merged_training_dataset/originali/ds1__platsim_ar_pico_banana_9gb-V__originali__root__001214.jpg,0,0.01695477,0,originali,ds1__platsim_ar_pico_banana_9gb-V__originali__root__001214.jpg,,,
/content/tmp_merged_datasets/merged_training_dataset/modificate/ds4__platsim_whatsapp_vale_id__modificate__carne__crudo__gpt_image_1_5__000108.jpg,1,0.94485044,1,modificate,,ds4__platsim_whatsapp_vale_id__modificate__carne__crudo__gpt_image_1_5__000108.jpg,,
/content/tmp_merged_datasets/merged_training_dataset/modificate/ds1__platsim_ar_pico_banana_9gb-V__modificate__root__001367.jpg,1,0.9500741,1,modificate,,ds1__platsim_ar_pico_banana_9gb-V__modificate__root__001367.jpg,,
/content/tmp_merged_datasets/merged_training_dataset/modificate/ds6__whatsapp_vale_id__modificate__pasta__marcio__gpt_image_1_mini__000296.jpeg,1,0.98724073,1,modificate,,ds6__whatsapp_vale_id__modificate__pasta__marcio__gpt_image_1_mini__000296.jpeg,,
/content/tmp_merged_datasets/merged_training_dataset/originali/ds2__exp_3_augmented_v6.2_noK__originali__cattivo__frutta_verdura__altro__001176.jpg,0,0.009591063,0,originali,ds2__exp_3_augmented_v6.2_noK__originali__cattivo__frutta_verdura__altro__001176.jpg,,,
/content/tmp_merged_datasets/merged_training_dataset/originali/ds2__exp_3_augmented_v6.2_noK__originali__cattivo__altro__altro__001018.jpg,0,0.00940519,0,originali,ds2__exp_3_augmented_v6.2_noK__originali__cattivo__altro__altro__001018.jpg,,,
/content/tmp_merged_datasets/merged_training_dataset/modificate/ds2__exp_3_augmented_v6.2_noK__modificate__altro__crudo__gpt_image_1_5__000206.jpg,1,0.99389255,1,modificate,,ds2__exp_3_augmented_v6.2_noK__modificate__altro__crudo__gpt_image_1_5__000206.jpg,,
/content/tmp_merged_datasets/merged_training_dataset/modificate/ds1__platsim_ar_pico_banana_9gb-V__modificate__root__001381.jpg,1,0.98046494,1,modificate,,ds1__platsim_ar_pico_banana_9gb-V__modificate__root__001381.jpg,,
/content/tmp_merged_datasets/merged_training_dataset/modificate/ds3__platsim_raw_vale_id__modificate__dessert__bruciato__gpt_image_1_5__000392.jpg,1,0.90494096,1,modificate,,ds3__platsim_raw_vale_id__modificate__dessert__bruciato__gpt_image_1_5__000392.jpg,,
/content/tmp_merged_datasets/merged_training_dataset/modificate/ds2__exp_3_augmented_v6.2_noK__modificate__pizza__bruciato__gpt_image_1_mini__002186.jpg,1,0.9961456,1,modificate,,ds2__exp_3_augmented_v6.2_noK__modificate__pizza__bruciato__gpt_image_1_mini__002186.jpg,,
/content/tmp_merged_datasets/merged_training_dataset/modificate/ds1__platsim_ar_pico_banana_9gb-V__modificate__root__000926.jpg,1,0.95157367,1,modificate,,ds1__platsim_ar_pico_banana_9gb-V__modificate__root__000926.jpg,,
/content/tmp_merged_datasets/merged_training_dataset/modificate/ds2__exp_3_augmented_v6.2_noK__modificate__burger_panino__crudo__gpt_image_1_mini__000781.jpg,1,0.9778836,1,modificate,,ds2__exp_3_augmented_v6.2_noK__modificate__burger_panino__crudo__gpt_image_1_mini__000781.jpg,,
/content/tmp_merged_datasets/merged_training_dataset/modificate/ds2__exp_3_augmented_v6.2_noK__modificate__pizza__bruciato__gpt_image_1_mini__002207.jpg,1,0.9973241,1,modificate,,ds2__exp_3_augmented_v6.2_noK__modificate__pizza__bruciato__gpt_image_1_mini__002207.jpg,,
/content/tmp_merged_datasets/merged_training_dataset/modificate/ds5__raw_vale_id__modificate__sushi__marcio__gpt_image_1_5__000855.jpg,1,0.97811973,1,modificate,,ds5__raw_vale_id__modificate__sushi__marcio__gpt_image_1_5__000855.jpg,,
/content/tmp_merged_datasets/merged_training_dataset/modificate/ds4__platsim_whatsapp_vale_id__modificate__altro__marcio__gpt_image_1_5__000051.jpg,1,0.973705,1,modificate,,ds4__platsim_whatsapp_vale_id__modificate__altro__marcio__gpt_image_1_5__000051.jpg,,
/content/tmp_merged_datasets/merged_training_dataset/modificate/ds2__exp_3_augmented_v6.2_noK__modificate__altro__marcio__gpt_image_1_mini__000448.jpg,1,0.9909541,1,modificate,,ds2__exp_3_augmented_v6.2_noK__modificate__altro__marcio__gpt_image_1_mini__000448.jpg,,
/content/tmp_merged_datasets/merged_training_dataset/modificate/ds2__exp_3_augmented_v6.2_noK__modificate__burger_panino__crudo__gpt_image_1_mini__000754.jpg,1,0.9945074,1,modificate,,ds2__exp_3_augmented_v6.2_noK__modificate__burger_panino__crudo__gpt_image_1_mini__000754.jpg,,
/content/tmp_merged_datasets/merged_training_dataset/modificate/ds2__exp_3_augmented_v6.2_noK__modificate__frutta_verdura__ammuffito__gpt_image_1_5__001484.jpg,1,0.9932307,1,modificate,,ds2__exp_3_augmented_v6.2_noK__modificate__frutta_verdura__ammuffito__gpt_image_1_5__001484.jpg,,
/content/tmp_merged_datasets/merged_training_dataset/modificate/ds4__platsim_whatsapp_vale_id__modificate__kebab__crudo__gpt_image_1_5__000219.jpg,1,0.99463755,1,modificate,,ds4__platsim_whatsapp_vale_id__modificate__kebab__crudo__gpt_image_1_5__000219.jpg,,
/content/tmp_merged_datasets/merged_training_dataset/modificate/ds3__platsim_raw_vale_id__modificate__carne__bruciato__gpt_image_1_5__000317.jpg,1,0.9941843,1,modificate,,ds3__platsim_raw_vale_id__modificate__carne__bruciato__gpt_image_1_5__000317.jpg,,
/content/tmp_merged_datasets/merged_training_dataset/modificate/ds1__platsim_ar_pico_banana_9gb-V__modificate__root__001826.jpg,1,0.9810311,1,modificate,,ds1__platsim_ar_pico_banana_9gb-V__modificate__root__001826.jpg,,
/content/tmp_merged_datasets/merged_training_dataset/modificate/ds1__platsim_ar_pico_banana_9gb-V__modificate__root__002275.jpg,1,0.3311153,0,modificate,,ds1__platsim_ar_pico_banana_9gb-V__modificate__root__002275.jpg,,
/content/tmp_merged_datasets/merged_training_dataset/originali/ds1__platsim_ar_pico_banana_9gb-V__originali__root__000143.jpg,0,0.043652937,0,originali,ds1__platsim_ar_pico_banana_9gb-V__originali__root__000143.jpg,,,
/content/tmp_merged_datasets/merged_training_dataset/modificate/ds1__platsim_ar_pico_banana_9gb-V__modificate__root__001795.jpg,1,0.97391486,1,modificate,,ds1__platsim_ar_pico_banana_9gb-V__modificate__root__001795.jpg,,
/content/tmp_merged_datasets/merged_training_dataset/modificate/ds2__exp_3_augmented_v6.2_noK__modificate__riso_paella__bruciato__gpt_image_1_5__002366.jpg,1,0.9972059,1,modificate,,ds2__exp_3_augmented_v6.2_noK__modificate__riso_paella__bruciato__gpt_image_1_5__002366.jpg,,
/content/tmp_merged_datasets/merged_training_dataset/originali/ds1__platsim_ar_pico_banana_9gb-V__originali__root__002252.jpg,0,0.75312054,1,originali,ds1__platsim_ar_pico_banana_9gb-V__originali__root__002252.jpg,,,
/content/tmp_merged_datasets/merged_training_dataset/originali/ds1__platsim_ar_pico_banana_9gb-V__originali__root__002042.jpg,0,0.021299057,0,originali,ds1__platsim_ar_pico_banana_9gb-V__originali__root__002042.jpg,,,
/content/tmp_merged_datasets/merged_training_dataset/originali/ds6__whatsapp_vale_id__originali__buono__frutta_verdura__000093.jpeg,0,0.02884013,0,originali,ds6__whatsapp_vale_id__originali__buono__frutta_verdura__000093.jpeg,,,
/content/tmp_merged_datasets/merged_training_dataset/modificate/ds5__raw_vale_id__modificate__burger__panino__marcio__gpt_image_1_5__000281.jpeg,1,0.9905798,1,modificate,,ds5__raw_vale_id__modificate__burger__panino__marcio__gpt_image_1_5__000281.jpeg,,
/content/tmp_merged_datasets/merged_training_dataset/modificate/ds3__platsim_raw_vale_id__modificate__sushi__insetti__gpt_image_1_mini__000845.jpg,1,0.99065745,1,modificate,,ds3__platsim_raw_vale_id__modificate__sushi__insetti__gpt_image_1_mini__000845.jpg,,
/content/tmp_merged_datasets/merged_training_dataset/modificate/ds2__exp_3_augmented_v6.2_noK__modificate__pasta__marcio__gpt_image_1_5__001982.jpg,1,0.9744186,1,modificate,,ds2__exp_3_augmented_v6.2_noK__modificate__pasta__marcio__gpt_image_1_5__001982.jpg,,
/content/tmp_merged_datasets/merged_training_dataset/modificate/ds5__raw_vale_id__modificate__altro__bruciato__gpt_image_1_mini__000047.jpg,1,0.9986332,1,modificate,,ds5__raw_vale_id__modificate__altro__bruciato__gpt_image_1_mini__000047.jpg,,
/content/tmp_merged_datasets/merged_training_dataset/originali/ds2__exp_3_augmented_v6.2_noK__originali__buono__frutta_verdura__000529.jpg,0,0.06303768,0,originali,ds2__exp_3_augmented_v6.2_noK__originali__buono__frutta_verdura__000529.jpg,,,
/content/tmp_merged_datasets/merged_training_dataset/modificate/ds1__platsim_ar_pico_banana_9gb-V__modificate__root__001600.jpg,1,0.86712384,1,modificate,,ds1__platsim_ar_pico_banana_9gb-V__modificate__root__001600.jpg,,
/content/tmp_merged_datasets/merged_training_dataset/originali/ds3__platsim_raw_vale_id__originali__buono__riso_paella__000347.jpg,0,0.019600216,0,originali,ds3__platsim_raw_vale_id__originali__buono__riso_paella__000347.jpg,,,
/content/tmp_merged_datasets/merged_training_dataset/modificate/ds5__raw_vale_id__modificate__pasta__insetti__gpt_image_1_5__000583.jpg,1,0.9711548,1,modificate,,ds5__raw_vale_id__modificate__pasta__insetti__gpt_image_1_5__000583.jpg,,
/content/tmp_merged_datasets/merged_training_dataset/modificate/ds5__raw_vale_id__modificate__riso__paella__bruciato__gpt_image_1_mini__000774.jpg,1,0.99740404,1,modificate,,ds5__raw_vale_id__modificate__riso__paella__bruciato__gpt_image_1_mini__000774.jpg,,
/content/tmp_merged_datasets/merged_training_dataset/originali/ds1__platsim_ar_pico_banana_9gb-V__originali__root__001682.jpg,0,0.025619132,0,originali,ds1__platsim_ar_pico_banana_9gb-V__originali__root__001682.jpg,,,
/content/tmp_merged_datasets/merged_training_dataset/modificate/ds2__exp_3_augmented_v6.2_noK__modificate__sushi__marcio__gpt_image_1_mini__002626.jpg,1,0.97750014,1,modificate,,ds2__exp_3_augmented_v6.2_noK__modificate__sushi__marcio__gpt_image_1_mini__002626.jpg,,
/content/tmp_merged_datasets/merged_training_dataset/modificate/ds6__whatsapp_vale_id__modificate__carne__marcio__gpt_image_1_5__000135.jpg,1,0.9913099,1,modificate,,ds6__whatsapp_vale_id__modificate__carne__marcio__gpt_image_1_5__000135.jpg,,
/content/tmp_merged_datasets/merged_training_dataset/originali/ds1__platsim_ar_pico_banana_9gb-V__originali__root__002017.jpg,0,0.2541797,0,originali,ds1__platsim_ar_pico_banana_9gb-V__originali__root__002017.jpg,,,
/content/tmp_merged_datasets/merged_training_dataset/originali/ds1__platsim_ar_pico_banana_9gb-V__originali__root__002151.jpg,0,0.025523134,0,originali,ds1__platsim_ar_pico_banana_9gb-V__originali__root__002151.jpg,,,
/content/tmp_merged_datasets/merged_training_dataset/modificate/ds6__whatsapp_vale_id__modificate__pasta__crudo__gpt_image_1_5__000234.jpeg,1,0.94796365,1,modificate,,ds6__whatsapp_vale_id__modificate__pasta__crudo__gpt_image_1_5__000234.jpeg,,
/content/tmp_merged_datasets/merged_training_dataset/originali/ds1__platsim_ar_pico_banana_9gb-V__originali__root__000163.jpg,0,0.54625255,0,originali,ds1__platsim_ar_pico_banana_9gb-V__originali__root__000163.jpg,,,
/content/tmp_merged_datasets/merged_training_dataset/modificate/ds1__platsim_ar_pico_banana_9gb-V__modificate__root__001639.jpg,1,0.41135484,0,modificate,,ds1__platsim_ar_pico_banana_9gb-V__modificate__root__001639.jpg,,
/content/tmp_merged_datasets/merged_training_dataset/originali/ds1__platsim_ar_pico_banana_9gb-V__originali__root__000818.jpg,0,0.37652177,0,originali,ds1__platsim_ar_pico_banana_9gb-V__originali__root__000818.jpg,,,
/content/tmp_merged_datasets/merged_training_dataset/modificate/ds4__platsim_whatsapp_vale_id__modificate__riso__paella__bruciato__gpt_image_1_5__000355.jpg,1,0.98154885,1,modificate,,ds4__platsim_whatsapp_vale_id__modificate__riso__paella__bruciato__gpt_image_1_5__000355.jpg,,
/content/tmp_merged_datasets/merged_training_dataset/modificate/ds2__exp_3_augmented_v6.2_noK__modificate__patatine__bruciato__gpt_image_1_mini__002080.jpg,1,0.9968957,1,modificate,,ds2__exp_3_augmented_v6.2_noK__modificate__patatine__bruciato__gpt_image_1_mini__002080.jpg,,
/content/tmp_merged_datasets/merged_training_dataset/modificate/ds1__platsim_ar_pico_banana_9gb-V__modificate__root__000418.jpg,1,0.96993536,1,modificate,,ds1__platsim_ar_pico_banana_9gb-V__modificate__root__000418.jpg,,
/content/tmp_merged_datasets/merged_training_dataset/modificate/ds2__exp_3_augmented_v6.2_noK__modificate__carne__crudo__gpt_image_1_5__001113.jpg,1,0.9962645,1,modificate,,ds2__exp_3_augmented_v6.2_noK__modificate__carne__crudo__gpt_image_1_5__001113.jpg,,
/content/tmp_merged_datasets/merged_training_dataset/modificate/ds1__platsim_ar_pico_banana_9gb-V__modificate__root__001348.jpg,1,0.9638169,1,modificate,,ds1__platsim_ar_pico_banana_9gb-V__modificate__root__001348.jpg,,
/content/tmp_merged_datasets/merged_training_dataset/modificate/ds4__platsim_whatsapp_vale_id__modificate__pizza__crudo__gpt_image_1_5__000333.jpg,1,0.9553761,1,modificate,,ds4__platsim_whatsapp_vale_id__modificate__pizza__crudo__gpt_image_1_5__000333.jpg,,
/content/tmp_merged_datasets/merged_training_dataset/modificate/ds2__exp_3_augmented_v6.2_noK__modificate__pasta__marcio__gpt_image_1_mini__002047.jpg,1,0.9946109,1,modificate,,ds2__exp_3_augmented_v6.2_noK__modificate__pasta__marcio__gpt_image_1_mini__002047.jpg,,
/content/tmp_merged_datasets/merged_training_dataset/originali/ds3__platsim_raw_vale_id__originali__buono__dessert__000191.jpg,0,0.03680599,0,originali,ds3__platsim_raw_vale_id__originali__buono__dessert__000191.jpg,,,
/content/tmp_merged_datasets/merged_training_dataset/originali/ds5__raw_vale_id__originali__buono__altro__000060.jpg,0,0.009653945,0,originali,ds5__raw_vale_id__originali__buono__altro__000060.jpg,,,
/content/tmp_merged_datasets/merged_training_dataset/modificate/ds3__platsim_raw_vale_id__modificate__altro__marcio__gpt_image_1_mini__000207.jpg,1,0.994181,1,modificate,,ds3__platsim_raw_vale_id__modificate__altro__marcio__gpt_image_1_mini__000207.jpg,,
/content/tmp_merged_datasets/merged_training_dataset/modificate/ds2__exp_3_augmented_v6.2_noK__modificate__burger_panino__marcio__gpt_image_1_5__000806.jpg,1,0.99107015,1,modificate,,ds2__exp_3_augmented_v6.2_noK__modificate__burger_panino__marcio__gpt_image_1_5__000806.jpg,,
/content/tmp_merged_datasets/merged_training_dataset/originali/ds1__platsim_ar_pico_banana_9gb-V__originali__root__001175.jpg,0,0.014615457,0,originali,ds1__platsim_ar_pico_banana_9gb-V__originali__root__001175.jpg,,,
/content/tmp_merged_datasets/merged_training_dataset/modificate/ds2__exp_3_augmented_v6.2_noK__modificate__carne__crudo__gpt_image_1_5__001103.jpg,1,0.9935011,1,modificate,,ds2__exp_3_augmented_v6.2_noK__modificate__carne__crudo__gpt_image_1_5__001103.jpg,,
/content/tmp_merged_datasets/merged_training_dataset/modificate/ds3__platsim_raw_vale_id__modificate__riso__paella__crudo__gpt_image_1_5__000783.jpg,1,0.98443455,1,modificate,,ds3__platsim_raw_vale_id__modificate__riso__paella__crudo__gpt_image_1_5__000783.jpg,,
/content/tmp_merged_datasets/merged_training_dataset/modificate/ds2__exp_3_augmented_v6.2_noK__modificate__carne__bruciato__gpt_image_1_5__000943.jpg,1,0.99711883,1,modificate,,ds2__exp_3_augmented_v6.2_noK__modificate__carne__bruciato__gpt_image_1_5__000943.jpg,,
/content/tmp_merged_datasets/merged_training_dataset/modificate/ds5__raw_vale_id__modificate__altro__marcio__gpt_image_1_mini__000221.jpg,1,0.98505396,1,modificate,,ds5__raw_vale_id__modificate__altro__marcio__gpt_image_1_mini__000221.jpg,,
/content/tmp_merged_datasets/merged_training_dataset/originali/ds1__platsim_ar_pico_banana_9gb-V__originali__root__001009.jpg,0,0.41112518,0,originali,ds1__platsim_ar_pico_banana_9gb-V__originali__root__001009.jpg,,,
/content/tmp_merged_datasets/merged_training_dataset/modificate/ds2__exp_3_augmented_v6.2_noK__modificate__altro__bruciato__gpt_image_1_mini__000129.jpg,1,0.9965283,1,modificate,,ds2__exp_3_augmented_v6.2_noK__modificate__altro__bruciato__gpt_image_1_mini__000129.jpg,,
/content/tmp_merged_datasets/merged_training_dataset/originali/ds1__platsim_ar_pico_banana_9gb-V__originali__root__001987.jpg,0,0.14845401,0,originali,ds1__platsim_ar_pico_banana_9gb-V__originali__root__001987.jpg,,,
/content/tmp_merged_datasets/merged_training_dataset/modificate/ds5__raw_vale_id__modificate__riso__paella__bruciato__gpt_image_1_5__000743.jpg,1,0.99733824,1,modificate,,ds5__raw_vale_id__modificate__riso__paella__bruciato__gpt_image_1_5__000743.jpg,,
/content/tmp_merged_datasets/merged_training_dataset/modificate/ds2__exp_3_augmented_v6.2_noK__modificate__frutta_verdura__marcio__gpt_image_1_5__001635.jpg,1,0.990884,1,modificate,,ds2__exp_3_augmented_v6.2_noK__modificate__frutta_verdura__marcio__gpt_image_1_5__001635.jpg,,
/content/tmp_merged_datasets/merged_training_dataset/modificate/ds2__exp_3_augmented_v6.2_noK__modificate__riso_paella__bruciato__gpt_image_1_mini__002409.jpg,1,0.99799585,1,modificate,,ds2__exp_3_augmented_v6.2_noK__modificate__riso_paella__bruciato__gpt_image_1_mini__002409.jpg,,
/content/tmp_merged_datasets/merged_training_dataset/originali/ds2__exp_3_augmented_v6.2_noK__originali__buono__insalata__000580.jpg,0,0.021880772,0,originali,ds2__exp_3_augmented_v6.2_noK__originali__buono__insalata__000580.jpg,,,
/content/tmp_merged_datasets/merged_training_dataset/originali/ds2__exp_3_augmented_v6.2_noK__originali__cattivo__frutta_verdura__ammuffito__001216.jpg,0,0.011844166,0,originali,ds2__exp_3_augmented_v6.2_noK__originali__cattivo__frutta_verdura__ammuffito__001216.jpg,,,
/content/tmp_merged_datasets/merged_training_dataset/originali/ds1__platsim_ar_pico_banana_9gb-V__originali__root__000991.jpg,0,0.78900814,1,originali,ds1__platsim_ar_pico_banana_9gb-V__originali__root__000991.jpg,,,
/content/tmp_merged_datasets/merged_training_dataset/modificate/ds3__platsim_raw_vale_id__modificate__zuppa__marcio__gpt_image_1_5__000892.jpg,1,0.99379694,1,modificate,,ds3__platsim_raw_vale_id__modificate__zuppa__marcio__gpt_image_1_5__000892.jpg,,
/content/tmp_merged_datasets/merged_training_dataset/modificate/ds2__exp_3_augmented_v6.2_noK__modificate__pizza__crudo__gpt_image_1_5__002227.jpg,1,0.9766036,1,modificate,,ds2__exp_3_augmented_v6.2_noK__modificate__pizza__crudo__gpt_image_1_5__002227.jpg,,
/content/tmp_merged_datasets/merged_training_dataset/modificate/ds2__exp_3_augmented_v6.2_noK__modificate__pizza__bruciato__gpt_image_1_5__002129.jpg,1,0.9966568,1,modificate,,ds2__exp_3_augmented_v6.2_noK__modificate__pizza__bruciato__gpt_image_1_5__002129.jpg,,
/content/tmp_merged_datasets/merged_training_dataset/originali/ds2__exp_3_augmented_v6.2_noK__originali__buono__riso_paella__000900.jpg,0,0.018545497,0,originali,ds2__exp_3_augmented_v6.2_noK__originali__buono__riso_paella__000900.jpg,,,
/content/tmp_merged_datasets/merged_training_dataset/originali/ds2__exp_3_augmented_v6.2_noK__originali__cattivo__frutta_verdura__bruciato__001241.jpg,0,0.0049098236,0,originali,ds2__exp_3_augmented_v6.2_noK__originali__cattivo__frutta_verdura__bruciato__001241.jpg,,,
/content/tmp_merged_datasets/merged_training_dataset/modificate/ds5__raw_vale_id__modificate__riso__paella__bruciato__gpt_image_1_5__000766.jpg,1,0.9876743,1,modificate,,ds5__raw_vale_id__modificate__riso__paella__bruciato__gpt_image_1_5__000766.jpg,,
/content/tmp_merged_datasets/merged_training_dataset/modificate/ds4__platsim_whatsapp_vale_id__modificate__carne__bruciato__gpt_image_1_5__000091.jpg,1,0.9924429,1,modificate,,ds4__platsim_whatsapp_vale_id__modificate__carne__bruciato__gpt_image_1_5__000091.jpg,,
/content/tmp_merged_datasets/merged_training_dataset/modificate/ds3__platsim_raw_vale_id__modificate__pizza__crudo__gpt_image_1_5__000706.jpg,1,0.98220646,1,modificate,,ds3__platsim_raw_vale_id__modificate__pizza__crudo__gpt_image_1_5__000706.jpg,,
/content/tmp_merged_datasets/merged_training_dataset/modificate/ds1__platsim_ar_pico_banana_9gb-V__modificate__root__002219.jpg,1,0.8206832,1,modificate,,ds1__platsim_ar_pico_banana_9gb-V__modificate__root__002219.jpg,,
/content/tmp_merged_datasets/merged_training_dataset/originali/ds1__platsim_ar_pico_banana_9gb-V__originali__root__000285.jpg,0,0.024724355,0,originali,ds1__platsim_ar_pico_banana_9gb-V__originali__root__000285.jpg,,,
/content/tmp_merged_datasets/merged_training_dataset/originali/ds6__whatsapp_vale_id__originali__buono__pasta__000127.jpeg,0,0.012194266,0,originali,ds6__whatsapp_vale_id__originali__buono__pasta__000127.jpeg,,,
/content/tmp_merged_datasets/merged_training_dataset/modificate/ds5__raw_vale_id__modificate__pasta__crudo__gpt_image_1_5__000533.jpg,1,0.97599185,1,modificate,,ds5__raw_vale_id__modificate__pasta__crudo__gpt_image_1_5__000533.jpg,,
/content/tmp_merged_datasets/merged_training_dataset/originali/ds2__exp_3_augmented_v6.2_noK__originali__cattivo__frutta_verdura__marcio__001325.jpg,0,0.008278215,0,originali,ds2__exp_3_augmented_v6.2_noK__originali__cattivo__frutta_verdura__marcio__001325.jpg,,,
/content/tmp_merged_datasets/merged_training_dataset/modificate/ds1__platsim_ar_pico_banana_9gb-V__modificate__root__001819.jpg,1,0.94813687,1,modificate,,ds1__platsim_ar_pico_banana_9gb-V__modificate__root__001819.jpg,,
/content/tmp_merged_datasets/merged_training_dataset/originali/ds1__platsim_ar_pico_banana_9gb-V__originali__root__001870.jpg,0,0.9444964,1,originali,ds1__platsim_ar_pico_banana_9gb-V__originali__root__001870.jpg,,,
/content/tmp_merged_datasets/merged_training_dataset/modificate/ds1__platsim_ar_pico_banana_9gb-V__modificate__root__000273.jpg,1,0.027769119,0,modificate,,ds1__platsim_ar_pico_banana_9gb-V__modificate__root__000273.jpg,,
/content/tmp_merged_datasets/merged_training_dataset/originali/ds2__exp_3_augmented_v6.2_noK__originali__buono__carne__000419.jpg,0,0.011080475,0,originali,ds2__exp_3_augmented_v6.2_noK__originali__buono__carne__000419.jpg,,,
/content/tmp_merged_datasets/merged_training_dataset/originali/ds2__exp_3_augmented_v6.2_noK__originali__buono__pasta__000661.jpg,0,0.16356397,0,originali,ds2__exp_3_augmented_v6.2_noK__originali__buono__pasta__000661.jpg,,,
/content/tmp_merged_datasets/merged_training_dataset/originali/ds4__platsim_whatsapp_vale_id__originali__buono__fritti__000088.jpg,0,0.007819651,0,originali,ds4__platsim_whatsapp_vale_id__originali__buono__fritti__000088.jpg,,,
/content/tmp_merged_datasets/merged_training_dataset/modificate/ds5__raw_vale_id__modificate__pasta__marcio__gpt_image_1_mini__000640.jpg,1,0.9651899,1,modificate,,ds5__raw_vale_id__modificate__pasta__marcio__gpt_image_1_mini__000640.jpg,,
/content/tmp_merged_datasets/merged_training_dataset/originali/ds2__exp_3_augmented_v6.2_noK__originali__buono__patatine__000728.jpg,0,0.016924724,0,originali,ds2__exp_3_augmented_v6.2_noK__originali__buono__patatine__000728.jpg,,,
/content/tmp_merged_datasets/merged_training_dataset/originali/ds1__platsim_ar_pico_banana_9gb-V__originali__root__000138.jpg,0,0.008507147,0,originali,ds1__platsim_ar_pico_banana_9gb-V__originali__root__000138.jpg,,,
/content/tmp_merged_datasets/merged_training_dataset/modificate/ds2__exp_3_augmented_v6.2_noK__modificate__altro__crudo__gpt_image_1_5__000192.jpg,1,0.97758967,1,modificate,,ds2__exp_3_augmented_v6.2_noK__modificate__altro__crudo__gpt_image_1_5__000192.jpg,,
/content/tmp_merged_datasets/merged_training_dataset/modificate/ds2__exp_3_augmented_v6.2_noK__modificate__fritti__crudo__gpt_image_1_5__001450.jpg,1,0.99479216,1,modificate,,ds2__exp_3_augmented_v6.2_noK__modificate__fritti__crudo__gpt_image_1_5__001450.jpg,,
/content/tmp_merged_datasets/merged_training_dataset/modificate/ds2__exp_3_augmented_v6.2_noK__modificate__pasta__marcio__gpt_image_1_5__001976.jpg,1,0.97698045,1,modificate,,ds2__exp_3_augmented_v6.2_noK__modificate__pasta__marcio__gpt_image_1_5__001976.jpg,,
/content/tmp_merged_datasets/merged_training_dataset/modificate/ds2__exp_3_augmented_v6.2_noK__modificate__riso_paella__crudo__gpt_image_1_mini__002503.jpg,1,0.9850641,1,modificate,,ds2__exp_3_augmented_v6.2_noK__modificate__riso_paella__crudo__gpt_image_1_mini__002503.jpg,,
/content/tmp_merged_datasets/merged_training_dataset/originali/ds1__platsim_ar_pico_banana_9gb-V__originali__root__002422.jpg,0,0.0073314244,0,originali,ds1__platsim_ar_pico_banana_9gb-V__originali__root__002422.jpg,,,
/content/tmp_merged_datasets/merged_training_dataset/modificate/ds1__platsim_ar_pico_banana_9gb-V__modificate__root__000428.jpg,1,0.9738694,1,modificate,,ds1__platsim_ar_pico_banana_9gb-V__modificate__root__000428.jpg,,
/content/tmp_merged_datasets/merged_training_dataset/modificate/ds2__exp_3_augmented_v6.2_noK__modificate__burger_panino__crudo__gpt_image_1_5__000585.jpg,1,0.9949175,1,modificate,,ds2__exp_3_augmented_v6.2_noK__modificate__burger_panino__crudo__gpt_image_1_5__000585.jpg,,
/content/tmp_merged_datasets/merged_training_dataset/originali/ds2__exp_3_augmented_v6.2_noK__originali__buono__burger_panino__000267.jpg,0,0.019748203,0,originali,ds2__exp_3_augmented_v6.2_noK__originali__buono__burger_panino__000267.jpg,,,
/content/tmp_merged_datasets/merged_training_dataset/originali/ds3__platsim_raw_vale_id__originali__buono__carne__000156.jpg,0,0.017711934,0,originali,ds3__platsim_raw_vale_id__originali__buono__carne__000156.jpg,,,
/content/tmp_merged_datasets/merged_training_dataset/originali/ds2__exp_3_augmented_v6.2_noK__originali__buono__frutta_verdura__000519.jpg,0,0.019119857,0,originali,ds2__exp_3_augmented_v6.2_noK__originali__buono__frutta_verdura__000519.jpg,,,
/content/tmp_merged_datasets/merged_training_dataset/modificate/ds6__whatsapp_vale_id__modificate__insalata__marcio__gpt_image_1_mini__000218.jpeg,1,0.9779447,1,modificate,,ds6__whatsapp_vale_id__modificate__insalata__marcio__gpt_image_1_mini__000218.jpeg,,
/content/tmp_merged_datasets/merged_training_dataset/modificate/ds1__platsim_ar_pico_banana_9gb-V__modificate__root__001177.jpg,1,0.9765603,1,modificate,,ds1__platsim_ar_pico_banana_9gb-V__modificate__root__001177.jpg,,
/content/tmp_merged_datasets/merged_training_dataset/originali/ds1__platsim_ar_pico_banana_9gb-V__originali__root__000933.jpg,0,0.8678026,1,originali,ds1__platsim_ar_pico_banana_9gb-V__originali__root__000933.jpg,,,
/content/tmp_merged_datasets/merged_training_dataset/originali/ds2__exp_3_augmented_v6.2_noK__originali__buono__zuppa__001006.jpg,0,0.019751819,0,originali,ds2__exp_3_augmented_v6.2_noK__originali__buono__zuppa__001006.jpg,,,
/content/tmp_merged_datasets/merged_training_dataset/originali/ds5__raw_vale_id__originali__buono__pasta__000285.jpg,0,0.028602766,0,originali,ds5__raw_vale_id__originali__buono__pasta__000285.jpg,,,
/content/tmp_merged_datasets/merged_training_dataset/modificate/ds3__platsim_raw_vale_id__modificate__fritti__crudo__gpt_image_1_5__000454.jpg,1,0.9908625,1,modificate,,ds3__platsim_raw_vale_id__modificate__fritti__crudo__gpt_image_1_5__000454.jpg,,
/content/tmp_merged_datasets/merged_training_dataset/originali/ds5__raw_vale_id__originali__buono__altro__000104.jpg,0,0.01733982,0,originali,ds5__raw_vale_id__originali__buono__altro__000104.jpg,,,
/content/tmp_merged_datasets/merged_training_dataset/modificate/ds6__whatsapp_vale_id__modificate__burger__panino__insetti__gpt_image_1_5__000082.jpeg,1,0.9767735,1,modificate,,ds6__whatsapp_vale_id__modificate__burger__panino__insetti__gpt_image_1_5__000082.jpeg,,
/content/tmp_merged_datasets/merged_training_dataset/modificate/ds5__raw_vale_id__modificate__riso__paella__crudo__gpt_image_1_mini__000812.jpg,1,0.9511888,1,modificate,,ds5__raw_vale_id__modificate__riso__paella__crudo__gpt_image_1_mini__000812.jpg,,
/content/tmp_merged_datasets/merged_training_dataset/modificate/ds2__exp_3_augmented_v6.2_noK__modificate__riso_paella__bruciato__gpt_image_1_5__002365.jpg,1,0.99710983,1,modificate,,ds2__exp_3_augmented_v6.2_noK__modificate__riso_paella__bruciato__gpt_image_1_5__002365.jpg,,
/content/tmp_merged_datasets/merged_training_dataset/originali/ds1__platsim_ar_pico_banana_9gb-V__originali__root__000402.jpg,0,0.16559665,0,originali,ds1__platsim_ar_pico_banana_9gb-V__originali__root__000402.jpg,,,
/content/tmp_merged_datasets/merged_training_dataset/modificate/ds2__exp_3_augmented_v6.2_noK__modificate__burger_panino__bruciato__gpt_image_1_5__000501.jpg,1,0.97011614,1,modificate,,ds2__exp_3_augmented_v6.2_noK__modificate__burger_panino__bruciato__gpt_image_1_5__000501.jpg,,
/content/tmp_merged_datasets/merged_training_dataset/originali/ds1__platsim_ar_pico_banana_9gb-V__originali__root__000859.jpg,0,0.044788063,0,originali,ds1__platsim_ar_pico_banana_9gb-V__originali__root__000859.jpg,,,
/content/tmp_merged_datasets/merged_training_dataset/modificate/ds1__platsim_ar_pico_banana_9gb-V__modificate__root__000382.jpg,1,0.029271184,0,modificate,,ds1__platsim_ar_pico_banana_9gb-V__modificate__root__000382.jpg,,
/content/tmp_merged_datasets/merged_training_dataset/originali/ds2__exp_3_augmented_v6.2_noK__originali__buono__riso_paella__000903.jpg,0,0.019665686,0,originali,ds2__exp_3_augmented_v6.2_noK__originali__buono__riso_paella__000903.jpg,,,
/content/tmp_merged_datasets/merged_training_dataset/modificate/ds1__platsim_ar_pico_banana_9gb-V__modificate__root__001511.jpg,1,0.081497714,0,modificate,,ds1__platsim_ar_pico_banana_9gb-V__modificate__root__001511.jpg,,
/content/tmp_merged_datasets/merged_training_dataset/modificate/ds2__exp_3_augmented_v6.2_noK__modificate__altro__crudo__gpt_image_1_5__000157.jpg,1,0.98403144,1,modificate,,ds2__exp_3_augmented_v6.2_noK__modificate__altro__crudo__gpt_image_1_5__000157.jpg,,
/content/tmp_merged_datasets/merged_training_dataset/modificate/ds2__exp_3_augmented_v6.2_noK__modificate__burger_panino__bruciato__gpt_image_1_5__000521.jpg,1,0.99722856,1,modificate,,ds2__exp_3_augmented_v6.2_noK__modificate__burger_panino__bruciato__gpt_image_1_5__000521.jpg,,
/content/tmp_merged_datasets/merged_training_dataset/modificate/ds5__raw_vale_id__modificate__fritti__bruciato__gpt_image_1_5__000444.jpg,1,0.99634993,1,modificate,,ds5__raw_vale_id__modificate__fritti__bruciato__gpt_image_1_5__000444.jpg,,
/content/tmp_merged_datasets/merged_training_dataset/modificate/ds1__platsim_ar_pico_banana_9gb-V__modificate__root__000485.jpg,1,0.07884679,0,modificate,,ds1__platsim_ar_pico_banana_9gb-V__modificate__root__000485.jpg,,
/content/tmp_merged_datasets/merged_training_dataset/originali/ds1__platsim_ar_pico_banana_9gb-V__originali__root__001609.jpg,0,0.8316545,1,originali,ds1__platsim_ar_pico_banana_9gb-V__originali__root__001609.jpg,,,
/content/tmp_merged_datasets/merged_training_dataset/modificate/ds1__platsim_ar_pico_banana_9gb-V__modificate__root__001179.jpg,1,0.9676225,1,modificate,,ds1__platsim_ar_pico_banana_9gb-V__modificate__root__001179.jpg,,
/content/tmp_merged_datasets/merged_training_dataset/modificate/ds3__platsim_raw_vale_id__modificate__altro__crudo__gpt_image_1_5__000076.jpg,1,0.9943264,1,modificate,,ds3__platsim_raw_vale_id__modificate__altro__crudo__gpt_image_1_5__000076.jpg,,
/content/tmp_merged_datasets/merged_training_dataset/originali/ds1__platsim_ar_pico_banana_9gb-V__originali__root__002475.jpg,0,0.004635675,0,originali,ds1__platsim_ar_pico_banana_9gb-V__originali__root__002475.jpg,,,
/content/tmp_merged_datasets/merged_training_dataset/modificate/ds1__platsim_ar_pico_banana_9gb-V__modificate__root__001792.jpg,1,0.6902452,1,modificate,,ds1__platsim_ar_pico_banana_9gb-V__modificate__root__001792.jpg,,
/content/tmp_merged_datasets/merged_training_dataset/originali/ds1__platsim_ar_pico_banana_9gb-V__originali__root__001232.jpg,0,0.9605495,1,originali,ds1__platsim_ar_pico_banana_9gb-V__originali__root__001232.jpg,,,
/content/tmp_merged_datasets/merged_training_dataset/originali/ds5__raw_vale_id__originali__buono__pasta__000266.jpg,0,0.011116843,0,originali,ds5__raw_vale_id__originali__buono__pasta__000266.jpg,,,
/content/tmp_merged_datasets/merged_training_dataset/modificate/ds2__exp_3_augmented_v6.2_noK__modificate__pizza__crudo__gpt_image_1_mini__002304.jpg,1,0.9808375,1,modificate,,ds2__exp_3_augmented_v6.2_noK__modificate__pizza__crudo__gpt_image_1_mini__002304.jpg,,
/content/tmp_merged_datasets/merged_training_dataset/originali/ds3__platsim_raw_vale_id__originali__buono__pasta__000283.jpg,0,0.06844648,0,originali,ds3__platsim_raw_vale_id__originali__buono__pasta__000283.jpg,,,
/content/tmp_merged_datasets/merged_training_dataset/originali/ds1__platsim_ar_pico_banana_9gb-V__originali__root__002460.jpg,0,0.68666357,1,originali,ds1__platsim_ar_pico_banana_9gb-V__originali__root__002460.jpg,,,
/content/tmp_merged_datasets/merged_training_dataset/originali/ds1__platsim_ar_pico_banana_9gb-V__originali__root__001759.jpg,0,0.017343072,0,originali,ds1__platsim_ar_pico_banana_9gb-V__originali__root__001759.jpg,,,
/content/tmp_merged_datasets/merged_training_dataset/modificate/ds3__platsim_raw_vale_id__modificate__zuppa__marcio__gpt_image_1_5__000886.jpg,1,0.99511564,1,modificate,,ds3__platsim_raw_vale_id__modificate__zuppa__marcio__gpt_image_1_5__000886.jpg,,
/content/tmp_merged_datasets/merged_training_dataset/modificate/ds2__exp_3_augmented_v6.2_noK__modificate__pasta__marcio__gpt_image_1_mini__002013.jpg,1,0.98853636,1,modificate,,ds2__exp_3_augmented_v6.2_noK__modificate__pasta__marcio__gpt_image_1_mini__002013.jpg,,
/content/tmp_merged_datasets/merged_training_dataset/modificate/ds4__platsim_whatsapp_vale_id__modificate__altro__crudo__gpt_image_1_5__000028.jpg,1,0.84319323,1,modificate,,ds4__platsim_whatsapp_vale_id__modificate__altro__crudo__gpt_image_1_5__000028.jpg,,
/content/tmp_merged_datasets/merged_training_dataset/originali/ds1__platsim_ar_pico_banana_9gb-V__originali__root__000755.jpg,0,0.018101344,0,originali,ds1__platsim_ar_pico_banana_9gb-V__originali__root__000755.jpg,,,
/content/tmp_merged_datasets/merged_training_dataset/modificate/ds1__platsim_ar_pico_banana_9gb-V__modificate__root__000383.jpg,1,0.97486365,1,modificate,,ds1__platsim_ar_pico_banana_9gb-V__modificate__root__000383.jpg,,
/content/tmp_merged_datasets/merged_training_dataset/modificate/ds2__exp_3_augmented_v6.2_noK__modificate__pasta__crudo__gpt_image_1_5__001833.jpg,1,0.9810037,1,modificate,,ds2__exp_3_augmented_v6.2_noK__modificate__pasta__crudo__gpt_image_1_5__001833.jpg,,
/content/tmp_merged_datasets/merged_training_dataset/modificate/ds3__platsim_raw_vale_id__modificate__pasta__marcio__gpt_image_1_5__000595.jpg,1,0.97753155,1,modificate,,ds3__platsim_raw_vale_id__modificate__pasta__marcio__gpt_image_1_5__000595.jpg,,
/content/tmp_merged_datasets/merged_training_dataset/modificate/ds3__platsim_raw_vale_id__modificate__dessert__crudo__gpt_image_1_5__000406.jpg,1,0.67596835,1,modificate,,ds3__platsim_raw_vale_id__modificate__dessert__crudo__gpt_image_1_5__000406.jpg,,
/content/tmp_merged_datasets/merged_training_dataset/modificate/ds1__platsim_ar_pico_banana_9gb-V__modificate__root__002409.jpg,1,0.9734832,1,modificate,,ds1__platsim_ar_pico_banana_9gb-V__modificate__root__002409.jpg,,
/content/tmp_merged_datasets/merged_training_dataset/modificate/ds3__platsim_raw_vale_id__modificate__pasta__crudo__gpt_image_1_5__000552.jpg,1,0.92479056,1,modificate,,ds3__platsim_raw_vale_id__modificate__pasta__crudo__gpt_image_1_5__000552.jpg,,
/content/tmp_merged_datasets/merged_training_dataset/originali/ds2__exp_3_augmented_v6.2_noK__originali__buono__altro__000017.jpg,0,0.02902701,0,originali,ds2__exp_3_augmented_v6.2_noK__originali__buono__altro__000017.jpg,,,
/content/tmp_merged_datasets/merged_training_dataset/originali/ds4__platsim_whatsapp_vale_id__originali__buono__pizza__000136.jpg,0,0.17150386,0,originali,ds4__platsim_whatsapp_vale_id__originali__buono__pizza__000136.jpg,,,
/content/tmp_merged_datasets/merged_training_dataset/modificate/ds1__platsim_ar_pico_banana_9gb-V__modificate__root__000916.jpg,1,0.94444674,1,modificate,,ds1__platsim_ar_pico_banana_9gb-V__modificate__root__000916.jpg,,
/content/tmp_merged_datasets/merged_training_dataset/originali/ds1__platsim_ar_pico_banana_9gb-V__originali__root__001984.jpg,0,0.08730896,0,originali,ds1__platsim_ar_pico_banana_9gb-V__originali__root__001984.jpg,,,
/content/tmp_merged_datasets/merged_training_dataset/modificate/ds1__platsim_ar_pico_banana_9gb-V__modificate__root__000227.jpg,1,0.9791367,1,modificate,,ds1__platsim_ar_pico_banana_9gb-V__modificate__root__000227.jpg,,
/content/tmp_merged_datasets/merged_training_dataset/modificate/ds2__exp_3_augmented_v6.2_noK__modificate__riso_paella__bruciato__gpt_image_1_5__002391.jpg,1,0.9882074,1,modificate,,ds2__exp_3_augmented_v6.2_noK__modificate__riso_paella__bruciato__gpt_image_1_5__002391.jpg,,
/content/tmp_merged_datasets/merged_training_dataset/modificate/ds2__exp_3_augmented_v6.2_noK__modificate__carne__crudo__gpt_image_1_mini__001212.jpg,1,0.99241114,1,modificate,,ds2__exp_3_augmented_v6.2_noK__modificate__carne__crudo__gpt_image_1_mini__001212.jpg,,
/content/tmp_merged_datasets/merged_training_dataset/modificate/ds1__platsim_ar_pico_banana_9gb-V__modificate__root__001813.jpg,1,0.9170461,1,modificate,,ds1__platsim_ar_pico_banana_9gb-V__modificate__root__001813.jpg,,
/content/tmp_merged_datasets/merged_training_dataset/originali/ds1__platsim_ar_pico_banana_9gb-V__originali__root__000298.jpg,0,0.047059815,0,originali,ds1__platsim_ar_pico_banana_9gb-V__originali__root__000298.jpg,,,
/content/tmp_merged_datasets/merged_training_dataset/modificate/ds1__platsim_ar_pico_banana_9gb-V__modificate__root__001032.jpg,1,0.96473765,1,modificate,,ds1__platsim_ar_pico_banana_9gb-V__modificate__root__001032.jpg,,
/content/tmp_merged_datasets/merged_training_dataset/modificate/ds2__exp_3_augmented_v6.2_noK__modificate__altro__crudo__gpt_image_1_5__000210.jpg,1,0.9616355,1,modificate,,ds2__exp_3_augmented_v6.2_noK__modificate__altro__crudo__gpt_image_1_5__000210.jpg,,
/content/tmp_merged_datasets/merged_training_dataset/originali/ds2__exp_3_augmented_v6.2_noK__originali__cattivo__altro__altro__001019.jpg,0,0.009512673,0,originali,ds2__exp_3_augmented_v6.2_noK__originali__cattivo__altro__altro__001019.jpg,,,
/content/tmp_merged_datasets/merged_training_dataset/modificate/ds5__raw_vale_id__modificate__pizza__bruciato__gpt_image_1_5__000678.jpg,1,0.73935854,1,modificate,,ds5__raw_vale_id__modificate__pizza__bruciato__gpt_image_1_5__000678.jpg,,
/content/tmp_merged_datasets/merged_training_dataset/modificate/ds1__platsim_ar_pico_banana_9gb-V__modificate__root__000879.jpg,1,0.96600235,1,modificate,,ds1__platsim_ar_pico_banana_9gb-V__modificate__root__000879.jpg,,
/content/tmp_merged_datasets/merged_training_dataset/originali/ds1__platsim_ar_pico_banana_9gb-V__originali__root__001261.jpg,0,0.07893142,0,originali,ds1__platsim_ar_pico_banana_9gb-V__originali__root__001261.jpg,,,
/content/tmp_merged_datasets/merged_training_dataset/originali/ds2__exp_3_augmented_v6.2_noK__originali__buono__fritti__000507.jpg,0,0.033546362,0,originali,ds2__exp_3_augmented_v6.2_noK__originali__buono__fritti__000507.jpg,,,
/content/tmp_merged_datasets/merged_training_dataset/originali/ds1__platsim_ar_pico_banana_9gb-V__originali__root__000226.jpg,0,0.60513926,1,originali,ds1__platsim_ar_pico_banana_9gb-V__originali__root__000226.jpg,,,
/content/tmp_merged_datasets/merged_training_dataset/originali/ds1__platsim_ar_pico_banana_9gb-V__originali__root__001904.jpg,0,0.024768686,0,originali,ds1__platsim_ar_pico_banana_9gb-V__originali__root__001904.jpg,,,
/content/tmp_merged_datasets/merged_training_dataset/originali/ds2__exp_3_augmented_v6.2_noK__originali__cattivo__frutta_verdura__bruciato__001242.jpg,0,0.004884003,0,originali,ds2__exp_3_augmented_v6.2_noK__originali__cattivo__frutta_verdura__bruciato__001242.jpg,,,
/content/tmp_merged_datasets/merged_training_dataset/modificate/ds5__raw_vale_id__modificate__dessert__bruciato__gpt_image_1_5__000390.jpeg,1,0.9949517,1,modificate,,ds5__raw_vale_id__modificate__dessert__bruciato__gpt_image_1_5__000390.jpeg,,
/content/tmp_merged_datasets/merged_training_dataset/originali/ds1__platsim_ar_pico_banana_9gb-V__originali__root__000485.jpg,0,0.36906162,0,originali,ds1__platsim_ar_pico_banana_9gb-V__originali__root__000485.jpg,,,
/content/tmp_merged_datasets/merged_training_dataset/modificate/ds2__exp_3_augmented_v6.2_noK__modificate__fritti__crudo__gpt_image_1_5__001438.jpg,1,0.97910714,1,modificate,,ds2__exp_3_augmented_v6.2_noK__modificate__fritti__crudo__gpt_image_1_5__001438.jpg,,
/content/tmp_merged_datasets/merged_training_dataset/originali/ds1__platsim_ar_pico_banana_9gb-V__originali__root__001326.jpg,0,0.008295555,0,originali,ds1__platsim_ar_pico_banana_9gb-V__originali__root__001326.jpg,,,
/content/tmp_merged_datasets/merged_training_dataset/originali/ds2__exp_3_augmented_v6.2_noK__originali__buono__pizza__000788.jpg,0,0.010416157,0,originali,ds2__exp_3_augmented_v6.2_noK__originali__buono__pizza__000788.jpg,,,
/content/tmp_merged_datasets/merged_training_dataset/modificate/ds2__exp_3_augmented_v6.2_noK__modificate__altro__marcio__gpt_image_1_5__000375.jpg,1,0.9835385,1,modificate,,ds2__exp_3_augmented_v6.2_noK__modificate__altro__marcio__gpt_image_1_5__000375.jpg,,
/content/tmp_merged_datasets/merged_training_dataset/modificate/ds1__platsim_ar_pico_banana_9gb-V__modificate__root__000034.jpg,1,0.9646622,1,modificate,,ds1__platsim_ar_pico_banana_9gb-V__modificate__root__000034.jpg,,
/content/tmp_merged_datasets/merged_training_dataset/modificate/ds5__raw_vale_id__modificate__altro__marcio__gpt_image_1_5__000167.jpg,1,0.9716119,1,modificate,,ds5__raw_vale_id__modificate__altro__marcio__gpt_image_1_5__000167.jpg,,
/content/tmp_merged_datasets/merged_training_dataset/modificate/ds2__exp_3_augmented_v6.2_noK__modificate__carne__crudo__gpt_image_1_5__001156.jpg,1,0.9951841,1,modificate,,ds2__exp_3_augmented_v6.2_noK__modificate__carne__crudo__gpt_image_1_5__001156.jpg,,
/content/tmp_merged_datasets/merged_training_dataset/modificate/ds5__raw_vale_id__modificate__altro__insetti__gpt_image_1_5__000100.jpg,1,0.96434915,1,modificate,,ds5__raw_vale_id__modificate__altro__insetti__gpt_image_1_5__000100.jpg,,
/content/tmp_merged_datasets/merged_training_dataset/modificate/ds4__platsim_whatsapp_vale_id__modificate__pizza__crudo__gpt_image_1_5__000334.jpg,1,0.9757032,1,modificate,,ds4__platsim_whatsapp_vale_id__modificate__pizza__crudo__gpt_image_1_5__000334.jpg,,
/content/tmp_merged_datasets/merged_training_dataset/modificate/ds6__whatsapp_vale_id__modificate__carne__bruciato__gpt_image_1_5__000097.jpeg,1,0.9957777,1,modificate,,ds6__whatsapp_vale_id__modificate__carne__bruciato__gpt_image_1_5__000097.jpeg,,
/content/tmp_merged_datasets/merged_training_dataset/originali/ds2__exp_3_augmented_v6.2_noK__originali__buono__carne__000372.jpg,0,0.010818461,0,originali,ds2__exp_3_augmented_v6.2_noK__originali__buono__carne__000372.jpg,,,
/content/tmp_merged_datasets/merged_training_dataset/modificate/ds2__exp_3_augmented_v6.2_noK__modificate__altro__bruciato__gpt_image_1_5__000000.jpg,1,0.99577516,1,modificate,,ds2__exp_3_augmented_v6.2_noK__modificate__altro__bruciato__gpt_image_1_5__000000.jpg,,
/content/tmp_merged_datasets/merged_training_dataset/originali/ds1__platsim_ar_pico_banana_9gb-V__originali__root__000016.jpg,0,0.01264761,0,originali,ds1__platsim_ar_pico_banana_9gb-V__originali__root__000016.jpg,,,
/content/tmp_merged_datasets/merged_training_dataset/modificate/ds3__platsim_raw_vale_id__modificate__pasta__marcio__gpt_image_1_5__000613.jpg,1,0.8708784,1,modificate,,ds3__platsim_raw_vale_id__modificate__pasta__marcio__gpt_image_1_5__000613.jpg,,
/content/tmp_merged_datasets/merged_training_dataset/originali/ds2__exp_3_augmented_v6.2_noK__originali__buono__altro__000102.jpg,0,0.009913956,0,originali,ds2__exp_3_augmented_v6.2_noK__originali__buono__altro__000102.jpg,,,
/content/tmp_merged_datasets/merged_training_dataset/modificate/ds6__whatsapp_vale_id__modificate__riso__paella__bruciato__gpt_image_1_5__000350.jpeg,1,0.9862976,1,modificate,,ds6__whatsapp_vale_id__modificate__riso__paella__bruciato__gpt_image_1_5__000350.jpeg,,
/content/tmp_merged_datasets/merged_training_dataset/modificate/ds1__platsim_ar_pico_banana_9gb-V__modificate__root__000259.jpg,1,0.026921427,0,modificate,,ds1__platsim_ar_pico_banana_9gb-V__modificate__root__000259.jpg,,
/content/tmp_merged_datasets/merged_training_dataset/originali/ds1__platsim_ar_pico_banana_9gb-V__originali__root__002149.jpg,0,0.005094919,0,originali,ds1__platsim_ar_pico_banana_9gb-V__originali__root__002149.jpg,,,
/content/tmp_merged_datasets/merged_training_dataset/modificate/ds6__whatsapp_vale_id__modificate__carne__bruciato__gpt_image_1_5__000098.jpeg,1,0.99000484,1,modificate,,ds6__whatsapp_vale_id__modificate__carne__bruciato__gpt_image_1_5__000098.jpeg,,
/content/tmp_merged_datasets/merged_training_dataset/modificate/ds5__raw_vale_id__modificate__altro__marcio__gpt_image_1_5__000174.jpg,1,0.985211,1,modificate,,ds5__raw_vale_id__modificate__altro__marcio__gpt_image_1_5__000174.jpg,,
/content/tmp_merged_datasets/merged_training_dataset/originali/ds1__platsim_ar_pico_banana_9gb-V__originali__root__001770.jpg,0,0.01225896,0,originali,ds1__platsim_ar_pico_banana_9gb-V__originali__root__001770.jpg,,,
/content/tmp_merged_datasets/merged_training_dataset/modificate/ds1__platsim_ar_pico_banana_9gb-V__modificate__root__002462.jpg,1,0.9139466,1,modificate,,ds1__platsim_ar_pico_banana_9gb-V__modificate__root__002462.jpg,,
/content/tmp_merged_datasets/merged_training_dataset/originali/ds1__platsim_ar_pico_banana_9gb-V__originali__root__001897.jpg,0,0.90821296,1,originali,ds1__platsim_ar_pico_banana_9gb-V__originali__root__001897.jpg,,,
/content/tmp_merged_datasets/merged_training_dataset/modificate/ds2__exp_3_augmented_v6.2_noK__modificate__fritti__bruciato__gpt_image_1_mini__001425.jpg,1,0.99530184,1,modificate,,ds2__exp_3_augmented_v6.2_noK__modificate__fritti__bruciato__gpt_image_1_mini__001425.jpg,,
/content/tmp_merged_datasets/merged_training_dataset/modificate/ds3__platsim_raw_vale_id__modificate__fritti__bruciato__gpt_image_1_5__000442.jpg,1,0.9970283,1,modificate,,ds3__platsim_raw_vale_id__modificate__fritti__bruciato__gpt_image_1_5__000442.jpg,,
/content/tmp_merged_datasets/merged_training_dataset/originali/ds1__platsim_ar_pico_banana_9gb-V__originali__root__000175.jpg,0,0.2820564,0,originali,ds1__platsim_ar_pico_banana_9gb-V__originali__root__000175.jpg,,,
/content/tmp_merged_datasets/merged_training_dataset/originali/ds1__platsim_ar_pico_banana_9gb-V__originali__root__001774.jpg,0,0.03252853,0,originali,ds1__platsim_ar_pico_banana_9gb-V__originali__root__001774.jpg,,,
/content/tmp_merged_datasets/merged_training_dataset/originali/ds2__exp_3_augmented_v6.2_noK__originali__buono__pasta__000638.jpg,0,0.03825512,0,originali,ds2__exp_3_augmented_v6.2_noK__originali__buono__pasta__000638.jpg,,,
/content/tmp_merged_datasets/merged_training_dataset/modificate/ds2__exp_3_augmented_v6.2_noK__modificate__pasta__crudo__gpt_image_1_5__001783.jpg,1,0.96927565,1,modificate,,ds2__exp_3_augmented_v6.2_noK__modificate__pasta__crudo__gpt_image_1_5__001783.jpg,,
/content/tmp_merged_datasets/merged_training_dataset/originali/ds6__whatsapp_vale_id__originali__buono__riso_paella__000159.jpg,0,0.0090849865,0,originali,ds6__whatsapp_vale_id__originali__buono__riso_paella__000159.jpg,,,
/content/tmp_merged_datasets/merged_training_dataset/modificate/ds2__exp_3_augmented_v6.2_noK__modificate__pasta__marcio__gpt_image_1_5__001926.jpg,1,0.99090683,1,modificate,,ds2__exp_3_augmented_v6.2_noK__modificate__pasta__marcio__gpt_image_1_5__001926.jpg,,
/content/tmp_merged_datasets/merged_training_dataset/originali/ds1__platsim_ar_pico_banana_9gb-V__originali__root__000821.jpg,0,0.8878229,1,originali,ds1__platsim_ar_pico_banana_9gb-V__originali__root__000821.jpg,,,
/content/tmp_merged_datasets/merged_training_dataset/modificate/ds1__platsim_ar_pico_banana_9gb-V__modificate__root__002097.jpg,1,0.9655636,1,modificate,,ds1__platsim_ar_pico_banana_9gb-V__modificate__root__002097.jpg,,
/content/tmp_merged_datasets/merged_training_dataset/modificate/ds4__platsim_whatsapp_vale_id__modificate__riso__paella__bruciato__gpt_image_1_5__000357.jpg,1,0.9877815,1,modificate,,ds4__platsim_whatsapp_vale_id__modificate__riso__paella__bruciato__gpt_image_1_5__000357.jpg,,
/content/tmp_merged_datasets/merged_training_dataset/originali/ds1__platsim_ar_pico_banana_9gb-V__originali__root__001399.jpg,0,0.01196001,0,originali,ds1__platsim_ar_pico_banana_9gb-V__originali__root__001399.jpg,,,
/content/tmp_merged_datasets/merged_training_dataset/modificate/ds5__raw_vale_id__modificate__dessert__bruciato__gpt_image_1_5__000400.jpg,1,0.98718566,1,modificate,,ds5__raw_vale_id__modificate__dessert__bruciato__gpt_image_1_5__000400.jpg,,
/content/tmp_merged_datasets/merged_training_dataset/modificate/ds2__exp_3_augmented_v6.2_noK__modificate__burger_panino__crudo__gpt_image_1_mini__000696.jpg,1,0.99583626,1,modificate,,ds2__exp_3_augmented_v6.2_noK__modificate__burger_panino__crudo__gpt_image_1_mini__000696.jpg,,
/content/tmp_merged_datasets/merged_training_dataset/modificate/ds2__exp_3_augmented_v6.2_noK__modificate__burger_panino__crudo__gpt_image_1_mini__000764.jpg,1,0.99521494,1,modificate,,ds2__exp_3_augmented_v6.2_noK__modificate__burger_panino__crudo__gpt_image_1_mini__000764.jpg,,
/content/tmp_merged_datasets/merged_training_dataset/originali/ds3__platsim_raw_vale_id__originali__buono__pasta__000285.jpg,0,0.023881158,0,originali,ds3__platsim_raw_vale_id__originali__buono__pasta__000285.jpg,,,
/content/tmp_merged_datasets/merged_training_dataset/modificate/ds1__platsim_ar_pico_banana_9gb-V__modificate__root__000350.jpg,1,0.9878741,1,modificate,,ds1__platsim_ar_pico_banana_9gb-V__modificate__root__000350.jpg,,
/content/tmp_merged_datasets/merged_training_dataset/modificate/ds2__exp_3_augmented_v6.2_noK__modificate__pasta__bruciato__gpt_image_1_5__001750.jpg,1,0.9821702,1,modificate,,ds2__exp_3_augmented_v6.2_noK__modificate__pasta__bruciato__gpt_image_1_5__001750.jpg,,
/content/tmp_merged_datasets/merged_training_dataset/modificate/ds2__exp_3_augmented_v6.2_noK__modificate__carne__crudo__gpt_image_1_5__001090.jpg,1,0.9911494,1,modificate,,ds2__exp_3_augmented_v6.2_noK__modificate__carne__crudo__gpt_image_1_5__001090.jpg,,
/content/tmp_merged_datasets/merged_training_dataset/originali/ds1__platsim_ar_pico_banana_9gb-V__originali__root__000039.jpg,0,0.9512605,1,originali,ds1__platsim_ar_pico_banana_9gb-V__originali__root__000039.jpg,,,
/content/tmp_merged_datasets/merged_training_dataset/modificate/ds2__exp_3_augmented_v6.2_noK__modificate__altro__crudo__gpt_image_1_5__000180.jpg,1,0.99139553,1,modificate,,ds2__exp_3_augmented_v6.2_noK__modificate__altro__crudo__gpt_image_1_5__000180.jpg,,
/content/tmp_merged_datasets/merged_training_dataset/modificate/ds3__platsim_raw_vale_id__modificate__altro__insetti__gpt_image_1_5__000108.jpg,1,0.92189413,1,modificate,,ds3__platsim_raw_vale_id__modificate__altro__insetti__gpt_image_1_5__000108.jpg,,
/content/tmp_merged_datasets/merged_training_dataset/modificate/ds1__platsim_ar_pico_banana_9gb-V__modificate__root__000697.jpg,1,0.9801256,1,modificate,,ds1__platsim_ar_pico_banana_9gb-V__modificate__root__000697.jpg,,
/content/tmp_merged_datasets/merged_training_dataset/modificate/ds1__platsim_ar_pico_banana_9gb-V__modificate__root__001383.jpg,1,0.95017666,1,modificate,,ds1__platsim_ar_pico_banana_9gb-V__modificate__root__001383.jpg,,
/content/tmp_merged_datasets/merged_training_dataset/originali/ds2__exp_3_augmented_v6.2_noK__originali__buono__sushi__000950.jpg,0,0.011000313,0,originali,ds2__exp_3_augmented_v6.2_noK__originali__buono__sushi__000950.jpg,,,
/content/tmp_merged_datasets/merged_training_dataset/modificate/ds1__platsim_ar_pico_banana_9gb-V__modificate__root__000108.jpg,1,0.356803,0,modificate,,ds1__platsim_ar_pico_banana_9gb-V__modificate__root__000108.jpg,,
/content/tmp_merged_datasets/merged_training_dataset/originali/ds5__raw_vale_id__originali__buono__carne__000170.jpg,0,0.024281077,0,originali,ds5__raw_vale_id__originali__buono__carne__000170.jpg,,,
/content/tmp_merged_datasets/merged_training_dataset/modificate/ds1__platsim_ar_pico_banana_9gb-V__modificate__root__000654.jpg,1,0.68757445,1,modificate,,ds1__platsim_ar_pico_banana_9gb-V__modificate__root__000654.jpg,,
/content/tmp_merged_datasets/merged_training_dataset/originali/ds4__platsim_whatsapp_vale_id__originali__buono__patatine__000130.jpg,0,0.06600676,0,originali,ds4__platsim_whatsapp_vale_id__originali__buono__patatine__000130.jpg,,,
/content/tmp_merged_datasets/merged_training_dataset/originali/ds1__platsim_ar_pico_banana_9gb-V__originali__root__001043.jpg,0,0.0152398525,0,originali,ds1__platsim_ar_pico_banana_9gb-V__originali__root__001043.jpg,,,
/content/tmp_merged_datasets/merged_training_dataset/modificate/ds3__platsim_raw_vale_id__modificate__pizza__marcio__gpt_image_1_5__000733.jpg,1,0.98353654,1,modificate,,ds3__platsim_raw_vale_id__modificate__pizza__marcio__gpt_image_1_5__000733.jpg,,
/content/tmp_merged_datasets/merged_training_dataset/modificate/ds2__exp_3_augmented_v6.2_noK__modificate__sushi__marcio__gpt_image_1_mini__002644.jpg,1,0.99111944,1,modificate,,ds2__exp_3_augmented_v6.2_noK__modificate__sushi__marcio__gpt_image_1_mini__002644.jpg,,
/content/tmp_merged_datasets/merged_training_dataset/modificate/ds1__platsim_ar_pico_banana_9gb-V__modificate__root__000210.jpg,1,0.92814344,1,modificate,,ds1__platsim_ar_pico_banana_9gb-V__modificate__root__000210.jpg,,
/content/tmp_merged_datasets/merged_training_dataset/modificate/ds1__platsim_ar_pico_banana_9gb-V__modificate__root__002062.jpg,1,0.99426067,1,modificate,,ds1__platsim_ar_pico_banana_9gb-V__modificate__root__002062.jpg,,
/content/tmp_merged_datasets/merged_training_dataset/modificate/ds2__exp_3_augmented_v6.2_noK__modificate__pasta__marcio__gpt_image_1_mini__002005.jpg,1,0.96516246,1,modificate,,ds2__exp_3_augmented_v6.2_noK__modificate__pasta__marcio__gpt_image_1_mini__002005.jpg,,
/content/tmp_merged_datasets/merged_training_dataset/modificate/ds2__exp_3_augmented_v6.2_noK__modificate__carne__crudo__gpt_image_1_5__001141.jpg,1,0.99319273,1,modificate,,ds2__exp_3_augmented_v6.2_noK__modificate__carne__crudo__gpt_image_1_5__001141.jpg,,
/content/tmp_merged_datasets/merged_training_dataset/modificate/ds1__platsim_ar_pico_banana_9gb-V__modificate__root__001518.jpg,1,0.9795192,1,modificate,,ds1__platsim_ar_pico_banana_9gb-V__modificate__root__001518.jpg,,
/content/tmp_merged_datasets/merged_training_dataset/modificate/ds2__exp_3_augmented_v6.2_noK__modificate__carne__crudo__gpt_image_1_mini__001265.jpg,1,0.9923872,1,modificate,,ds2__exp_3_augmented_v6.2_noK__modificate__carne__crudo__gpt_image_1_mini__001265.jpg,,
/content/tmp_merged_datasets/merged_training_dataset/modificate/ds1__platsim_ar_pico_banana_9gb-V__modificate__root__000255.jpg,1,0.19094059,0,modificate,,ds1__platsim_ar_pico_banana_9gb-V__modificate__root__000255.jpg,,
