{
  "aggregation": "mean",
  "n_photos": 221,
  "original_threshold": {
    "threshold": 0.5,
    "n_photos": 221,
    "n_positive": 50.0,
    "n_negative": 171.0,
    "accuracy": 0.9592760180995475,
    "precision": 0.9183673469387755,
    "recall": 0.9,
    "f1": 0.9090909090909091,
    "roc_auc": 0.9907602339181287,
    "pr_auc": 0.9769043628598404,
    "tn": 167,
    "fp": 4,
    "fn": 5,
    "tp": 45
  },
  "optimal_f1_threshold": {
    "threshold": 0.1,
    "n_photos": 221,
    "n_positive": 50.0,
    "n_negative": 171.0,
    "accuracy": 0.9592760180995475,
    "precision": 0.9183673469387755,
    "recall": 0.9,
    "f1": 0.9090909090909091,
    "roc_auc": 0.9907602339181287,
    "pr_auc": 0.9769043628598404,
    "tn": 167,
    "fp": 4,
    "fn": 5,
    "tp": 45
  },
  "optimal_precision_threshold": {
    "threshold": 0.1,
    "n_photos": 221,
    "n_positive": 50.0,
    "n_negative": 171.0,
    "accuracy": 0.9592760180995475,
    "precision": 0.9183673469387755,
    "recall": 0.9,
    "f1": 0.9090909090909091,
    "roc_auc": 0.9907602339181287,
    "pr_auc": 0.9769043628598404,
    "tn": 167,
    "fp": 4,
    "fn": 5,
    "tp": 45
  },
  "consistency": {
    "avg_std": 0.006453153715736519,
    "median_std": 3.434975306614303e-06,
    "max_std": 0.20746437812309326,
    "photos_std_lt_0.01": 76.0,
    "photos_std_lt_0.02": 76.0,
    "photos_std_lt_0.05": 78.0,
    "pct_std_lt_0.05": 35.294117647058826
  }
}