{
  "aggregation": "mean",
  "n_photos": 221,
  "original_threshold": {
    "threshold": 0.5,
    "n_photos": 221,
    "n_positive": 50.0,
    "n_negative": 171.0,
    "accuracy": 0.9547511312217195,
    "precision": 0.8846153846153846,
    "recall": 0.92,
    "f1": 0.9019607843137255,
    "roc_auc": 0.987953216374269,
    "pr_auc": 0.9752664457108676,
    "tn": 165,
    "fp": 6,
    "fn": 4,
    "tp": 46
  },
  "optimal_f1_threshold": {
    "threshold": 0.9,
    "n_photos": 221,
    "n_positive": 50.0,
    "n_negative": 171.0,
    "accuracy": 0.9728506787330317,
    "precision": 0.9583333333333334,
    "recall": 0.92,
    "f1": 0.9387755102040817,
    "roc_auc": 0.987953216374269,
    "pr_auc": 0.9752664457108676,
    "tn": 169,
    "fp": 2,
    "fn": 4,
    "tp": 46
  },
  "optimal_precision_threshold": {
    "threshold": 0.9,
    "n_photos": 221,
    "n_positive": 50.0,
    "n_negative": 171.0,
    "accuracy": 0.9728506787330317,
    "precision": 0.9583333333333334,
    "recall": 0.92,
    "f1": 0.9387755102040817,
    "roc_auc": 0.987953216374269,
    "pr_auc": 0.9752664457108676,
    "tn": 169,
    "fp": 2,
    "fn": 4,
    "tp": 46
  },
  "consistency": {
    "avg_std": 0.022118977221220786,
    "median_std": 1.0144993316749095e-06,
    "max_std": 0.4018869436360713,
    "photos_std_lt_0.01": 70.0,
    "photos_std_lt_0.02": 72.0,
    "photos_std_lt_0.05": 72.0,
    "pct_std_lt_0.05": 32.57918552036199
  }
}