photo_id,y_true,y_prob,y_pred,source,quality,food_category,defect_type,generator,prob_mean,prob_std,prob_min,prob_max,n_versions
3bd4,1,3.5606814225e-05,0,modificate,,frutta_verdura,crudo,gpt_image_1_5,3.5606814225e-05,4.711642893765473e-05,7.3147658e-06,0.00015105592,8
0f3a,1,0.00059620107875,0,modificate,,riso_paella,crudo,gpt_image_1_5,0.00059620107875,0.00019440018021762515,0.00033090616,0.00090390054,8
ff39,1,0.00107041155875,0,modificate,,altro,crudo,gpt_image_1_5,0.00107041155875,0.0005287563418638613,0.00018854451,0.0017011897,8
e3e4,1,0.0016792787125,0,modificate,,pizza,crudo,gpt_image_1_5,0.0016792787125,0.0005394514567358492,0.0010139771,0.002643474,8
8c78,1,0.0220207098125,0,modificate,,pasta,crudo,gpt_image_1_mini,0.0220207098125,0.004975617440728034,0.0132176895,0.0295345,8
