defect_type,n_samples,n_pos,n_neg,accuracy,precision,recall,f1,roc_auc,pr_auc,tp,fp,tn,fn
bruciato,180,151,29,0.9611111111111111,1.0,0.9536423841059603,0.976271186440678,0.9984014615208953,0.9996888189874104,144,0,29,7
crudo,159,141,18,0.9748427672955975,1.0,0.9716312056737588,0.9856115107913669,1.0,1.0,137,0,18,4
marcio,76,55,21,0.9868421052631579,1.0,0.9818181818181818,0.9908256880733946,1.0,1.0,54,0,21,1
ammuffito,44,31,13,0.9318181818181818,1.0,0.9032258064516129,0.9491525423728814,1.0,1.0,28,0,13,3
insetti,32,32,0,0.4375,1.0,0.4375,0.6086956521739131,,,14,0,0,18
altro,3,0,3,1.0,0.0,0.0,0.0,,,0,0,3,0
