generator,n_samples,n_pos,n_neg,accuracy,precision,recall,f1,roc_auc,pr_auc,tp,fp,tn,fn
gpt_image_1_mini,222,222,0,0.972972972972973,1.0,0.972972972972973,0.9863013698630136,,,216,0,0,6
gpt_image_1_5,188,188,0,0.8563829787234043,1.0,0.8563829787234043,0.9226361031518625,,,161,0,0,27
