path,y_true,y_prob,y_pred,source,quality,food_category,defect_type,generator
/content/drive/MyDrive/DatasetVerifoto/images/whatsapp_vale_id/modificate/burger/panino/crudo/gpt_image_1_5/4er2jqz2_burger_panino_buono_gpt_image_1_5.jpeg,1,0.977999,1,modificate,,burger,panino,crudo
/content/drive/MyDrive/DatasetVerifoto/images/whatsapp_vale_id/modificate/burger/panino/crudo/gpt_image_1_5/5b7ml2rn_burger_panino_buono_gpt_image_1_5.jpeg,1,0.99187577,1,modificate,,burger,panino,crudo
/content/drive/MyDrive/DatasetVerifoto/images/whatsapp_vale_id/modificate/burger/panino/crudo/gpt_image_1_5/7v274iku_burger_panino_buono_gpt_image_1_5.jpeg,1,0.9918961,1,modificate,,burger,panino,crudo
/content/drive/MyDrive/DatasetVerifoto/images/whatsapp_vale_id/modificate/burger/panino/crudo/gpt_image_1_5/b67bcfvb_burger_panino_buono_gpt_image_1_5.jpeg,1,0.9932719,1,modificate,,burger,panino,crudo
/content/drive/MyDrive/DatasetVerifoto/images/whatsapp_vale_id/modificate/burger/panino/crudo/gpt_image_1_5/eranznxa_burger_panino_buono_gpt_image_1_5.jpeg,1,0.01078088,0,modificate,,burger,panino,crudo
/content/drive/MyDrive/DatasetVerifoto/images/whatsapp_vale_id/modificate/burger/panino/crudo/gpt_image_1_5/gngfmahz_burger_panino_buono_gpt_image_1_5.jpeg,1,0.9939407,1,modificate,,burger,panino,crudo
/content/drive/MyDrive/DatasetVerifoto/images/whatsapp_vale_id/modificate/burger/panino/crudo/gpt_image_1_5/hzt5uwka_burger_panino_dubbio_gpt_image_1_5.jpeg,1,0.98946303,1,modificate,,burger,panino,crudo
/content/drive/MyDrive/DatasetVerifoto/images/whatsapp_vale_id/modificate/burger/panino/crudo/gpt_image_1_5/okfr7ke3_burger_panino_buono_gpt_image_1_5.jpeg,1,0.98787713,1,modificate,,burger,panino,crudo
/content/drive/MyDrive/DatasetVerifoto/images/whatsapp_vale_id/modificate/burger/panino/crudo/gpt_image_1_5/sjcafoo3_burger_panino_buono_gpt_image_1_5.jpeg,1,0.9946853,1,modificate,,burger,panino,crudo
/content/drive/MyDrive/DatasetVerifoto/images/whatsapp_vale_id/modificate/burger/panino/crudo/gpt_image_1_5/tmdn4jjm_burger_panino_buono_gpt_image_1_5.jpg,1,0.99307185,1,modificate,,burger,panino,crudo
/content/drive/MyDrive/DatasetVerifoto/images/whatsapp_vale_id/modificate/burger/panino/crudo/gpt_image_1_5/vnsaljpo_burger_panino_buono_gpt_image_1_5.jpeg,1,0.02292161,0,modificate,,burger,panino,crudo
/content/drive/MyDrive/DatasetVerifoto/images/whatsapp_vale_id/modificate/burger/panino/crudo/gpt_image_1_5/yomeyzcw_burger_panino_buono_gpt_image_1_5.jpeg,1,0.9920032,1,modificate,,burger,panino,crudo
/content/drive/MyDrive/DatasetVerifoto/images/whatsapp_vale_id/modificate/burger/panino/crudo/gpt_image_1_mini/eranznxa_burger_panino_buono_gpt_image_1_mini.jpeg,1,0.97847855,1,modificate,,burger,panino,crudo
/content/drive/MyDrive/DatasetVerifoto/images/whatsapp_vale_id/modificate/burger/panino/crudo/gpt_image_1_mini/gngfmahz_burger_panino_buono_gpt_image_1_mini.jpeg,1,0.9941823,1,modificate,,burger,panino,crudo
/content/drive/MyDrive/DatasetVerifoto/images/whatsapp_vale_id/modificate/burger/panino/crudo/gpt_image_1_mini/hzt5uwka_burger_panino_dubbio_gpt_image_1_mini.jpeg,1,0.99166673,1,modificate,,burger,panino,crudo
/content/drive/MyDrive/DatasetVerifoto/images/whatsapp_vale_id/modificate/burger/panino/crudo/gpt_image_1_mini/vnsaljpo_burger_panino_buono_gpt_image_1_mini.jpeg,1,0.19653921,0,modificate,,burger,panino,crudo
/content/drive/MyDrive/DatasetVerifoto/images/whatsapp_vale_id/modificate/burger/panino/crudo/gpt_image_1_mini/yomeyzcw_burger_panino_buono_gpt_image_1_mini.jpeg,1,0.9952669,1,modificate,,burger,panino,crudo
/content/drive/MyDrive/DatasetVerifoto/images/whatsapp_vale_id/modificate/burger/panino/bruciato/gpt_image_1_5/4er2jqz2_burger_panino_buono_gpt_image_1_5.jpeg,1,0.9762784,1,modificate,,burger,panino,bruciato
/content/drive/MyDrive/DatasetVerifoto/images/whatsapp_vale_id/modificate/burger/panino/bruciato/gpt_image_1_5/7v274iku_burger_panino_buono_gpt_image_1_5.jpeg,1,0.8162821,1,modificate,,burger,panino,bruciato
/content/drive/MyDrive/DatasetVerifoto/images/whatsapp_vale_id/modificate/burger/panino/bruciato/gpt_image_1_5/eranznxa_burger_panino_buono_gpt_image_1_5.jpeg,1,0.016852766,0,modificate,,burger,panino,bruciato
/content/drive/MyDrive/DatasetVerifoto/images/whatsapp_vale_id/modificate/burger/panino/bruciato/gpt_image_1_5/gngfmahz_burger_panino_buono_gpt_image_1_5.jpeg,1,0.9952766,1,modificate,,burger,panino,bruciato
/content/drive/MyDrive/DatasetVerifoto/images/whatsapp_vale_id/modificate/burger/panino/bruciato/gpt_image_1_5/hzt5uwka_burger_panino_dubbio_gpt_image_1_5.jpeg,1,0.19822656,0,modificate,,burger,panino,bruciato
/content/drive/MyDrive/DatasetVerifoto/images/whatsapp_vale_id/modificate/burger/panino/bruciato/gpt_image_1_5/tmdn4jjm_burger_panino_buono_gpt_image_1_5.jpg,1,0.9617462,1,modificate,,burger,panino,bruciato
/content/drive/MyDrive/DatasetVerifoto/images/whatsapp_vale_id/modificate/burger/panino/bruciato/gpt_image_1_mini/eranznxa_burger_panino_buono_gpt_image_1_mini.jpeg,1,0.9489655,1,modificate,,burger,panino,bruciato
/content/drive/MyDrive/DatasetVerifoto/images/whatsapp_vale_id/modificate/burger/panino/bruciato/gpt_image_1_mini/gngfmahz_burger_panino_buono_gpt_image_1_mini.jpeg,1,0.9950524,1,modificate,,burger,panino,bruciato
/content/drive/MyDrive/DatasetVerifoto/images/whatsapp_vale_id/modificate/burger/panino/bruciato/gpt_image_1_mini/hzt5uwka_burger_panino_dubbio_gpt_image_1_mini.jpeg,1,0.9320753,1,modificate,,burger,panino,bruciato
/content/drive/MyDrive/DatasetVerifoto/images/whatsapp_vale_id/modificate/burger/panino/insetti/gpt_image_1_5/j2tkevht_burger_panino_dubbio_gpt_image_1_5.jpeg,1,0.38009644,1,modificate,,burger,panino,insetti
/content/drive/MyDrive/DatasetVerifoto/images/whatsapp_vale_id/modificate/burger/panino/insetti/gpt_image_1_5/sjcafoo3_burger_panino_buono_gpt_image_1_5.jpeg,1,0.03196523,0,modificate,,burger,panino,insetti
/content/drive/MyDrive/DatasetVerifoto/images/whatsapp_vale_id/modificate/burger/panino/marcio/gpt_image_1_mini/vnsaljpo_burger_panino_buono_gpt_image_1_mini.jpeg,1,0.8948846,1,modificate,,burger,panino,marcio
/content/drive/MyDrive/DatasetVerifoto/images/whatsapp_vale_id/modificate/burger/panino/marcio/gpt_image_1_mini/yomeyzcw_burger_panino_buono_gpt_image_1_mini.jpeg,1,0.98081553,1,modificate,,burger,panino,marcio
/content/drive/MyDrive/DatasetVerifoto/images/whatsapp_vale_id/modificate/burger/panino/marcio/gpt_image_1_5/5b7ml2rn_burger_panino_buono_gpt_image_1_5.jpeg,1,0.102163866,0,modificate,,burger,panino,marcio
/content/drive/MyDrive/DatasetVerifoto/images/whatsapp_vale_id/modificate/burger/panino/marcio/gpt_image_1_5/b67bcfvb_burger_panino_buono_gpt_image_1_5.jpeg,1,0.98871523,1,modificate,,burger,panino,marcio
/content/drive/MyDrive/DatasetVerifoto/images/whatsapp_vale_id/modificate/burger/panino/marcio/gpt_image_1_5/j2tkevht_burger_panino_dubbio_gpt_image_1_5.jpeg,1,0.03919918,0,modificate,,burger,panino,marcio
/content/drive/MyDrive/DatasetVerifoto/images/whatsapp_vale_id/modificate/burger/panino/marcio/gpt_image_1_5/vnsaljpo_burger_panino_buono_gpt_image_1_5.jpeg,1,0.5751253,1,modificate,,burger,panino,marcio
/content/drive/MyDrive/DatasetVerifoto/images/whatsapp_vale_id/modificate/burger/panino/marcio/gpt_image_1_5/yomeyzcw_burger_panino_buono_gpt_image_1_5.jpeg,1,0.7239591,1,modificate,,burger,panino,marcio
/content/drive/MyDrive/DatasetVerifoto/images/whatsapp_vale_id/modificate/pasta/ammuffito/gpt_image_1_5/kye76mxj_pasta_buono_gpt_image_1_5.jpeg,1,0.9746839,1,modificate,,pasta,ammuffito,gpt_image_1_5
/content/drive/MyDrive/DatasetVerifoto/images/whatsapp_vale_id/modificate/pasta/ammuffito/gpt_image_1_mini/kye76mxj_pasta_buono_gpt_image_1_mini.jpeg,1,0.9733933,1,modificate,,pasta,ammuffito,gpt_image_1_mini
/content/drive/MyDrive/DatasetVerifoto/images/whatsapp_vale_id/modificate/pasta/bruciato/gpt_image_1_5/72cup6rg_pasta_buono_gpt_image_1_5.jpeg,1,0.9934257,1,modificate,,pasta,bruciato,gpt_image_1_5
/content/drive/MyDrive/DatasetVerifoto/images/whatsapp_vale_id/modificate/pasta/bruciato/gpt_image_1_5/fxnfeuxy_pasta_buono_gpt_image_1_5.jpeg,1,0.9478864,1,modificate,,pasta,bruciato,gpt_image_1_5
/content/drive/MyDrive/DatasetVerifoto/images/whatsapp_vale_id/modificate/pasta/bruciato/gpt_image_1_5/gleub5m7_pasta_buono_gpt_image_1_5.jpeg,1,0.9308065,1,modificate,,pasta,bruciato,gpt_image_1_5
/content/drive/MyDrive/DatasetVerifoto/images/whatsapp_vale_id/modificate/pasta/bruciato/gpt_image_1_5/jj4odgnd_pasta_buono_gpt_image_1_5.jpeg,1,0.98534006,1,modificate,,pasta,bruciato,gpt_image_1_5
/content/drive/MyDrive/DatasetVerifoto/images/whatsapp_vale_id/modificate/pasta/bruciato/gpt_image_1_5/stk6fwdh_pasta_buono_gpt_image_1_5.jpeg,1,0.9904929,1,modificate,,pasta,bruciato,gpt_image_1_5
/content/drive/MyDrive/DatasetVerifoto/images/whatsapp_vale_id/modificate/pasta/bruciato/gpt_image_1_5/uboeqqou_pasta_buono_gpt_image_1_5.jpeg,1,0.9878197,1,modificate,,pasta,bruciato,gpt_image_1_5
/content/drive/MyDrive/DatasetVerifoto/images/whatsapp_vale_id/modificate/pasta/bruciato/gpt_image_1_mini/stk6fwdh_pasta_buono_gpt_image_1_mini.jpeg,1,0.99310404,1,modificate,,pasta,bruciato,gpt_image_1_mini
/content/drive/MyDrive/DatasetVerifoto/images/whatsapp_vale_id/modificate/pasta/crudo/gpt_image_1_5/22vza2fr_pasta_buono_gpt_image_1_5.jpeg,1,0.43302685,1,modificate,,pasta,crudo,gpt_image_1_5
/content/drive/MyDrive/DatasetVerifoto/images/whatsapp_vale_id/modificate/pasta/crudo/gpt_image_1_5/3ohh5bjo_pasta_buono_gpt_image_1_5.jpeg,1,0.94295174,1,modificate,,pasta,crudo,gpt_image_1_5
/content/drive/MyDrive/DatasetVerifoto/images/whatsapp_vale_id/modificate/pasta/crudo/gpt_image_1_5/3whu6udg_pasta_buono_gpt_image_1_5.jpeg,1,0.9886622,1,modificate,,pasta,crudo,gpt_image_1_5
/content/drive/MyDrive/DatasetVerifoto/images/whatsapp_vale_id/modificate/pasta/crudo/gpt_image_1_5/4szy2xcf_pasta_buono_gpt_image_1_5.jpeg,1,0.9786284,1,modificate,,pasta,crudo,gpt_image_1_5
/content/drive/MyDrive/DatasetVerifoto/images/whatsapp_vale_id/modificate/pasta/crudo/gpt_image_1_5/5z2uinku_pasta_buono_gpt_image_1_5.jpeg,1,0.990542,1,modificate,,pasta,crudo,gpt_image_1_5
/content/drive/MyDrive/DatasetVerifoto/images/whatsapp_vale_id/modificate/pasta/crudo/gpt_image_1_5/72cup6rg_pasta_buono_gpt_image_1_5.jpeg,1,0.88017076,1,modificate,,pasta,crudo,gpt_image_1_5
/content/drive/MyDrive/DatasetVerifoto/images/whatsapp_vale_id/modificate/pasta/crudo/gpt_image_1_5/aq2cqxoq_pasta_buono_gpt_image_1_5.jpeg,1,0.90616876,1,modificate,,pasta,crudo,gpt_image_1_5
/content/drive/MyDrive/DatasetVerifoto/images/whatsapp_vale_id/modificate/pasta/crudo/gpt_image_1_5/cam5yw2i_pasta_buono_gpt_image_1_5.jpeg,1,0.90358573,1,modificate,,pasta,crudo,gpt_image_1_5
/content/drive/MyDrive/DatasetVerifoto/images/whatsapp_vale_id/modificate/pasta/crudo/gpt_image_1_5/fxnfeuxy_pasta_buono_gpt_image_1_5.jpeg,1,0.011553509,0,modificate,,pasta,crudo,gpt_image_1_5
/content/drive/MyDrive/DatasetVerifoto/images/whatsapp_vale_id/modificate/pasta/crudo/gpt_image_1_5/gleub5m7_pasta_buono_gpt_image_1_5.jpeg,1,0.028881047,0,modificate,,pasta,crudo,gpt_image_1_5
/content/drive/MyDrive/DatasetVerifoto/images/whatsapp_vale_id/modificate/pasta/crudo/gpt_image_1_5/inepugah_pasta_buono_gpt_image_1_5.jpeg,1,0.054290075,0,modificate,,pasta,crudo,gpt_image_1_5
/content/drive/MyDrive/DatasetVerifoto/images/whatsapp_vale_id/modificate/pasta/crudo/gpt_image_1_5/jj4odgnd_pasta_buono_gpt_image_1_5.jpeg,1,0.8644096,1,modificate,,pasta,crudo,gpt_image_1_5
/content/drive/MyDrive/DatasetVerifoto/images/whatsapp_vale_id/modificate/pasta/crudo/gpt_image_1_5/mtbhkxb3_pasta_buono_gpt_image_1_5.jpeg,1,0.96001476,1,modificate,,pasta,crudo,gpt_image_1_5
/content/drive/MyDrive/DatasetVerifoto/images/whatsapp_vale_id/modificate/pasta/crudo/gpt_image_1_5/ni6smdiw_pasta_buono_gpt_image_1_5.jpeg,1,0.9678371,1,modificate,,pasta,crudo,gpt_image_1_5
/content/drive/MyDrive/DatasetVerifoto/images/whatsapp_vale_id/modificate/pasta/crudo/gpt_image_1_5/okj5nfvq_pasta_buono_gpt_image_1_5.jpeg,1,0.9173588,1,modificate,,pasta,crudo,gpt_image_1_5
/content/drive/MyDrive/DatasetVerifoto/images/whatsapp_vale_id/modificate/pasta/crudo/gpt_image_1_5/pei3tbjd_pasta_buono_gpt_image_1_5.jpeg,1,0.98399746,1,modificate,,pasta,crudo,gpt_image_1_5
/content/drive/MyDrive/DatasetVerifoto/images/whatsapp_vale_id/modificate/pasta/crudo/gpt_image_1_5/pm46vzag_pasta_buono_gpt_image_1_5.jpeg,1,0.9705841,1,modificate,,pasta,crudo,gpt_image_1_5
/content/drive/MyDrive/DatasetVerifoto/images/whatsapp_vale_id/modificate/pasta/crudo/gpt_image_1_5/pvvcboi4_pasta_buono_gpt_image_1_5.jpeg,1,0.9883542,1,modificate,,pasta,crudo,gpt_image_1_5
/content/drive/MyDrive/DatasetVerifoto/images/whatsapp_vale_id/modificate/pasta/crudo/gpt_image_1_5/tlyaphyx_pasta_buono_gpt_image_1_5.jpeg,1,0.053520527,0,modificate,,pasta,crudo,gpt_image_1_5
/content/drive/MyDrive/DatasetVerifoto/images/whatsapp_vale_id/modificate/pasta/crudo/gpt_image_1_5/u3lipaqm_pasta_buono_gpt_image_1_5.jpeg,1,0.8285695,1,modificate,,pasta,crudo,gpt_image_1_5
/content/drive/MyDrive/DatasetVerifoto/images/whatsapp_vale_id/modificate/pasta/crudo/gpt_image_1_5/uboeqqou_pasta_buono_gpt_image_1_5.jpeg,1,0.9126494,1,modificate,,pasta,crudo,gpt_image_1_5
/content/drive/MyDrive/DatasetVerifoto/images/whatsapp_vale_id/modificate/pasta/crudo/gpt_image_1_5/ubwhdhnp_pasta_buono_gpt_image_1_5.jpeg,1,0.98613966,1,modificate,,pasta,crudo,gpt_image_1_5
/content/drive/MyDrive/DatasetVerifoto/images/whatsapp_vale_id/modificate/pasta/crudo/gpt_image_1_5/umxcmuxg_pasta_buono_gpt_image_1_5.jpeg,1,0.047803417,0,modificate,,pasta,crudo,gpt_image_1_5
/content/drive/MyDrive/DatasetVerifoto/images/whatsapp_vale_id/modificate/pasta/crudo/gpt_image_1_5/yuhs2ykg_pasta_buono_gpt_image_1_5.jpeg,1,0.12082142,0,modificate,,pasta,crudo,gpt_image_1_5
/content/drive/MyDrive/DatasetVerifoto/images/whatsapp_vale_id/modificate/pasta/crudo/gpt_image_1_mini/3ohh5bjo_pasta_buono_gpt_image_1_mini.jpeg,1,0.9601411,1,modificate,,pasta,crudo,gpt_image_1_mini
/content/drive/MyDrive/DatasetVerifoto/images/whatsapp_vale_id/modificate/pasta/crudo/gpt_image_1_mini/3whu6udg_pasta_buono_gpt_image_1_mini.jpeg,1,0.99381626,1,modificate,,pasta,crudo,gpt_image_1_mini
/content/drive/MyDrive/DatasetVerifoto/images/whatsapp_vale_id/modificate/pasta/crudo/gpt_image_1_mini/4szy2xcf_pasta_buono_gpt_image_1_mini.jpeg,1,0.9790374,1,modificate,,pasta,crudo,gpt_image_1_mini
/content/drive/MyDrive/DatasetVerifoto/images/whatsapp_vale_id/modificate/pasta/crudo/gpt_image_1_mini/5z2uinku_pasta_buono_gpt_image_1_mini.jpeg,1,0.9934922,1,modificate,,pasta,crudo,gpt_image_1_mini
/content/drive/MyDrive/DatasetVerifoto/images/whatsapp_vale_id/modificate/pasta/crudo/gpt_image_1_mini/cam5yw2i_pasta_buono_gpt_image_1_mini.jpeg,1,0.97750574,1,modificate,,pasta,crudo,gpt_image_1_mini
/content/drive/MyDrive/DatasetVerifoto/images/whatsapp_vale_id/modificate/pasta/crudo/gpt_image_1_mini/mtbhkxb3_pasta_buono_gpt_image_1_mini.jpeg,1,0.63631415,1,modificate,,pasta,crudo,gpt_image_1_mini
/content/drive/MyDrive/DatasetVerifoto/images/whatsapp_vale_id/modificate/pasta/crudo/gpt_image_1_mini/pvvcboi4_pasta_buono_gpt_image_1_mini.jpeg,1,0.9836415,1,modificate,,pasta,crudo,gpt_image_1_mini
/content/drive/MyDrive/DatasetVerifoto/images/whatsapp_vale_id/modificate/pasta/crudo/gpt_image_1_mini/ubwhdhnp_pasta_buono_gpt_image_1_mini.jpeg,1,0.9895705,1,modificate,,pasta,crudo,gpt_image_1_mini
/content/drive/MyDrive/DatasetVerifoto/images/whatsapp_vale_id/modificate/pasta/crudo/gpt_image_1_mini/yuhs2ykg_pasta_buono_gpt_image_1_mini.jpeg,1,0.9649155,1,modificate,,pasta,crudo,gpt_image_1_mini
/content/drive/MyDrive/DatasetVerifoto/images/whatsapp_vale_id/modificate/pasta/marcio/gpt_image_1_mini/3ohh5bjo_pasta_buono_gpt_image_1_mini.jpeg,1,0.9762962,1,modificate,,pasta,marcio,gpt_image_1_mini
/content/drive/MyDrive/DatasetVerifoto/images/whatsapp_vale_id/modificate/pasta/marcio/gpt_image_1_mini/3whu6udg_pasta_buono_gpt_image_1_mini.jpeg,1,0.9763939,1,modificate,,pasta,marcio,gpt_image_1_mini
/content/drive/MyDrive/DatasetVerifoto/images/whatsapp_vale_id/modificate/pasta/marcio/gpt_image_1_mini/4szy2xcf_pasta_buono_gpt_image_1_mini.jpeg,1,0.98659396,1,modificate,,pasta,marcio,gpt_image_1_mini
/content/drive/MyDrive/DatasetVerifoto/images/whatsapp_vale_id/modificate/pasta/marcio/gpt_image_1_mini/5z2uinku_pasta_buono_gpt_image_1_mini.jpeg,1,0.99393433,1,modificate,,pasta,marcio,gpt_image_1_mini
/content/drive/MyDrive/DatasetVerifoto/images/whatsapp_vale_id/modificate/pasta/marcio/gpt_image_1_mini/h2jkdnmr_pasta_buono_gpt_image_1_mini.jpeg,1,0.9887307,1,modificate,,pasta,marcio,gpt_image_1_mini
/content/drive/MyDrive/DatasetVerifoto/images/whatsapp_vale_id/modificate/pasta/marcio/gpt_image_1_mini/kye76mxj_pasta_buono_gpt_image_1_mini.jpeg,1,0.99000895,1,modificate,,pasta,marcio,gpt_image_1_mini
/content/drive/MyDrive/DatasetVerifoto/images/whatsapp_vale_id/modificate/pasta/marcio/gpt_image_1_mini/l2wy2e4p_pasta_buono_gpt_image_1_mini.jpeg,1,0.99439466,1,modificate,,pasta,marcio,gpt_image_1_mini
/content/drive/MyDrive/DatasetVerifoto/images/whatsapp_vale_id/modificate/pasta/marcio/gpt_image_1_mini/mtbhkxb3_pasta_buono_gpt_image_1_mini.jpeg,1,0.99009365,1,modificate,,pasta,marcio,gpt_image_1_mini
/content/drive/MyDrive/DatasetVerifoto/images/whatsapp_vale_id/modificate/pasta/marcio/gpt_image_1_mini/pvvcboi4_pasta_buono_gpt_image_1_mini.jpeg,1,0.9861735,1,modificate,,pasta,marcio,gpt_image_1_mini
/content/drive/MyDrive/DatasetVerifoto/images/whatsapp_vale_id/modificate/pasta/marcio/gpt_image_1_mini/stk6fwdh_pasta_buono_gpt_image_1_mini.jpeg,1,0.99492776,1,modificate,,pasta,marcio,gpt_image_1_mini
/content/drive/MyDrive/DatasetVerifoto/images/whatsapp_vale_id/modificate/pasta/marcio/gpt_image_1_mini/ubwhdhnp_pasta_buono_gpt_image_1_mini.jpeg,1,0.9858192,1,modificate,,pasta,marcio,gpt_image_1_mini
/content/drive/MyDrive/DatasetVerifoto/images/whatsapp_vale_id/modificate/pasta/marcio/gpt_image_1_mini/wqlepvuu_pasta_buono_gpt_image_1_mini.jpeg,1,0.9832261,1,modificate,,pasta,marcio,gpt_image_1_mini
/content/drive/MyDrive/DatasetVerifoto/images/whatsapp_vale_id/modificate/pasta/marcio/gpt_image_1_mini/yuhs2ykg_pasta_buono_gpt_image_1_mini.jpeg,1,0.99199355,1,modificate,,pasta,marcio,gpt_image_1_mini
/content/drive/MyDrive/DatasetVerifoto/images/whatsapp_vale_id/modificate/pasta/marcio/gpt_image_1_5/22vza2fr_pasta_buono_gpt_image_1_5.jpeg,1,0.90097755,1,modificate,,pasta,marcio,gpt_image_1_5
/content/drive/MyDrive/DatasetVerifoto/images/whatsapp_vale_id/modificate/pasta/marcio/gpt_image_1_5/32aagow7_pasta_buono_gpt_image_1_5.jpeg,1,0.99119085,1,modificate,,pasta,marcio,gpt_image_1_5
/content/drive/MyDrive/DatasetVerifoto/images/whatsapp_vale_id/modificate/pasta/marcio/gpt_image_1_5/3ohh5bjo_pasta_buono_gpt_image_1_5.jpeg,1,0.99223363,1,modificate,,pasta,marcio,gpt_image_1_5
/content/drive/MyDrive/DatasetVerifoto/images/whatsapp_vale_id/modificate/pasta/marcio/gpt_image_1_5/3whu6udg_pasta_buono_gpt_image_1_5.jpeg,1,0.981105,1,modificate,,pasta,marcio,gpt_image_1_5
/content/drive/MyDrive/DatasetVerifoto/images/whatsapp_vale_id/modificate/pasta/marcio/gpt_image_1_5/4szy2xcf_pasta_buono_gpt_image_1_5.jpeg,1,0.9783383,1,modificate,,pasta,marcio,gpt_image_1_5
/content/drive/MyDrive/DatasetVerifoto/images/whatsapp_vale_id/modificate/pasta/marcio/gpt_image_1_5/5z2uinku_pasta_buono_gpt_image_1_5.jpeg,1,0.99433017,1,modificate,,pasta,marcio,gpt_image_1_5
/content/drive/MyDrive/DatasetVerifoto/images/whatsapp_vale_id/modificate/pasta/marcio/gpt_image_1_5/aq2cqxoq_pasta_buono_gpt_image_1_5.jpeg,1,0.8777548,1,modificate,,pasta,marcio,gpt_image_1_5
/content/drive/MyDrive/DatasetVerifoto/images/whatsapp_vale_id/modificate/pasta/marcio/gpt_image_1_5/h2jkdnmr_pasta_buono_gpt_image_1_5.jpeg,1,0.9634707,1,modificate,,pasta,marcio,gpt_image_1_5
/content/drive/MyDrive/DatasetVerifoto/images/whatsapp_vale_id/modificate/pasta/marcio/gpt_image_1_5/inepugah_pasta_buono_gpt_image_1_5.jpeg,1,0.82025623,1,modificate,,pasta,marcio,gpt_image_1_5
/content/drive/MyDrive/DatasetVerifoto/images/whatsapp_vale_id/modificate/pasta/marcio/gpt_image_1_5/kye76mxj_pasta_buono_gpt_image_1_5.jpeg,1,0.9925984,1,modificate,,pasta,marcio,gpt_image_1_5
/content/drive/MyDrive/DatasetVerifoto/images/whatsapp_vale_id/modificate/pasta/marcio/gpt_image_1_5/l2wy2e4p_pasta_buono_gpt_image_1_5.jpeg,1,0.7385227,1,modificate,,pasta,marcio,gpt_image_1_5
/content/drive/MyDrive/DatasetVerifoto/images/whatsapp_vale_id/modificate/pasta/marcio/gpt_image_1_5/lkl5tlbh_pasta_buono_gpt_image_1_5.jpeg,1,0.9783368,1,modificate,,pasta,marcio,gpt_image_1_5
/content/drive/MyDrive/DatasetVerifoto/images/whatsapp_vale_id/modificate/pasta/marcio/gpt_image_1_5/mtbhkxb3_pasta_buono_gpt_image_1_5.jpeg,1,0.13175845,0,modificate,,pasta,marcio,gpt_image_1_5
/content/drive/MyDrive/DatasetVerifoto/images/whatsapp_vale_id/modificate/pasta/marcio/gpt_image_1_5/mynrb6wk_pasta_buono_gpt_image_1_5.jpeg,1,0.92156947,1,modificate,,pasta,marcio,gpt_image_1_5
/content/drive/MyDrive/DatasetVerifoto/images/whatsapp_vale_id/modificate/pasta/marcio/gpt_image_1_5/okj5nfvq_pasta_buono_gpt_image_1_5.jpeg,1,0.040456794,0,modificate,,pasta,marcio,gpt_image_1_5
/content/drive/MyDrive/DatasetVerifoto/images/whatsapp_vale_id/modificate/pasta/marcio/gpt_image_1_5/pei3tbjd_pasta_buono_gpt_image_1_5.jpeg,1,0.9795109,1,modificate,,pasta,marcio,gpt_image_1_5
/content/drive/MyDrive/DatasetVerifoto/images/whatsapp_vale_id/modificate/pasta/marcio/gpt_image_1_5/pvvcboi4_pasta_buono_gpt_image_1_5.jpeg,1,0.98945206,1,modificate,,pasta,marcio,gpt_image_1_5
/content/drive/MyDrive/DatasetVerifoto/images/whatsapp_vale_id/modificate/pasta/marcio/gpt_image_1_5/sqpixmd5_pasta_buono_gpt_image_1_5.jpeg,1,0.98209274,1,modificate,,pasta,marcio,gpt_image_1_5
/content/drive/MyDrive/DatasetVerifoto/images/whatsapp_vale_id/modificate/pasta/marcio/gpt_image_1_5/stk6fwdh_pasta_buono_gpt_image_1_5.jpeg,1,0.9883206,1,modificate,,pasta,marcio,gpt_image_1_5
/content/drive/MyDrive/DatasetVerifoto/images/whatsapp_vale_id/modificate/pasta/marcio/gpt_image_1_5/u3lipaqm_pasta_buono_gpt_image_1_5.jpeg,1,0.9797004,1,modificate,,pasta,marcio,gpt_image_1_5
/content/drive/MyDrive/DatasetVerifoto/images/whatsapp_vale_id/modificate/pasta/marcio/gpt_image_1_5/ubwhdhnp_pasta_buono_gpt_image_1_5.jpeg,1,0.797852,1,modificate,,pasta,marcio,gpt_image_1_5
/content/drive/MyDrive/DatasetVerifoto/images/whatsapp_vale_id/modificate/pasta/marcio/gpt_image_1_5/umxcmuxg_pasta_buono_gpt_image_1_5.jpeg,1,0.9935934,1,modificate,,pasta,marcio,gpt_image_1_5
/content/drive/MyDrive/DatasetVerifoto/images/whatsapp_vale_id/modificate/pasta/marcio/gpt_image_1_5/wqlepvuu_pasta_buono_gpt_image_1_5.jpeg,1,0.9726853,1,modificate,,pasta,marcio,gpt_image_1_5
/content/drive/MyDrive/DatasetVerifoto/images/whatsapp_vale_id/modificate/pasta/marcio/gpt_image_1_5/yuhs2ykg_pasta_buono_gpt_image_1_5.jpeg,1,0.0913244,0,modificate,,pasta,marcio,gpt_image_1_5
/content/drive/MyDrive/DatasetVerifoto/images/whatsapp_vale_id/modificate/pasta/marcio/gpt_image_1_5/zq4fcm43_pasta_buono_gpt_image_1_5.jpeg,1,0.99148023,1,modificate,,pasta,marcio,gpt_image_1_5
/content/drive/MyDrive/DatasetVerifoto/images/whatsapp_vale_id/modificate/pasta/altro/gpt_image_1_mini/cam5yw2i_pasta_buono_gpt_image_1_mini.jpeg,1,0.9680141,1,modificate,,pasta,altro,gpt_image_1_mini
/content/drive/MyDrive/DatasetVerifoto/images/whatsapp_vale_id/modificate/pasta/altro/gpt_image_1_5/cam5yw2i_pasta_buono_gpt_image_1_5.jpeg,1,0.6982633,1,modificate,,pasta,altro,gpt_image_1_5
/content/drive/MyDrive/DatasetVerifoto/images/whatsapp_vale_id/modificate/pasta/insetti/gpt_image_1_5/32aagow7_pasta_buono_gpt_image_1_5.jpeg,1,0.99031454,1,modificate,,pasta,insetti,gpt_image_1_5
/content/drive/MyDrive/DatasetVerifoto/images/whatsapp_vale_id/modificate/pasta/insetti/gpt_image_1_5/wqlepvuu_pasta_buono_gpt_image_1_5.jpeg,1,0.95771605,1,modificate,,pasta,insetti,gpt_image_1_5
/content/drive/MyDrive/DatasetVerifoto/images/whatsapp_vale_id/modificate/pasta/insetti/gpt_image_1_mini/wqlepvuu_pasta_buono_gpt_image_1_mini.jpeg,1,0.98017657,1,modificate,,pasta,insetti,gpt_image_1_mini
/content/drive/MyDrive/DatasetVerifoto/images/whatsapp_vale_id/modificate/carne/bruciato/gpt_image_1_mini/3gzqje6t_carne_bruciato_cattivo_gpt_image_1_mini.jpeg,1,0.9930012,1,modificate,,carne,bruciato,gpt_image_1_mini
/content/drive/MyDrive/DatasetVerifoto/images/whatsapp_vale_id/modificate/carne/bruciato/gpt_image_1_mini/akcnhjob_carne_buono_gpt_image_1_mini.jpeg,1,0.9931117,1,modificate,,carne,bruciato,gpt_image_1_mini
/content/drive/MyDrive/DatasetVerifoto/images/whatsapp_vale_id/modificate/carne/bruciato/gpt_image_1_mini/ir2ivmzc_carne_buono_gpt_image_1_mini.jpeg,1,0.9787971,1,modificate,,carne,bruciato,gpt_image_1_mini
/content/drive/MyDrive/DatasetVerifoto/images/whatsapp_vale_id/modificate/carne/bruciato/gpt_image_1_mini/nb4af4w6_carne_buono_gpt_image_1_mini.jpeg,1,0.99541616,1,modificate,,carne,bruciato,gpt_image_1_mini
/content/drive/MyDrive/DatasetVerifoto/images/whatsapp_vale_id/modificate/carne/bruciato/gpt_image_1_mini/qif4j4os_carne_buono_gpt_image_1_mini.jpeg,1,0.9890189,1,modificate,,carne,bruciato,gpt_image_1_mini
/content/drive/MyDrive/DatasetVerifoto/images/whatsapp_vale_id/modificate/carne/bruciato/gpt_image_1_mini/thhrvpb2_carne_bruciato_cattivo_gpt_image_1_mini.jpeg,1,0.99433833,1,modificate,,carne,bruciato,gpt_image_1_mini
/content/drive/MyDrive/DatasetVerifoto/images/whatsapp_vale_id/modificate/carne/bruciato/gpt_image_1_mini/vwvukcj7_carne_buono_gpt_image_1_mini.jpeg,1,0.9887418,1,modificate,,carne,bruciato,gpt_image_1_mini
/content/drive/MyDrive/DatasetVerifoto/images/whatsapp_vale_id/modificate/carne/bruciato/gpt_image_1_5/3gzqje6t_carne_bruciato_cattivo_gpt_image_1_5.jpeg,1,0.9918256,1,modificate,,carne,bruciato,gpt_image_1_5
/content/drive/MyDrive/DatasetVerifoto/images/whatsapp_vale_id/modificate/carne/bruciato/gpt_image_1_5/75tgz63f_carne_buono_gpt_image_1_5.jpeg,1,0.6000625,1,modificate,,carne,bruciato,gpt_image_1_5
/content/drive/MyDrive/DatasetVerifoto/images/whatsapp_vale_id/modificate/carne/bruciato/gpt_image_1_5/akcnhjob_carne_buono_gpt_image_1_5.jpeg,1,0.98431104,1,modificate,,carne,bruciato,gpt_image_1_5
/content/drive/MyDrive/DatasetVerifoto/images/whatsapp_vale_id/modificate/carne/bruciato/gpt_image_1_5/fntev4lt_carne_buono_gpt_image_1_5.jpeg,1,0.9942662,1,modificate,,carne,bruciato,gpt_image_1_5
/content/drive/MyDrive/DatasetVerifoto/images/whatsapp_vale_id/modificate/carne/bruciato/gpt_image_1_5/inmzieee_carne_buono_gpt_image_1_5.jpeg,1,0.9909593,1,modificate,,carne,bruciato,gpt_image_1_5
/content/drive/MyDrive/DatasetVerifoto/images/whatsapp_vale_id/modificate/carne/bruciato/gpt_image_1_5/ir2ivmzc_carne_buono_gpt_image_1_5.jpeg,1,0.99318165,1,modificate,,carne,bruciato,gpt_image_1_5
/content/drive/MyDrive/DatasetVerifoto/images/whatsapp_vale_id/modificate/carne/bruciato/gpt_image_1_5/nb4af4w6_carne_buono_gpt_image_1_5.jpeg,1,0.98636603,1,modificate,,carne,bruciato,gpt_image_1_5
/content/drive/MyDrive/DatasetVerifoto/images/whatsapp_vale_id/modificate/carne/bruciato/gpt_image_1_5/o7qrpspp_carne_dubbio_gpt_image_1_5.jpeg,1,0.9818064,1,modificate,,carne,bruciato,gpt_image_1_5
/content/drive/MyDrive/DatasetVerifoto/images/whatsapp_vale_id/modificate/carne/bruciato/gpt_image_1_5/qif4j4os_carne_buono_gpt_image_1_5.jpeg,1,0.9800444,1,modificate,,carne,bruciato,gpt_image_1_5
/content/drive/MyDrive/DatasetVerifoto/images/whatsapp_vale_id/modificate/carne/bruciato/gpt_image_1_5/s6pkncaj_carne_buono_gpt_image_1_5.jpeg,1,0.55701894,1,modificate,,carne,bruciato,gpt_image_1_5
/content/drive/MyDrive/DatasetVerifoto/images/whatsapp_vale_id/modificate/carne/bruciato/gpt_image_1_5/tbuhtgq4_carne_buono_gpt_image_1_5.jpeg,1,0.9898637,1,modificate,,carne,bruciato,gpt_image_1_5
/content/drive/MyDrive/DatasetVerifoto/images/whatsapp_vale_id/modificate/carne/bruciato/gpt_image_1_5/thhrvpb2_carne_bruciato_cattivo_gpt_image_1_5.jpeg,1,0.9896623,1,modificate,,carne,bruciato,gpt_image_1_5
/content/drive/MyDrive/DatasetVerifoto/images/whatsapp_vale_id/modificate/carne/bruciato/gpt_image_1_5/vwvukcj7_carne_buono_gpt_image_1_5.jpeg,1,0.9609196,1,modificate,,carne,bruciato,gpt_image_1_5
/content/drive/MyDrive/DatasetVerifoto/images/whatsapp_vale_id/modificate/carne/crudo/gpt_image_1_5/3gzqje6t_carne_bruciato_cattivo_gpt_image_1_5.jpeg,1,0.9460789,1,modificate,,carne,crudo,gpt_image_1_5
/content/drive/MyDrive/DatasetVerifoto/images/whatsapp_vale_id/modificate/carne/crudo/gpt_image_1_5/75tgz63f_carne_buono_gpt_image_1_5.jpeg,1,0.9293943,1,modificate,,carne,crudo,gpt_image_1_5
/content/drive/MyDrive/DatasetVerifoto/images/whatsapp_vale_id/modificate/carne/crudo/gpt_image_1_5/akcnhjob_carne_buono_gpt_image_1_5.jpeg,1,0.90150154,1,modificate,,carne,crudo,gpt_image_1_5
/content/drive/MyDrive/DatasetVerifoto/images/whatsapp_vale_id/modificate/carne/crudo/gpt_image_1_5/fntev4lt_carne_buono_gpt_image_1_5.jpeg,1,0.9828262,1,modificate,,carne,crudo,gpt_image_1_5
/content/drive/MyDrive/DatasetVerifoto/images/whatsapp_vale_id/modificate/carne/crudo/gpt_image_1_5/hxz26ddn_carne_buono_gpt_image_1_5.jpeg,1,0.85766643,1,modificate,,carne,crudo,gpt_image_1_5
/content/drive/MyDrive/DatasetVerifoto/images/whatsapp_vale_id/modificate/carne/crudo/gpt_image_1_5/inmzieee_carne_buono_gpt_image_1_5.jpeg,1,0.98810494,1,modificate,,carne,crudo,gpt_image_1_5
/content/drive/MyDrive/DatasetVerifoto/images/whatsapp_vale_id/modificate/carne/crudo/gpt_image_1_5/ir2ivmzc_carne_buono_gpt_image_1_5.jpeg,1,0.98255575,1,modificate,,carne,crudo,gpt_image_1_5
/content/drive/MyDrive/DatasetVerifoto/images/whatsapp_vale_id/modificate/carne/crudo/gpt_image_1_5/lxcdeyho_carne_dubbio_gpt_image_1_5.jpeg,1,0.884231,1,modificate,,carne,crudo,gpt_image_1_5
/content/drive/MyDrive/DatasetVerifoto/images/whatsapp_vale_id/modificate/carne/crudo/gpt_image_1_5/nb4af4w6_carne_buono_gpt_image_1_5.jpeg,1,0.99456716,1,modificate,,carne,crudo,gpt_image_1_5
/content/drive/MyDrive/DatasetVerifoto/images/whatsapp_vale_id/modificate/carne/crudo/gpt_image_1_5/qif4j4os_carne_buono_gpt_image_1_5.jpeg,1,0.24937972,1,modificate,,carne,crudo,gpt_image_1_5
/content/drive/MyDrive/DatasetVerifoto/images/whatsapp_vale_id/modificate/carne/crudo/gpt_image_1_5/s6pkncaj_carne_buono_gpt_image_1_5.jpeg,1,0.8851839,1,modificate,,carne,crudo,gpt_image_1_5
/content/drive/MyDrive/DatasetVerifoto/images/whatsapp_vale_id/modificate/carne/crudo/gpt_image_1_5/sg542pgh_carne_buono_gpt_image_1_5.jpeg,1,0.95126253,1,modificate,,carne,crudo,gpt_image_1_5
/content/drive/MyDrive/DatasetVerifoto/images/whatsapp_vale_id/modificate/carne/crudo/gpt_image_1_5/tbuhtgq4_carne_buono_gpt_image_1_5.jpeg,1,0.98915917,1,modificate,,carne,crudo,gpt_image_1_5
/content/drive/MyDrive/DatasetVerifoto/images/whatsapp_vale_id/modificate/carne/crudo/gpt_image_1_5/tc3kj22z_carne_buono_gpt_image_1_5.jpeg,1,0.9858525,1,modificate,,carne,crudo,gpt_image_1_5
/content/drive/MyDrive/DatasetVerifoto/images/whatsapp_vale_id/modificate/carne/crudo/gpt_image_1_5/thhrvpb2_carne_bruciato_cattivo_gpt_image_1_5.jpeg,1,0.89921385,1,modificate,,carne,crudo,gpt_image_1_5
/content/drive/MyDrive/DatasetVerifoto/images/whatsapp_vale_id/modificate/carne/crudo/gpt_image_1_5/vwvukcj7_carne_buono_gpt_image_1_5.jpeg,1,0.9930332,1,modificate,,carne,crudo,gpt_image_1_5
/content/drive/MyDrive/DatasetVerifoto/images/whatsapp_vale_id/modificate/carne/crudo/gpt_image_1_mini/3gzqje6t_carne_bruciato_cattivo_gpt_image_1_mini.jpeg,1,0.9900609,1,modificate,,carne,crudo,gpt_image_1_mini
/content/drive/MyDrive/DatasetVerifoto/images/whatsapp_vale_id/modificate/carne/crudo/gpt_image_1_mini/akcnhjob_carne_buono_gpt_image_1_mini.jpeg,1,0.98918265,1,modificate,,carne,crudo,gpt_image_1_mini
/content/drive/MyDrive/DatasetVerifoto/images/whatsapp_vale_id/modificate/carne/crudo/gpt_image_1_mini/hxz26ddn_carne_buono_gpt_image_1_mini.jpeg,1,0.9910397,1,modificate,,carne,crudo,gpt_image_1_mini
/content/drive/MyDrive/DatasetVerifoto/images/whatsapp_vale_id/modificate/carne/crudo/gpt_image_1_mini/ir2ivmzc_carne_buono_gpt_image_1_mini.jpeg,1,0.9944893,1,modificate,,carne,crudo,gpt_image_1_mini
/content/drive/MyDrive/DatasetVerifoto/images/whatsapp_vale_id/modificate/carne/crudo/gpt_image_1_mini/nb4af4w6_carne_buono_gpt_image_1_mini.jpeg,1,0.99423224,1,modificate,,carne,crudo,gpt_image_1_mini
/content/drive/MyDrive/DatasetVerifoto/images/whatsapp_vale_id/modificate/carne/crudo/gpt_image_1_mini/qif4j4os_carne_buono_gpt_image_1_mini.jpeg,1,0.93460596,1,modificate,,carne,crudo,gpt_image_1_mini
/content/drive/MyDrive/DatasetVerifoto/images/whatsapp_vale_id/modificate/carne/crudo/gpt_image_1_mini/thhrvpb2_carne_bruciato_cattivo_gpt_image_1_mini.jpeg,1,0.9612039,1,modificate,,carne,crudo,gpt_image_1_mini
/content/drive/MyDrive/DatasetVerifoto/images/whatsapp_vale_id/modificate/carne/crudo/gpt_image_1_mini/vwvukcj7_carne_buono_gpt_image_1_mini.jpeg,1,0.9937098,1,modificate,,carne,crudo,gpt_image_1_mini
/content/drive/MyDrive/DatasetVerifoto/images/whatsapp_vale_id/modificate/carne/marcio/gpt_image_1_5/fxvyn6pk_carne_buono_gpt_image_1_5.jpeg,1,0.011845506,0,modificate,,carne,marcio,gpt_image_1_5
/content/drive/MyDrive/DatasetVerifoto/images/whatsapp_vale_id/modificate/carne/marcio/gpt_image_1_5/hd42dw5b_carne_buono_gpt_image_1_5.jpeg,1,0.97666276,1,modificate,,carne,marcio,gpt_image_1_5
/content/drive/MyDrive/DatasetVerifoto/images/whatsapp_vale_id/modificate/carne/marcio/gpt_image_1_5/nztfcvoq_carne_buono_gpt_image_1_5.jpeg,1,0.77483773,1,modificate,,carne,marcio,gpt_image_1_5
/content/drive/MyDrive/DatasetVerifoto/images/whatsapp_vale_id/modificate/carne/marcio/gpt_image_1_5/o7qrpspp_carne_dubbio_gpt_image_1_5.jpeg,1,0.8708396,1,modificate,,carne,marcio,gpt_image_1_5
/content/drive/MyDrive/DatasetVerifoto/images/whatsapp_vale_id/modificate/carne/marcio/gpt_image_1_5/s47trq3s_carne_buono_gpt_image_1_5.jpeg,1,0.94091225,1,modificate,,carne,marcio,gpt_image_1_5
/content/drive/MyDrive/DatasetVerifoto/images/whatsapp_vale_id/modificate/carne/marcio/gpt_image_1_5/sg542pgh_carne_buono_gpt_image_1_5.jpeg,1,0.98193973,1,modificate,,carne,marcio,gpt_image_1_5
/content/drive/MyDrive/DatasetVerifoto/images/whatsapp_vale_id/modificate/carne/marcio/gpt_image_1_5/tc3kj22z_carne_buono_gpt_image_1_5.jpeg,1,0.96776664,1,modificate,,carne,marcio,gpt_image_1_5
/content/drive/MyDrive/DatasetVerifoto/images/whatsapp_vale_id/modificate/carne/marcio/gpt_image_1_mini/nztfcvoq_carne_buono_gpt_image_1_mini.jpeg,1,0.95909077,1,modificate,,carne,marcio,gpt_image_1_mini
/content/drive/MyDrive/DatasetVerifoto/images/whatsapp_vale_id/modificate/patatine/crudo/gpt_image_1_mini/gej3etmn_patatine_buono_gpt_image_1_mini.jpeg,1,0.9778389,1,modificate,,patatine,crudo,gpt_image_1_mini
/content/drive/MyDrive/DatasetVerifoto/images/whatsapp_vale_id/modificate/patatine/crudo/gpt_image_1_mini/r6m7xzja_patatine_buono_gpt_image_1_mini.jpeg,1,0.989583,1,modificate,,patatine,crudo,gpt_image_1_mini
/content/drive/MyDrive/DatasetVerifoto/images/whatsapp_vale_id/modificate/patatine/crudo/gpt_image_1_5/2qncxob4_patatine_buono_gpt_image_1_5.jpeg,1,0.65606207,1,modificate,,patatine,crudo,gpt_image_1_5
/content/drive/MyDrive/DatasetVerifoto/images/whatsapp_vale_id/modificate/patatine/crudo/gpt_image_1_5/a3d45z5e_patatine_buono_gpt_image_1_5.jpeg,1,0.008183652,0,modificate,,patatine,crudo,gpt_image_1_5
/content/drive/MyDrive/DatasetVerifoto/images/whatsapp_vale_id/modificate/patatine/crudo/gpt_image_1_5/gej3etmn_patatine_buono_gpt_image_1_5.jpeg,1,0.96979004,1,modificate,,patatine,crudo,gpt_image_1_5
/content/drive/MyDrive/DatasetVerifoto/images/whatsapp_vale_id/modificate/patatine/crudo/gpt_image_1_5/pi3wewch_patatine_buono_gpt_image_1_5.jpg,1,0.83119386,1,modificate,,patatine,crudo,gpt_image_1_5
/content/drive/MyDrive/DatasetVerifoto/images/whatsapp_vale_id/modificate/patatine/crudo/gpt_image_1_5/r6m7xzja_patatine_buono_gpt_image_1_5.jpeg,1,0.9715272,1,modificate,,patatine,crudo,gpt_image_1_5
/content/drive/MyDrive/DatasetVerifoto/images/whatsapp_vale_id/modificate/patatine/bruciato/gpt_image_1_mini/gej3etmn_patatine_buono_gpt_image_1_mini.jpeg,1,0.9944448,1,modificate,,patatine,bruciato,gpt_image_1_mini
/content/drive/MyDrive/DatasetVerifoto/images/whatsapp_vale_id/modificate/patatine/bruciato/gpt_image_1_mini/r6m7xzja_patatine_buono_gpt_image_1_mini.jpeg,1,0.99663395,1,modificate,,patatine,bruciato,gpt_image_1_mini
/content/drive/MyDrive/DatasetVerifoto/images/whatsapp_vale_id/modificate/patatine/bruciato/gpt_image_1_5/2qncxob4_patatine_buono_gpt_image_1_5.jpeg,1,0.9918888,1,modificate,,patatine,bruciato,gpt_image_1_5
/content/drive/MyDrive/DatasetVerifoto/images/whatsapp_vale_id/modificate/patatine/bruciato/gpt_image_1_5/a3d45z5e_patatine_buono_gpt_image_1_5.jpeg,1,0.5940941,1,modificate,,patatine,bruciato,gpt_image_1_5
/content/drive/MyDrive/DatasetVerifoto/images/whatsapp_vale_id/modificate/patatine/bruciato/gpt_image_1_5/gej3etmn_patatine_buono_gpt_image_1_5.jpeg,1,0.9881081,1,modificate,,patatine,bruciato,gpt_image_1_5
/content/drive/MyDrive/DatasetVerifoto/images/whatsapp_vale_id/modificate/patatine/bruciato/gpt_image_1_5/kaob64gl_patatine_buono_gpt_image_1_5.jpeg,1,0.9694652,1,modificate,,patatine,bruciato,gpt_image_1_5
/content/drive/MyDrive/DatasetVerifoto/images/whatsapp_vale_id/modificate/patatine/bruciato/gpt_image_1_5/pi3wewch_patatine_buono_gpt_image_1_5.jpg,1,0.98659813,1,modificate,,patatine,bruciato,gpt_image_1_5
/content/drive/MyDrive/DatasetVerifoto/images/whatsapp_vale_id/modificate/patatine/bruciato/gpt_image_1_5/r6m7xzja_patatine_buono_gpt_image_1_5.jpeg,1,0.99446714,1,modificate,,patatine,bruciato,gpt_image_1_5
/content/drive/MyDrive/DatasetVerifoto/images/whatsapp_vale_id/modificate/kebab/insetti/gpt_image_1_5/wjwoxwss_kebab_buono_gpt_image_1_5.jpeg,1,0.09589673,0,modificate,,kebab,insetti,gpt_image_1_5
/content/drive/MyDrive/DatasetVerifoto/images/whatsapp_vale_id/modificate/kebab/insetti/gpt_image_1_mini/wjwoxwss_kebab_buono_gpt_image_1_mini.jpeg,1,0.023669071,0,modificate,,kebab,insetti,gpt_image_1_mini
/content/drive/MyDrive/DatasetVerifoto/images/whatsapp_vale_id/modificate/kebab/crudo/gpt_image_1_5/wjwoxwss_kebab_buono_gpt_image_1_5.jpeg,1,0.9771458,1,modificate,,kebab,crudo,gpt_image_1_5
/content/drive/MyDrive/DatasetVerifoto/images/whatsapp_vale_id/modificate/kebab/crudo/gpt_image_1_mini/wjwoxwss_kebab_buono_gpt_image_1_mini.jpeg,1,0.8996794,1,modificate,,kebab,crudo,gpt_image_1_mini
/content/drive/MyDrive/DatasetVerifoto/images/whatsapp_vale_id/modificate/frutta/verdura/ammuffito/gpt_image_1_5/fcwftur3_frutta_verdura_buono_gpt_image_1_5.jpeg,1,0.038201664,0,modificate,,frutta,verdura,ammuffito
/content/drive/MyDrive/DatasetVerifoto/images/whatsapp_vale_id/modificate/frutta/verdura/marcio/gpt_image_1_5/6vfvvtko_altro_dubbio_gpt_image_1_5.jpg,1,0.09489092,0,modificate,,frutta,verdura,marcio
/content/drive/MyDrive/DatasetVerifoto/images/whatsapp_vale_id/modificate/frutta/verdura/marcio/gpt_image_1_5/fcwftur3_frutta_verdura_buono_gpt_image_1_5.jpeg,1,0.840372,1,modificate,,frutta,verdura,marcio
/content/drive/MyDrive/DatasetVerifoto/images/whatsapp_vale_id/modificate/frutta/verdura/marcio/gpt_image_1_5/ruktwoyf_frutta_verdura_buono_gpt_image_1_5.jpeg,1,0.09280945,0,modificate,,frutta,verdura,marcio
/content/drive/MyDrive/DatasetVerifoto/images/whatsapp_vale_id/modificate/frutta/verdura/insetti/gpt_image_1_5/ruktwoyf_frutta_verdura_buono_gpt_image_1_5.jpeg,1,0.04957542,0,modificate,,frutta,verdura,insetti
/content/drive/MyDrive/DatasetVerifoto/images/whatsapp_vale_id/modificate/insalata/insetti/gpt_image_1_mini/tpuly2yq_insalata_buono_gpt_image_1_mini.jpeg,1,0.31001797,1,modificate,,insalata,insetti,gpt_image_1_mini
/content/drive/MyDrive/DatasetVerifoto/images/whatsapp_vale_id/modificate/insalata/insetti/gpt_image_1_5/4s5mjp6b_insalata_buono_gpt_image_1_5.jpeg,1,0.48517883,1,modificate,,insalata,insetti,gpt_image_1_5
/content/drive/MyDrive/DatasetVerifoto/images/whatsapp_vale_id/modificate/insalata/insetti/gpt_image_1_5/tpuly2yq_insalata_buono_gpt_image_1_5.jpeg,1,0.0703618,0,modificate,,insalata,insetti,gpt_image_1_5
/content/drive/MyDrive/DatasetVerifoto/images/whatsapp_vale_id/modificate/insalata/marcio/gpt_image_1_5/4s5mjp6b_insalata_buono_gpt_image_1_5.jpeg,1,0.7129402,1,modificate,,insalata,marcio,gpt_image_1_5
/content/drive/MyDrive/DatasetVerifoto/images/whatsapp_vale_id/modificate/insalata/marcio/gpt_image_1_5/tpuly2yq_insalata_buono_gpt_image_1_5.jpeg,1,0.79368263,1,modificate,,insalata,marcio,gpt_image_1_5
/content/drive/MyDrive/DatasetVerifoto/images/whatsapp_vale_id/modificate/insalata/marcio/gpt_image_1_mini/tpuly2yq_insalata_buono_gpt_image_1_mini.jpeg,1,0.8881423,1,modificate,,insalata,marcio,gpt_image_1_mini
/content/drive/MyDrive/DatasetVerifoto/images/whatsapp_vale_id/modificate/fritti/crudo/gpt_image_1_mini/ccchjknu_fritti_buono_gpt_image_1_mini.jpeg,1,0.9879144,1,modificate,,fritti,crudo,gpt_image_1_mini
/content/drive/MyDrive/DatasetVerifoto/images/whatsapp_vale_id/modificate/fritti/crudo/gpt_image_1_mini/p7faib4p_fritti_buono_gpt_image_1_mini.jpg,1,0.47728124,1,modificate,,fritti,crudo,gpt_image_1_mini
/content/drive/MyDrive/DatasetVerifoto/images/whatsapp_vale_id/modificate/fritti/crudo/gpt_image_1_5/ccchjknu_fritti_buono_gpt_image_1_5.jpeg,1,0.989254,1,modificate,,fritti,crudo,gpt_image_1_5
/content/drive/MyDrive/DatasetVerifoto/images/whatsapp_vale_id/modificate/fritti/crudo/gpt_image_1_5/jf4uensh_fritti_buono_gpt_image_1_5.jpeg,1,0.9862185,1,modificate,,fritti,crudo,gpt_image_1_5
/content/drive/MyDrive/DatasetVerifoto/images/whatsapp_vale_id/modificate/fritti/crudo/gpt_image_1_5/o7ast4ev_fritti_buono_gpt_image_1_5.jpeg,1,0.9744186,1,modificate,,fritti,crudo,gpt_image_1_5
/content/drive/MyDrive/DatasetVerifoto/images/whatsapp_vale_id/modificate/fritti/crudo/gpt_image_1_5/p7faib4p_fritti_buono_gpt_image_1_5.jpg,1,0.73753774,1,modificate,,fritti,crudo,gpt_image_1_5
/content/drive/MyDrive/DatasetVerifoto/images/whatsapp_vale_id/modificate/fritti/crudo/gpt_image_1_5/rnoj2jyt_fritti_buono_gpt_image_1_5.jpeg,1,0.9894846,1,modificate,,fritti,crudo,gpt_image_1_5
/content/drive/MyDrive/DatasetVerifoto/images/whatsapp_vale_id/modificate/fritti/crudo/gpt_image_1_5/vglmlqeg_fritti_buono_gpt_image_1_5.jpeg,1,0.98771334,1,modificate,,fritti,crudo,gpt_image_1_5
/content/drive/MyDrive/DatasetVerifoto/images/whatsapp_vale_id/modificate/fritti/bruciato/gpt_image_1_mini/ccchjknu_fritti_buono_gpt_image_1_mini.jpeg,1,0.9967721,1,modificate,,fritti,bruciato,gpt_image_1_mini
/content/drive/MyDrive/DatasetVerifoto/images/whatsapp_vale_id/modificate/fritti/bruciato/gpt_image_1_5/ccchjknu_fritti_buono_gpt_image_1_5.jpeg,1,0.9961882,1,modificate,,fritti,bruciato,gpt_image_1_5
/content/drive/MyDrive/DatasetVerifoto/images/whatsapp_vale_id/modificate/fritti/bruciato/gpt_image_1_5/jf4uensh_fritti_buono_gpt_image_1_5.jpeg,1,0.9929864,1,modificate,,fritti,bruciato,gpt_image_1_5
/content/drive/MyDrive/DatasetVerifoto/images/whatsapp_vale_id/modificate/fritti/bruciato/gpt_image_1_5/o7ast4ev_fritti_buono_gpt_image_1_5.jpeg,1,0.99352795,1,modificate,,fritti,bruciato,gpt_image_1_5
/content/drive/MyDrive/DatasetVerifoto/images/whatsapp_vale_id/modificate/fritti/bruciato/gpt_image_1_5/rnoj2jyt_fritti_buono_gpt_image_1_5.jpeg,1,0.9835413,1,modificate,,fritti,bruciato,gpt_image_1_5
/content/drive/MyDrive/DatasetVerifoto/images/whatsapp_vale_id/modificate/fritti/bruciato/gpt_image_1_5/vglmlqeg_fritti_buono_gpt_image_1_5.jpeg,1,0.9617434,1,modificate,,fritti,bruciato,gpt_image_1_5
/content/drive/MyDrive/DatasetVerifoto/images/whatsapp_vale_id/modificate/dessert/altro/gpt_image_1_5/37exednt_dessert_buono_gpt_image_1_5.jpeg,1,0.0742077,0,modificate,,dessert,altro,gpt_image_1_5
/content/drive/MyDrive/DatasetVerifoto/images/whatsapp_vale_id/modificate/dessert/altro/gpt_image_1_5/hqd6b4nc_dessert_buono_gpt_image_1_5.jpeg,1,0.8074709,1,modificate,,dessert,altro,gpt_image_1_5
/content/drive/MyDrive/DatasetVerifoto/images/whatsapp_vale_id/modificate/dessert/altro/gpt_image_1_5/zzfm2gfx_dessert_buono_gpt_image_1_5.jpeg,1,0.028546209,0,modificate,,dessert,altro,gpt_image_1_5
/content/drive/MyDrive/DatasetVerifoto/images/whatsapp_vale_id/modificate/dessert/ammuffito/gpt_image_1_5/5nsuylnm_dessert_buono_gpt_image_1_5.jpeg,1,0.020403074,0,modificate,,dessert,ammuffito,gpt_image_1_5
/content/drive/MyDrive/DatasetVerifoto/images/whatsapp_vale_id/modificate/dessert/ammuffito/gpt_image_1_5/husvoflj_dessert_buono_gpt_image_1_5.jpeg,1,0.9307163,1,modificate,,dessert,ammuffito,gpt_image_1_5
/content/drive/MyDrive/DatasetVerifoto/images/whatsapp_vale_id/modificate/dessert/ammuffito/gpt_image_1_5/vth2k6r5_dessert_buono_gpt_image_1_5.jpeg,1,0.83734244,1,modificate,,dessert,ammuffito,gpt_image_1_5
/content/drive/MyDrive/DatasetVerifoto/images/whatsapp_vale_id/modificate/dessert/marcio/gpt_image_1_5/37exednt_dessert_buono_gpt_image_1_5.jpeg,1,0.986883,1,modificate,,dessert,marcio,gpt_image_1_5
/content/drive/MyDrive/DatasetVerifoto/images/whatsapp_vale_id/modificate/dessert/marcio/gpt_image_1_5/5nsuylnm_dessert_buono_gpt_image_1_5.jpeg,1,0.016222008,0,modificate,,dessert,marcio,gpt_image_1_5
/content/drive/MyDrive/DatasetVerifoto/images/whatsapp_vale_id/modificate/dessert/marcio/gpt_image_1_5/7fowmd6k_dessert_buono_gpt_image_1_5.jpeg,1,0.9463593,1,modificate,,dessert,marcio,gpt_image_1_5
/content/drive/MyDrive/DatasetVerifoto/images/whatsapp_vale_id/modificate/dessert/marcio/gpt_image_1_5/eyvw27ut_dessert_buono_gpt_image_1_5.jpeg,1,0.99226564,1,modificate,,dessert,marcio,gpt_image_1_5
/content/drive/MyDrive/DatasetVerifoto/images/whatsapp_vale_id/modificate/dessert/marcio/gpt_image_1_5/husvoflj_dessert_buono_gpt_image_1_5.jpeg,1,0.9543333,1,modificate,,dessert,marcio,gpt_image_1_5
/content/drive/MyDrive/DatasetVerifoto/images/whatsapp_vale_id/modificate/dessert/marcio/gpt_image_1_5/kqmkhwkw_dessert_buono_gpt_image_1_5.jpeg,1,0.23210302,1,modificate,,dessert,marcio,gpt_image_1_5
/content/drive/MyDrive/DatasetVerifoto/images/whatsapp_vale_id/modificate/dessert/marcio/gpt_image_1_5/mdysvf7k_dessert_buono_gpt_image_1_5.jpeg,1,0.9905884,1,modificate,,dessert,marcio,gpt_image_1_5
/content/drive/MyDrive/DatasetVerifoto/images/whatsapp_vale_id/modificate/dessert/marcio/gpt_image_1_5/vth2k6r5_dessert_buono_gpt_image_1_5.jpeg,1,0.99129784,1,modificate,,dessert,marcio,gpt_image_1_5
/content/drive/MyDrive/DatasetVerifoto/images/whatsapp_vale_id/modificate/dessert/marcio/gpt_image_1_5/zzfm2gfx_dessert_buono_gpt_image_1_5.jpeg,1,0.15255503,0,modificate,,dessert,marcio,gpt_image_1_5
/content/drive/MyDrive/DatasetVerifoto/images/whatsapp_vale_id/modificate/dessert/marcio/gpt_image_1_mini/7fowmd6k_dessert_buono_gpt_image_1_mini.jpeg,1,0.9857085,1,modificate,,dessert,marcio,gpt_image_1_mini
/content/drive/MyDrive/DatasetVerifoto/images/whatsapp_vale_id/modificate/dessert/marcio/gpt_image_1_mini/eyvw27ut_dessert_buono_gpt_image_1_mini.jpeg,1,0.9925861,1,modificate,,dessert,marcio,gpt_image_1_mini
/content/drive/MyDrive/DatasetVerifoto/images/whatsapp_vale_id/modificate/dessert/marcio/gpt_image_1_mini/mdysvf7k_dessert_buono_gpt_image_1_mini.jpeg,1,0.99646324,1,modificate,,dessert,marcio,gpt_image_1_mini
/content/drive/MyDrive/DatasetVerifoto/images/whatsapp_vale_id/modificate/dessert/crudo/gpt_image_1_5/3upejkx2_dessert_buono_gpt_image_1_5.jpeg,1,0.7300591,1,modificate,,dessert,crudo,gpt_image_1_5
/content/drive/MyDrive/DatasetVerifoto/images/whatsapp_vale_id/modificate/dessert/crudo/gpt_image_1_5/6mvklk2v_dessert_buono_gpt_image_1_5.jpeg,1,0.01980425,0,modificate,,dessert,crudo,gpt_image_1_5
/content/drive/MyDrive/DatasetVerifoto/images/whatsapp_vale_id/modificate/dessert/crudo/gpt_image_1_5/chku7snl_dessert_buono_gpt_image_1_5.jpeg,1,0.03674096,0,modificate,,dessert,crudo,gpt_image_1_5
/content/drive/MyDrive/DatasetVerifoto/images/whatsapp_vale_id/modificate/dessert/crudo/gpt_image_1_5/rmjo3puu_dessert_buono_gpt_image_1_5.jpeg,1,0.9572483,1,modificate,,dessert,crudo,gpt_image_1_5
/content/drive/MyDrive/DatasetVerifoto/images/whatsapp_vale_id/modificate/dessert/crudo/gpt_image_1_5/xjivei55_dessert_buono_gpt_image_1_5.jpeg,1,0.07868605,0,modificate,,dessert,crudo,gpt_image_1_5
/content/drive/MyDrive/DatasetVerifoto/images/whatsapp_vale_id/modificate/dessert/crudo/gpt_image_1_mini/6mvklk2v_dessert_buono_gpt_image_1_mini.jpeg,1,0.47924584,1,modificate,,dessert,crudo,gpt_image_1_mini
/content/drive/MyDrive/DatasetVerifoto/images/whatsapp_vale_id/modificate/dessert/crudo/gpt_image_1_mini/chku7snl_dessert_buono_gpt_image_1_mini.jpeg,1,0.72587544,1,modificate,,dessert,crudo,gpt_image_1_mini
/content/drive/MyDrive/DatasetVerifoto/images/whatsapp_vale_id/modificate/dessert/crudo/gpt_image_1_mini/xjivei55_dessert_buono_gpt_image_1_mini.jpeg,1,0.011512185,0,modificate,,dessert,crudo,gpt_image_1_mini
/content/drive/MyDrive/DatasetVerifoto/images/whatsapp_vale_id/modificate/dessert/bruciato/gpt_image_1_5/3upejkx2_dessert_buono_gpt_image_1_5.jpeg,1,0.9859977,1,modificate,,dessert,bruciato,gpt_image_1_5
/content/drive/MyDrive/DatasetVerifoto/images/whatsapp_vale_id/modificate/dessert/bruciato/gpt_image_1_5/6mvklk2v_dessert_buono_gpt_image_1_5.jpeg,1,0.0103027215,0,modificate,,dessert,bruciato,gpt_image_1_5
/content/drive/MyDrive/DatasetVerifoto/images/whatsapp_vale_id/modificate/dessert/bruciato/gpt_image_1_5/7fowmd6k_dessert_buono_gpt_image_1_5.jpeg,1,0.991028,1,modificate,,dessert,bruciato,gpt_image_1_5
/content/drive/MyDrive/DatasetVerifoto/images/whatsapp_vale_id/modificate/dessert/bruciato/gpt_image_1_5/chku7snl_dessert_buono_gpt_image_1_5.jpeg,1,0.26294908,1,modificate,,dessert,bruciato,gpt_image_1_5
/content/drive/MyDrive/DatasetVerifoto/images/whatsapp_vale_id/modificate/dessert/bruciato/gpt_image_1_5/hnnnkjg5_dessert_buono_gpt_image_1_5.jpeg,1,0.9331337,1,modificate,,dessert,bruciato,gpt_image_1_5
/content/drive/MyDrive/DatasetVerifoto/images/whatsapp_vale_id/modificate/dessert/bruciato/gpt_image_1_5/hqd6b4nc_dessert_buono_gpt_image_1_5.jpeg,1,0.9934569,1,modificate,,dessert,bruciato,gpt_image_1_5
/content/drive/MyDrive/DatasetVerifoto/images/whatsapp_vale_id/modificate/dessert/bruciato/gpt_image_1_5/kqmkhwkw_dessert_buono_gpt_image_1_5.jpeg,1,0.02716678,0,modificate,,dessert,bruciato,gpt_image_1_5
/content/drive/MyDrive/DatasetVerifoto/images/whatsapp_vale_id/modificate/dessert/bruciato/gpt_image_1_5/mdysvf7k_dessert_buono_gpt_image_1_5.jpeg,1,0.0760817,0,modificate,,dessert,bruciato,gpt_image_1_5
/content/drive/MyDrive/DatasetVerifoto/images/whatsapp_vale_id/modificate/dessert/bruciato/gpt_image_1_5/rmjo3puu_dessert_buono_gpt_image_1_5.jpeg,1,0.7811279,1,modificate,,dessert,bruciato,gpt_image_1_5
/content/drive/MyDrive/DatasetVerifoto/images/whatsapp_vale_id/modificate/dessert/bruciato/gpt_image_1_5/xjivei55_dessert_buono_gpt_image_1_5.jpeg,1,0.6929452,1,modificate,,dessert,bruciato,gpt_image_1_5
/content/drive/MyDrive/DatasetVerifoto/images/whatsapp_vale_id/modificate/dessert/bruciato/gpt_image_1_mini/6mvklk2v_dessert_buono_gpt_image_1_mini.jpeg,1,0.4327015,1,modificate,,dessert,bruciato,gpt_image_1_mini
/content/drive/MyDrive/DatasetVerifoto/images/whatsapp_vale_id/modificate/dessert/bruciato/gpt_image_1_mini/7fowmd6k_dessert_buono_gpt_image_1_mini.jpeg,1,0.9939908,1,modificate,,dessert,bruciato,gpt_image_1_mini
/content/drive/MyDrive/DatasetVerifoto/images/whatsapp_vale_id/modificate/dessert/bruciato/gpt_image_1_mini/chku7snl_dessert_buono_gpt_image_1_mini.jpeg,1,0.876517,1,modificate,,dessert,bruciato,gpt_image_1_mini
/content/drive/MyDrive/DatasetVerifoto/images/whatsapp_vale_id/modificate/dessert/bruciato/gpt_image_1_mini/mdysvf7k_dessert_buono_gpt_image_1_mini.jpeg,1,0.99397475,1,modificate,,dessert,bruciato,gpt_image_1_mini
/content/drive/MyDrive/DatasetVerifoto/images/whatsapp_vale_id/modificate/dessert/bruciato/gpt_image_1_mini/xjivei55_dessert_buono_gpt_image_1_mini.jpeg,1,0.021842856,0,modificate,,dessert,bruciato,gpt_image_1_mini
/content/drive/MyDrive/DatasetVerifoto/images/whatsapp_vale_id/modificate/altro/crudo/gpt_image_1_mini/bpoz7nxx_altro_buono_gpt_image_1_mini.jpeg,1,0.9861416,1,modificate,,altro,crudo,gpt_image_1_mini
/content/drive/MyDrive/DatasetVerifoto/images/whatsapp_vale_id/modificate/altro/crudo/gpt_image_1_mini/vqw3jetg_altro_buono_gpt_image_1_mini.jpeg,1,0.9704953,1,modificate,,altro,crudo,gpt_image_1_mini
/content/drive/MyDrive/DatasetVerifoto/images/whatsapp_vale_id/modificate/altro/crudo/gpt_image_1_mini/yodxel7a_altro_buono_gpt_image_1_mini.jpeg,1,0.029407864,0,modificate,,altro,crudo,gpt_image_1_mini
/content/drive/MyDrive/DatasetVerifoto/images/whatsapp_vale_id/modificate/altro/crudo/gpt_image_1_5/5r4hbtsa_altro_buono_gpt_image_1_5.jpeg,1,0.0073132804,0,modificate,,altro,crudo,gpt_image_1_5
/content/drive/MyDrive/DatasetVerifoto/images/whatsapp_vale_id/modificate/altro/crudo/gpt_image_1_5/avk5mamu_altro_buono_gpt_image_1_5.jpeg,1,0.1705612,0,modificate,,altro,crudo,gpt_image_1_5
/content/drive/MyDrive/DatasetVerifoto/images/whatsapp_vale_id/modificate/altro/crudo/gpt_image_1_5/b5jckknv_altro_buono_gpt_image_1_5.jpeg,1,0.2589303,1,modificate,,altro,crudo,gpt_image_1_5
/content/drive/MyDrive/DatasetVerifoto/images/whatsapp_vale_id/modificate/altro/crudo/gpt_image_1_5/bpoz7nxx_altro_buono_gpt_image_1_5.jpeg,1,0.9776613,1,modificate,,altro,crudo,gpt_image_1_5
/content/drive/MyDrive/DatasetVerifoto/images/whatsapp_vale_id/modificate/altro/crudo/gpt_image_1_5/buqukcd4_altro_buono_gpt_image_1_5.jpeg,1,0.014127149,0,modificate,,altro,crudo,gpt_image_1_5
/content/drive/MyDrive/DatasetVerifoto/images/whatsapp_vale_id/modificate/altro/crudo/gpt_image_1_5/eggrfhgy_altro_buono_gpt_image_1_5.jpeg,1,0.94093966,1,modificate,,altro,crudo,gpt_image_1_5
/content/drive/MyDrive/DatasetVerifoto/images/whatsapp_vale_id/modificate/altro/crudo/gpt_image_1_5/jgrgz7xu_altro_buono_gpt_image_1_5.jpeg,1,0.13667871,0,modificate,,altro,crudo,gpt_image_1_5
/content/drive/MyDrive/DatasetVerifoto/images/whatsapp_vale_id/modificate/altro/crudo/gpt_image_1_5/merbyufk_altro_buono_gpt_image_1_5.jpeg,1,0.028394895,0,modificate,,altro,crudo,gpt_image_1_5
/content/drive/MyDrive/DatasetVerifoto/images/whatsapp_vale_id/modificate/altro/crudo/gpt_image_1_5/pb426xgw_altro_buono_gpt_image_1_5.jpeg,1,0.9672782,1,modificate,,altro,crudo,gpt_image_1_5
/content/drive/MyDrive/DatasetVerifoto/images/whatsapp_vale_id/modificate/altro/crudo/gpt_image_1_5/vqw3jetg_altro_buono_gpt_image_1_5.jpeg,1,0.96475506,1,modificate,,altro,crudo,gpt_image_1_5
/content/drive/MyDrive/DatasetVerifoto/images/whatsapp_vale_id/modificate/altro/crudo/gpt_image_1_5/wd3lojvd_altro_buono_gpt_image_1_5.jpeg,1,0.01581669,0,modificate,,altro,crudo,gpt_image_1_5
/content/drive/MyDrive/DatasetVerifoto/images/whatsapp_vale_id/modificate/altro/crudo/gpt_image_1_5/wid2gozj_altro_buono_gpt_image_1_5.jpeg,1,0.9244533,1,modificate,,altro,crudo,gpt_image_1_5
/content/drive/MyDrive/DatasetVerifoto/images/whatsapp_vale_id/modificate/altro/crudo/gpt_image_1_5/wsko4qco_altro_dubbio_gpt_image_1_5.jpeg,1,0.95990896,1,modificate,,altro,crudo,gpt_image_1_5
/content/drive/MyDrive/DatasetVerifoto/images/whatsapp_vale_id/modificate/altro/crudo/gpt_image_1_5/ylo6pug6_altro_buono_gpt_image_1_5.jpeg,1,0.92670625,1,modificate,,altro,crudo,gpt_image_1_5
/content/drive/MyDrive/DatasetVerifoto/images/whatsapp_vale_id/modificate/altro/crudo/gpt_image_1_5/yodxel7a_altro_buono_gpt_image_1_5.jpeg,1,0.024854148,0,modificate,,altro,crudo,gpt_image_1_5
/content/drive/MyDrive/DatasetVerifoto/images/whatsapp_vale_id/modificate/altro/crudo/gpt_image_1_5/yws6lzb7_altro_buono_gpt_image_1_5.jpeg,1,0.95031345,1,modificate,,altro,crudo,gpt_image_1_5
/content/drive/MyDrive/DatasetVerifoto/images/whatsapp_vale_id/modificate/altro/marcio/gpt_image_1_mini/3ouebiyo_altro_buono_gpt_image_1_mini.jpeg,1,0.9942216,1,modificate,,altro,marcio,gpt_image_1_mini
/content/drive/MyDrive/DatasetVerifoto/images/whatsapp_vale_id/modificate/altro/marcio/gpt_image_1_mini/eaqahksl_altro_buono_gpt_image_1_mini.jpeg,1,0.9356681,1,modificate,,altro,marcio,gpt_image_1_mini
/content/drive/MyDrive/DatasetVerifoto/images/whatsapp_vale_id/modificate/altro/marcio/gpt_image_1_mini/qposus4o_altro_buono_gpt_image_1_mini.jpeg,1,0.042507518,0,modificate,,altro,marcio,gpt_image_1_mini
/content/drive/MyDrive/DatasetVerifoto/images/whatsapp_vale_id/modificate/altro/marcio/gpt_image_1_mini/v272ozug_altro_buono_gpt_image_1_mini.jpeg,1,0.9865307,1,modificate,,altro,marcio,gpt_image_1_mini
/content/drive/MyDrive/DatasetVerifoto/images/whatsapp_vale_id/modificate/altro/marcio/gpt_image_1_mini/yodxel7a_altro_buono_gpt_image_1_mini.jpeg,1,0.98933184,1,modificate,,altro,marcio,gpt_image_1_mini
/content/drive/MyDrive/DatasetVerifoto/images/whatsapp_vale_id/modificate/altro/marcio/gpt_image_1_5/3ibv5meg_altro_buono_gpt_image_1_5.jpeg,1,0.9797278,1,modificate,,altro,marcio,gpt_image_1_5
/content/drive/MyDrive/DatasetVerifoto/images/whatsapp_vale_id/modificate/altro/marcio/gpt_image_1_5/3ny4ybrn_altro_buono_gpt_image_1_5.jpeg,1,0.073019974,0,modificate,,altro,marcio,gpt_image_1_5
/content/drive/MyDrive/DatasetVerifoto/images/whatsapp_vale_id/modificate/altro/marcio/gpt_image_1_5/3ouebiyo_altro_buono_gpt_image_1_5.jpeg,1,0.95778865,1,modificate,,altro,marcio,gpt_image_1_5
/content/drive/MyDrive/DatasetVerifoto/images/whatsapp_vale_id/modificate/altro/marcio/gpt_image_1_5/5r4hbtsa_altro_buono_gpt_image_1_5.jpeg,1,0.0058854776,0,modificate,,altro,marcio,gpt_image_1_5
/content/drive/MyDrive/DatasetVerifoto/images/whatsapp_vale_id/modificate/altro/marcio/gpt_image_1_5/avk5mamu_altro_buono_gpt_image_1_5.jpeg,1,0.41813892,1,modificate,,altro,marcio,gpt_image_1_5
/content/drive/MyDrive/DatasetVerifoto/images/whatsapp_vale_id/modificate/altro/marcio/gpt_image_1_5/buakq3ew_altro_buono_gpt_image_1_5.jpeg,1,0.98802906,1,modificate,,altro,marcio,gpt_image_1_5
/content/drive/MyDrive/DatasetVerifoto/images/whatsapp_vale_id/modificate/altro/marcio/gpt_image_1_5/buqukcd4_altro_buono_gpt_image_1_5.jpeg,1,0.97530717,1,modificate,,altro,marcio,gpt_image_1_5
/content/drive/MyDrive/DatasetVerifoto/images/whatsapp_vale_id/modificate/altro/marcio/gpt_image_1_5/eaqahksl_altro_buono_gpt_image_1_5.jpeg,1,0.0315077,0,modificate,,altro,marcio,gpt_image_1_5
/content/drive/MyDrive/DatasetVerifoto/images/whatsapp_vale_id/modificate/altro/marcio/gpt_image_1_5/gul7rtua_altro_buono_gpt_image_1_5.jpeg,1,0.9943057,1,modificate,,altro,marcio,gpt_image_1_5
/content/drive/MyDrive/DatasetVerifoto/images/whatsapp_vale_id/modificate/altro/marcio/gpt_image_1_5/jgrgz7xu_altro_buono_gpt_image_1_5.jpeg,1,0.1212843,0,modificate,,altro,marcio,gpt_image_1_5
/content/drive/MyDrive/DatasetVerifoto/images/whatsapp_vale_id/modificate/altro/marcio/gpt_image_1_5/k4ikqfrz_altro_buono_gpt_image_1_5.jpeg,1,0.1549713,0,modificate,,altro,marcio,gpt_image_1_5
/content/drive/MyDrive/DatasetVerifoto/images/whatsapp_vale_id/modificate/altro/marcio/gpt_image_1_5/pewnxqer_altro_buono_gpt_image_1_5.jpeg,1,0.053049173,0,modificate,,altro,marcio,gpt_image_1_5
/content/drive/MyDrive/DatasetVerifoto/images/whatsapp_vale_id/modificate/altro/marcio/gpt_image_1_5/q3qd5clw_altro_buono_gpt_image_1_5.jpeg,1,0.98948133,1,modificate,,altro,marcio,gpt_image_1_5
/content/drive/MyDrive/DatasetVerifoto/images/whatsapp_vale_id/modificate/altro/marcio/gpt_image_1_5/qposus4o_altro_buono_gpt_image_1_5.jpeg,1,0.023411231,0,modificate,,altro,marcio,gpt_image_1_5
/content/drive/MyDrive/DatasetVerifoto/images/whatsapp_vale_id/modificate/altro/marcio/gpt_image_1_5/u4mtz5r3_altro_buono_gpt_image_1_5.jpeg,1,0.17471062,0,modificate,,altro,marcio,gpt_image_1_5
/content/drive/MyDrive/DatasetVerifoto/images/whatsapp_vale_id/modificate/altro/marcio/gpt_image_1_5/uprvh6oz_altro_buono_gpt_image_1_5.jpeg,1,0.37112296,1,modificate,,altro,marcio,gpt_image_1_5
/content/drive/MyDrive/DatasetVerifoto/images/whatsapp_vale_id/modificate/altro/marcio/gpt_image_1_5/v272ozug_altro_buono_gpt_image_1_5.jpeg,1,0.8881776,1,modificate,,altro,marcio,gpt_image_1_5
/content/drive/MyDrive/DatasetVerifoto/images/whatsapp_vale_id/modificate/altro/marcio/gpt_image_1_5/ylo6pug6_altro_buono_gpt_image_1_5.jpeg,1,0.073755376,0,modificate,,altro,marcio,gpt_image_1_5
/content/drive/MyDrive/DatasetVerifoto/images/whatsapp_vale_id/modificate/altro/marcio/gpt_image_1_5/yodxel7a_altro_buono_gpt_image_1_5.jpeg,1,0.36049026,1,modificate,,altro,marcio,gpt_image_1_5
/content/drive/MyDrive/DatasetVerifoto/images/whatsapp_vale_id/modificate/altro/marcio/gpt_image_1_5/zpu56j2e_altro_buono_gpt_image_1_5.jpeg,1,0.8509822,1,modificate,,altro,marcio,gpt_image_1_5
/content/drive/MyDrive/DatasetVerifoto/images/whatsapp_vale_id/modificate/altro/marcio/gpt_image_1_5/ztu4nswa_altro_buono_gpt_image_1_5.jpeg,1,0.96422774,1,modificate,,altro,marcio,gpt_image_1_5
/content/drive/MyDrive/DatasetVerifoto/images/whatsapp_vale_id/modificate/altro/insetti/gpt_image_1_5/eaqahksl_altro_buono_gpt_image_1_5.jpeg,1,0.0154020535,0,modificate,,altro,insetti,gpt_image_1_5
/content/drive/MyDrive/DatasetVerifoto/images/whatsapp_vale_id/modificate/altro/insetti/gpt_image_1_5/ztu4nswa_altro_buono_gpt_image_1_5.jpeg,1,0.9662357,1,modificate,,altro,insetti,gpt_image_1_5
/content/drive/MyDrive/DatasetVerifoto/images/whatsapp_vale_id/modificate/altro/insetti/gpt_image_1_mini/eaqahksl_altro_buono_gpt_image_1_mini.jpeg,1,0.13900201,0,modificate,,altro,insetti,gpt_image_1_mini
/content/drive/MyDrive/DatasetVerifoto/images/whatsapp_vale_id/modificate/altro/bruciato/gpt_image_1_mini/bpoz7nxx_altro_buono_gpt_image_1_mini.jpeg,1,0.98715186,1,modificate,,altro,bruciato,gpt_image_1_mini
/content/drive/MyDrive/DatasetVerifoto/images/whatsapp_vale_id/modificate/altro/bruciato/gpt_image_1_mini/qposus4o_altro_buono_gpt_image_1_mini.jpeg,1,0.9341214,1,modificate,,altro,bruciato,gpt_image_1_mini
/content/drive/MyDrive/DatasetVerifoto/images/whatsapp_vale_id/modificate/altro/bruciato/gpt_image_1_mini/v272ozug_altro_buono_gpt_image_1_mini.jpeg,1,0.9917128,1,modificate,,altro,bruciato,gpt_image_1_mini
/content/drive/MyDrive/DatasetVerifoto/images/whatsapp_vale_id/modificate/altro/bruciato/gpt_image_1_mini/vqw3jetg_altro_buono_gpt_image_1_mini.jpeg,1,0.9932754,1,modificate,,altro,bruciato,gpt_image_1_mini
/content/drive/MyDrive/DatasetVerifoto/images/whatsapp_vale_id/modificate/altro/bruciato/gpt_image_1_5/3ibv5meg_altro_buono_gpt_image_1_5.jpeg,1,0.97424805,1,modificate,,altro,bruciato,gpt_image_1_5
/content/drive/MyDrive/DatasetVerifoto/images/whatsapp_vale_id/modificate/altro/bruciato/gpt_image_1_5/3ny4ybrn_altro_buono_gpt_image_1_5.jpeg,1,0.7838094,1,modificate,,altro,bruciato,gpt_image_1_5
/content/drive/MyDrive/DatasetVerifoto/images/whatsapp_vale_id/modificate/altro/bruciato/gpt_image_1_5/bpoz7nxx_altro_buono_gpt_image_1_5.jpeg,1,0.9799902,1,modificate,,altro,bruciato,gpt_image_1_5
/content/drive/MyDrive/DatasetVerifoto/images/whatsapp_vale_id/modificate/altro/bruciato/gpt_image_1_5/buakq3ew_altro_buono_gpt_image_1_5.jpeg,1,0.9898465,1,modificate,,altro,bruciato,gpt_image_1_5
/content/drive/MyDrive/DatasetVerifoto/images/whatsapp_vale_id/modificate/altro/bruciato/gpt_image_1_5/eggrfhgy_altro_buono_gpt_image_1_5.jpeg,1,0.98431754,1,modificate,,altro,bruciato,gpt_image_1_5
/content/drive/MyDrive/DatasetVerifoto/images/whatsapp_vale_id/modificate/altro/bruciato/gpt_image_1_5/lk5uuzmn_altro_buono_gpt_image_1_5.jpeg,1,0.9827807,1,modificate,,altro,bruciato,gpt_image_1_5
/content/drive/MyDrive/DatasetVerifoto/images/whatsapp_vale_id/modificate/altro/bruciato/gpt_image_1_5/merbyufk_altro_buono_gpt_image_1_5.jpeg,1,0.009330225,0,modificate,,altro,bruciato,gpt_image_1_5
/content/drive/MyDrive/DatasetVerifoto/images/whatsapp_vale_id/modificate/altro/bruciato/gpt_image_1_5/pb426xgw_altro_buono_gpt_image_1_5.jpeg,1,0.84220916,1,modificate,,altro,bruciato,gpt_image_1_5
/content/drive/MyDrive/DatasetVerifoto/images/whatsapp_vale_id/modificate/altro/bruciato/gpt_image_1_5/qposus4o_altro_buono_gpt_image_1_5.jpeg,1,0.017933521,0,modificate,,altro,bruciato,gpt_image_1_5
/content/drive/MyDrive/DatasetVerifoto/images/whatsapp_vale_id/modificate/altro/bruciato/gpt_image_1_5/uprvh6oz_altro_buono_gpt_image_1_5.jpeg,1,0.5959215,1,modificate,,altro,bruciato,gpt_image_1_5
/content/drive/MyDrive/DatasetVerifoto/images/whatsapp_vale_id/modificate/altro/bruciato/gpt_image_1_5/v272ozug_altro_buono_gpt_image_1_5.jpeg,1,0.19394131,0,modificate,,altro,bruciato,gpt_image_1_5
/content/drive/MyDrive/DatasetVerifoto/images/whatsapp_vale_id/modificate/altro/bruciato/gpt_image_1_5/vqw3jetg_altro_buono_gpt_image_1_5.jpeg,1,0.8150268,1,modificate,,altro,bruciato,gpt_image_1_5
/content/drive/MyDrive/DatasetVerifoto/images/whatsapp_vale_id/modificate/altro/bruciato/gpt_image_1_5/wd3lojvd_altro_buono_gpt_image_1_5.jpeg,1,0.015668083,0,modificate,,altro,bruciato,gpt_image_1_5
/content/drive/MyDrive/DatasetVerifoto/images/whatsapp_vale_id/modificate/altro/bruciato/gpt_image_1_5/wid2gozj_altro_buono_gpt_image_1_5.jpeg,1,0.99409026,1,modificate,,altro,bruciato,gpt_image_1_5
/content/drive/MyDrive/DatasetVerifoto/images/whatsapp_vale_id/modificate/altro/bruciato/gpt_image_1_5/wsko4qco_altro_dubbio_gpt_image_1_5.jpeg,1,0.97250664,1,modificate,,altro,bruciato,gpt_image_1_5
/content/drive/MyDrive/DatasetVerifoto/images/whatsapp_vale_id/modificate/altro/bruciato/gpt_image_1_5/yws6lzb7_altro_buono_gpt_image_1_5.jpeg,1,0.9867013,1,modificate,,altro,bruciato,gpt_image_1_5
/content/drive/MyDrive/DatasetVerifoto/images/whatsapp_vale_id/modificate/altro/bruciato/gpt_image_1_5/zpu56j2e_altro_buono_gpt_image_1_5.jpeg,1,0.9843002,1,modificate,,altro,bruciato,gpt_image_1_5
/content/drive/MyDrive/DatasetVerifoto/images/whatsapp_vale_id/modificate/riso/paella/bruciato/gpt_image_1_5/2ji2unpp_riso_paella_buono_gpt_image_1_5.jpg,1,0.99175054,1,modificate,,riso,paella,bruciato
/content/drive/MyDrive/DatasetVerifoto/images/whatsapp_vale_id/modificate/riso/paella/bruciato/gpt_image_1_5/5yfa4b3d_riso_paella_buono_gpt_image_1_5.jpeg,1,0.87629455,1,modificate,,riso,paella,bruciato
/content/drive/MyDrive/DatasetVerifoto/images/whatsapp_vale_id/modificate/riso/paella/bruciato/gpt_image_1_5/6lwwqikn_riso_paella_buono_gpt_image_1_5.jpeg,1,0.9805509,1,modificate,,riso,paella,bruciato
/content/drive/MyDrive/DatasetVerifoto/images/whatsapp_vale_id/modificate/riso/paella/bruciato/gpt_image_1_5/bkx63ana_riso_paella_dubbio_gpt_image_1_5.jpeg,1,0.6203051,1,modificate,,riso,paella,bruciato
/content/drive/MyDrive/DatasetVerifoto/images/whatsapp_vale_id/modificate/riso/paella/bruciato/gpt_image_1_5/fwue3tir_riso_paella_buono_gpt_image_1_5.jpeg,1,0.9304267,1,modificate,,riso,paella,bruciato
/content/drive/MyDrive/DatasetVerifoto/images/whatsapp_vale_id/modificate/riso/paella/bruciato/gpt_image_1_5/gc2q5n3c_riso_paella_dubbio_gpt_image_1_5.jpeg,1,0.043926008,0,modificate,,riso,paella,bruciato
/content/drive/MyDrive/DatasetVerifoto/images/whatsapp_vale_id/modificate/riso/paella/bruciato/gpt_image_1_5/h46x6wgh_riso_paella_buono_gpt_image_1_5.jpeg,1,0.10905174,0,modificate,,riso,paella,bruciato
/content/drive/MyDrive/DatasetVerifoto/images/whatsapp_vale_id/modificate/riso/paella/bruciato/gpt_image_1_5/la5faddp_riso_paella_buono_gpt_image_1_5.jpeg,1,0.53384525,1,modificate,,riso,paella,bruciato
/content/drive/MyDrive/DatasetVerifoto/images/whatsapp_vale_id/modificate/riso/paella/bruciato/gpt_image_1_5/pjmv5mu6_riso_paella_bruciato_cattivo_gpt_image_1_5.jpeg,1,0.69816107,1,modificate,,riso,paella,bruciato
/content/drive/MyDrive/DatasetVerifoto/images/whatsapp_vale_id/modificate/riso/paella/bruciato/gpt_image_1_5/ryzrpqgf_riso_paella_buono_gpt_image_1_5.jpeg,1,0.98793924,1,modificate,,riso,paella,bruciato
/content/drive/MyDrive/DatasetVerifoto/images/whatsapp_vale_id/modificate/riso/paella/bruciato/gpt_image_1_5/slqgr66e_riso_paella_buono_gpt_image_1_5.jpeg,1,0.96305615,1,modificate,,riso,paella,bruciato
/content/drive/MyDrive/DatasetVerifoto/images/whatsapp_vale_id/modificate/riso/paella/bruciato/gpt_image_1_5/tinugczo_riso_paella_buono_gpt_image_1_5.jpeg,1,0.988451,1,modificate,,riso,paella,bruciato
/content/drive/MyDrive/DatasetVerifoto/images/whatsapp_vale_id/modificate/riso/paella/bruciato/gpt_image_1_5/zogkeadk_riso_paella_buono_gpt_image_1_5.jpeg,1,0.9867591,1,modificate,,riso,paella,bruciato
/content/drive/MyDrive/DatasetVerifoto/images/whatsapp_vale_id/modificate/riso/paella/bruciato/gpt_image_1_mini/2ji2unpp_riso_paella_buono_gpt_image_1_mini.jpg,1,0.99262017,1,modificate,,riso,paella,bruciato
/content/drive/MyDrive/DatasetVerifoto/images/whatsapp_vale_id/modificate/riso/paella/bruciato/gpt_image_1_mini/gc2q5n3c_riso_paella_dubbio_gpt_image_1_mini.jpeg,1,0.664084,1,modificate,,riso,paella,bruciato
/content/drive/MyDrive/DatasetVerifoto/images/whatsapp_vale_id/modificate/riso/paella/bruciato/gpt_image_1_mini/ryzrpqgf_riso_paella_buono_gpt_image_1_mini.jpeg,1,0.9736549,1,modificate,,riso,paella,bruciato
/content/drive/MyDrive/DatasetVerifoto/images/whatsapp_vale_id/modificate/riso/paella/bruciato/gpt_image_1_mini/tinugczo_riso_paella_buono_gpt_image_1_mini.jpeg,1,0.995197,1,modificate,,riso,paella,bruciato
/content/drive/MyDrive/DatasetVerifoto/images/whatsapp_vale_id/modificate/riso/paella/crudo/gpt_image_1_5/5yfa4b3d_riso_paella_buono_gpt_image_1_5.jpeg,1,0.91823745,1,modificate,,riso,paella,crudo
/content/drive/MyDrive/DatasetVerifoto/images/whatsapp_vale_id/modificate/riso/paella/crudo/gpt_image_1_5/6lwwqikn_riso_paella_buono_gpt_image_1_5.jpeg,1,0.9509204,1,modificate,,riso,paella,crudo
/content/drive/MyDrive/DatasetVerifoto/images/whatsapp_vale_id/modificate/riso/paella/crudo/gpt_image_1_5/gii6pzha_riso_paella_buono_gpt_image_1_5.jpeg,1,0.97046924,1,modificate,,riso,paella,crudo
/content/drive/MyDrive/DatasetVerifoto/images/whatsapp_vale_id/modificate/riso/paella/crudo/gpt_image_1_5/h46x6wgh_riso_paella_buono_gpt_image_1_5.jpeg,1,0.024114031,0,modificate,,riso,paella,crudo
/content/drive/MyDrive/DatasetVerifoto/images/whatsapp_vale_id/modificate/riso/paella/crudo/gpt_image_1_5/ryzrpqgf_riso_paella_buono_gpt_image_1_5.jpeg,1,0.92055106,1,modificate,,riso,paella,crudo
/content/drive/MyDrive/DatasetVerifoto/images/whatsapp_vale_id/modificate/riso/paella/crudo/gpt_image_1_5/tinugczo_riso_paella_buono_gpt_image_1_5.jpeg,1,0.97099227,1,modificate,,riso,paella,crudo
/content/drive/MyDrive/DatasetVerifoto/images/whatsapp_vale_id/modificate/riso/paella/crudo/gpt_image_1_5/zl5laivc_riso_paella_buono_gpt_image_1_5.jpeg,1,0.28354126,1,modificate,,riso,paella,crudo
/content/drive/MyDrive/DatasetVerifoto/images/whatsapp_vale_id/modificate/riso/paella/crudo/gpt_image_1_5/zogkeadk_riso_paella_buono_gpt_image_1_5.jpeg,1,0.031309463,0,modificate,,riso,paella,crudo
/content/drive/MyDrive/DatasetVerifoto/images/whatsapp_vale_id/modificate/riso/paella/crudo/gpt_image_1_mini/ryzrpqgf_riso_paella_buono_gpt_image_1_mini.jpeg,1,0.8797974,1,modificate,,riso,paella,crudo
/content/drive/MyDrive/DatasetVerifoto/images/whatsapp_vale_id/modificate/riso/paella/crudo/gpt_image_1_mini/tinugczo_riso_paella_buono_gpt_image_1_mini.jpeg,1,0.98557657,1,modificate,,riso,paella,crudo
/content/drive/MyDrive/DatasetVerifoto/images/whatsapp_vale_id/modificate/riso/paella/insetti/gpt_image_1_5/fwue3tir_riso_paella_buono_gpt_image_1_5.jpeg,1,0.03294037,0,modificate,,riso,paella,insetti
/content/drive/MyDrive/DatasetVerifoto/images/whatsapp_vale_id/modificate/riso/paella/marcio/gpt_image_1_mini/2ji2unpp_riso_paella_buono_gpt_image_1_mini.jpg,1,0.992591,1,modificate,,riso,paella,marcio
/content/drive/MyDrive/DatasetVerifoto/images/whatsapp_vale_id/modificate/riso/paella/marcio/gpt_image_1_mini/gc2q5n3c_riso_paella_dubbio_gpt_image_1_mini.jpeg,1,0.8386257,1,modificate,,riso,paella,marcio
/content/drive/MyDrive/DatasetVerifoto/images/whatsapp_vale_id/modificate/riso/paella/marcio/gpt_image_1_5/2ji2unpp_riso_paella_buono_gpt_image_1_5.jpg,1,0.71146923,1,modificate,,riso,paella,marcio
/content/drive/MyDrive/DatasetVerifoto/images/whatsapp_vale_id/modificate/riso/paella/marcio/gpt_image_1_5/bkx63ana_riso_paella_dubbio_gpt_image_1_5.jpeg,1,0.9350215,1,modificate,,riso,paella,marcio
/content/drive/MyDrive/DatasetVerifoto/images/whatsapp_vale_id/modificate/riso/paella/marcio/gpt_image_1_5/gc2q5n3c_riso_paella_dubbio_gpt_image_1_5.jpeg,1,0.015215492,0,modificate,,riso,paella,marcio
/content/drive/MyDrive/DatasetVerifoto/images/whatsapp_vale_id/modificate/riso/paella/marcio/gpt_image_1_5/gii6pzha_riso_paella_buono_gpt_image_1_5.jpeg,1,0.5925786,1,modificate,,riso,paella,marcio
/content/drive/MyDrive/DatasetVerifoto/images/whatsapp_vale_id/modificate/riso/paella/marcio/gpt_image_1_5/la5faddp_riso_paella_buono_gpt_image_1_5.jpeg,1,0.9738046,1,modificate,,riso,paella,marcio
/content/drive/MyDrive/DatasetVerifoto/images/whatsapp_vale_id/modificate/riso/paella/marcio/gpt_image_1_5/slqgr66e_riso_paella_buono_gpt_image_1_5.jpeg,1,0.047246236,0,modificate,,riso,paella,marcio
/content/drive/MyDrive/DatasetVerifoto/images/whatsapp_vale_id/modificate/riso/paella/marcio/gpt_image_1_5/zl5laivc_riso_paella_buono_gpt_image_1_5.jpeg,1,0.9901177,1,modificate,,riso,paella,marcio
/content/drive/MyDrive/DatasetVerifoto/images/whatsapp_vale_id/modificate/pizza/bruciato/gpt_image_1_mini/cne25by3_pizza_buono_gpt_image_1_mini.jpeg,1,0.41106135,1,modificate,,pizza,bruciato,gpt_image_1_mini
/content/drive/MyDrive/DatasetVerifoto/images/whatsapp_vale_id/modificate/pizza/bruciato/gpt_image_1_mini/gvwifk3b_pizza_buono_gpt_image_1_mini.jpeg,1,0.9631865,1,modificate,,pizza,bruciato,gpt_image_1_mini
/content/drive/MyDrive/DatasetVerifoto/images/whatsapp_vale_id/modificate/pizza/bruciato/gpt_image_1_mini/xug674ak_pizza_buono_gpt_image_1_mini.jpeg,1,0.9867181,1,modificate,,pizza,bruciato,gpt_image_1_mini
/content/drive/MyDrive/DatasetVerifoto/images/whatsapp_vale_id/modificate/pizza/bruciato/gpt_image_1_mini/zw44t2ev_pizza_buono_gpt_image_1_mini.jpeg,1,0.9891606,1,modificate,,pizza,bruciato,gpt_image_1_mini
/content/drive/MyDrive/DatasetVerifoto/images/whatsapp_vale_id/modificate/pizza/bruciato/gpt_image_1_5/4jwzrfu5_pizza_buono_gpt_image_1_5.jpeg,1,0.04380203,0,modificate,,pizza,bruciato,gpt_image_1_5
/content/drive/MyDrive/DatasetVerifoto/images/whatsapp_vale_id/modificate/pizza/bruciato/gpt_image_1_5/7iiw6qr3_pizza_buono_gpt_image_1_5.jpeg,1,0.97083056,1,modificate,,pizza,bruciato,gpt_image_1_5
/content/drive/MyDrive/DatasetVerifoto/images/whatsapp_vale_id/modificate/pizza/bruciato/gpt_image_1_5/a66h4khn_pizza_bruciato_cattivo_gpt_image_1_5.jpeg,1,0.04781072,0,modificate,,pizza,bruciato,gpt_image_1_5
/content/drive/MyDrive/DatasetVerifoto/images/whatsapp_vale_id/modificate/pizza/bruciato/gpt_image_1_5/cne25by3_pizza_buono_gpt_image_1_5.jpeg,1,0.032176655,0,modificate,,pizza,bruciato,gpt_image_1_5
/content/drive/MyDrive/DatasetVerifoto/images/whatsapp_vale_id/modificate/pizza/bruciato/gpt_image_1_5/dgiubwuv_pizza_buono_gpt_image_1_5.jpeg,1,0.7936282,1,modificate,,pizza,bruciato,gpt_image_1_5
/content/drive/MyDrive/DatasetVerifoto/images/whatsapp_vale_id/modificate/pizza/bruciato/gpt_image_1_5/gvwifk3b_pizza_buono_gpt_image_1_5.jpeg,1,0.009996762,0,modificate,,pizza,bruciato,gpt_image_1_5
/content/drive/MyDrive/DatasetVerifoto/images/whatsapp_vale_id/modificate/pizza/bruciato/gpt_image_1_5/i2wghnm5_pizza_buono_gpt_image_1_5.jpeg,1,0.9624584,1,modificate,,pizza,bruciato,gpt_image_1_5
/content/drive/MyDrive/DatasetVerifoto/images/whatsapp_vale_id/modificate/pizza/bruciato/gpt_image_1_5/pdw3legi_pizza_buono_gpt_image_1_5.jpeg,1,0.86937976,1,modificate,,pizza,bruciato,gpt_image_1_5
/content/drive/MyDrive/DatasetVerifoto/images/whatsapp_vale_id/modificate/pizza/bruciato/gpt_image_1_5/u7k6diu6_pizza_bruciato_cattivo_gpt_image_1_5.jpeg,1,0.9919252,1,modificate,,pizza,bruciato,gpt_image_1_5
/content/drive/MyDrive/DatasetVerifoto/images/whatsapp_vale_id/modificate/pizza/bruciato/gpt_image_1_5/xug674ak_pizza_buono_gpt_image_1_5.jpeg,1,0.13866767,0,modificate,,pizza,bruciato,gpt_image_1_5
/content/drive/MyDrive/DatasetVerifoto/images/whatsapp_vale_id/modificate/pizza/bruciato/gpt_image_1_5/yox2boly_pizza_buono_gpt_image_1_5.jpeg,1,0.08490396,0,modificate,,pizza,bruciato,gpt_image_1_5
/content/drive/MyDrive/DatasetVerifoto/images/whatsapp_vale_id/modificate/pizza/bruciato/gpt_image_1_5/zw44t2ev_pizza_buono_gpt_image_1_5.jpeg,1,0.86108804,1,modificate,,pizza,bruciato,gpt_image_1_5
/content/drive/MyDrive/DatasetVerifoto/images/whatsapp_vale_id/modificate/pizza/crudo/gpt_image_1_mini/gvwifk3b_pizza_buono_gpt_image_1_mini.jpeg,1,0.8918975,1,modificate,,pizza,crudo,gpt_image_1_mini
/content/drive/MyDrive/DatasetVerifoto/images/whatsapp_vale_id/modificate/pizza/crudo/gpt_image_1_mini/xug674ak_pizza_buono_gpt_image_1_mini.jpeg,1,0.97810566,1,modificate,,pizza,crudo,gpt_image_1_mini
/content/drive/MyDrive/DatasetVerifoto/images/whatsapp_vale_id/modificate/pizza/crudo/gpt_image_1_mini/zw44t2ev_pizza_buono_gpt_image_1_mini.jpeg,1,0.9771085,1,modificate,,pizza,crudo,gpt_image_1_mini
/content/drive/MyDrive/DatasetVerifoto/images/whatsapp_vale_id/modificate/pizza/crudo/gpt_image_1_5/7iiw6qr3_pizza_buono_gpt_image_1_5.jpeg,1,0.76055795,1,modificate,,pizza,crudo,gpt_image_1_5
/content/drive/MyDrive/DatasetVerifoto/images/whatsapp_vale_id/modificate/pizza/crudo/gpt_image_1_5/a66h4khn_pizza_bruciato_cattivo_gpt_image_1_5.jpeg,1,0.087638214,0,modificate,,pizza,crudo,gpt_image_1_5
/content/drive/MyDrive/DatasetVerifoto/images/whatsapp_vale_id/modificate/pizza/crudo/gpt_image_1_5/dgiubwuv_pizza_buono_gpt_image_1_5.jpeg,1,0.9360762,1,modificate,,pizza,crudo,gpt_image_1_5
/content/drive/MyDrive/DatasetVerifoto/images/whatsapp_vale_id/modificate/pizza/crudo/gpt_image_1_5/gvwifk3b_pizza_buono_gpt_image_1_5.jpeg,1,0.023777876,0,modificate,,pizza,crudo,gpt_image_1_5
/content/drive/MyDrive/DatasetVerifoto/images/whatsapp_vale_id/modificate/pizza/crudo/gpt_image_1_5/hwxf35gs_pizza_buono_gpt_image_1_5.jpeg,1,0.12203537,0,modificate,,pizza,crudo,gpt_image_1_5
/content/drive/MyDrive/DatasetVerifoto/images/whatsapp_vale_id/modificate/pizza/crudo/gpt_image_1_5/i2wghnm5_pizza_buono_gpt_image_1_5.jpeg,1,0.7638634,1,modificate,,pizza,crudo,gpt_image_1_5
/content/drive/MyDrive/DatasetVerifoto/images/whatsapp_vale_id/modificate/pizza/crudo/gpt_image_1_5/pdw3legi_pizza_buono_gpt_image_1_5.jpeg,1,0.017915357,0,modificate,,pizza,crudo,gpt_image_1_5
/content/drive/MyDrive/DatasetVerifoto/images/whatsapp_vale_id/modificate/pizza/crudo/gpt_image_1_5/u7k6diu6_pizza_bruciato_cattivo_gpt_image_1_5.jpeg,1,0.74048406,1,modificate,,pizza,crudo,gpt_image_1_5
/content/drive/MyDrive/DatasetVerifoto/images/whatsapp_vale_id/modificate/pizza/crudo/gpt_image_1_5/xug674ak_pizza_buono_gpt_image_1_5.jpeg,1,0.076988064,0,modificate,,pizza,crudo,gpt_image_1_5
/content/drive/MyDrive/DatasetVerifoto/images/whatsapp_vale_id/modificate/pizza/crudo/gpt_image_1_5/yox2boly_pizza_buono_gpt_image_1_5.jpeg,1,0.19165152,0,modificate,,pizza,crudo,gpt_image_1_5
/content/drive/MyDrive/DatasetVerifoto/images/whatsapp_vale_id/modificate/pizza/crudo/gpt_image_1_5/zw44t2ev_pizza_buono_gpt_image_1_5.jpeg,1,0.2395604,1,modificate,,pizza,crudo,gpt_image_1_5
/content/drive/MyDrive/DatasetVerifoto/images/whatsapp_vale_id/modificate/pizza/marcio/gpt_image_1_mini/cne25by3_pizza_buono_gpt_image_1_mini.jpeg,1,0.046783254,0,modificate,,pizza,marcio,gpt_image_1_mini
/content/drive/MyDrive/DatasetVerifoto/images/whatsapp_vale_id/modificate/pizza/marcio/gpt_image_1_5/cne25by3_pizza_buono_gpt_image_1_5.jpeg,1,0.02241101,0,modificate,,pizza,marcio,gpt_image_1_5
/content/drive/MyDrive/DatasetVerifoto/images/whatsapp_vale_id/modificate/pizza/marcio/gpt_image_1_5/hwxf35gs_pizza_buono_gpt_image_1_5.jpeg,1,0.7425293,1,modificate,,pizza,marcio,gpt_image_1_5
/content/drive/MyDrive/DatasetVerifoto/images/whatsapp_vale_id/modificate/sushi/marcio/gpt_image_1_5/3fty3yfq_sushi_buono_gpt_image_1_5.jpeg,1,0.14579967,0,modificate,,sushi,marcio,gpt_image_1_5
/content/drive/MyDrive/DatasetVerifoto/images/whatsapp_vale_id/modificate/sushi/marcio/gpt_image_1_5/afeqtdbm_sushi_buono_gpt_image_1_5.jpeg,1,0.009810785,0,modificate,,sushi,marcio,gpt_image_1_5
/content/drive/MyDrive/DatasetVerifoto/images/whatsapp_vale_id/modificate/sushi/marcio/gpt_image_1_5/bvwvkj2b_sushi_buono_gpt_image_1_5.jpeg,1,0.96864563,1,modificate,,sushi,marcio,gpt_image_1_5
/content/drive/MyDrive/DatasetVerifoto/images/whatsapp_vale_id/modificate/sushi/marcio/gpt_image_1_5/jdzs2vpb_sushi_buono_gpt_image_1_5.jpeg,1,0.014748168,0,modificate,,sushi,marcio,gpt_image_1_5
/content/drive/MyDrive/DatasetVerifoto/images/whatsapp_vale_id/modificate/sushi/marcio/gpt_image_1_5/m6xrm3um_sushi_buono_gpt_image_1_5.jpeg,1,0.02006704,0,modificate,,sushi,marcio,gpt_image_1_5
/content/drive/MyDrive/DatasetVerifoto/images/whatsapp_vale_id/modificate/sushi/marcio/gpt_image_1_5/mw2pvbjq_sushi_buono_gpt_image_1_5.jpeg,1,0.014607137,0,modificate,,sushi,marcio,gpt_image_1_5
/content/drive/MyDrive/DatasetVerifoto/images/whatsapp_vale_id/modificate/sushi/marcio/gpt_image_1_5/yap36qyd_sushi_buono_gpt_image_1_5.jpeg,1,0.7297032,1,modificate,,sushi,marcio,gpt_image_1_5
/content/drive/MyDrive/DatasetVerifoto/images/whatsapp_vale_id/modificate/sushi/insetti/gpt_image_1_5/afeqtdbm_sushi_buono_gpt_image_1_5.jpeg,1,0.009967761,0,modificate,,sushi,insetti,gpt_image_1_5
/content/drive/MyDrive/DatasetVerifoto/images/whatsapp_vale_id/modificate/sushi/insetti/gpt_image_1_5/bvwvkj2b_sushi_buono_gpt_image_1_5.jpeg,1,0.17211732,0,modificate,,sushi,insetti,gpt_image_1_5
/content/drive/MyDrive/DatasetVerifoto/images/whatsapp_vale_id/modificate/sushi/insetti/gpt_image_1_5/jdzs2vpb_sushi_buono_gpt_image_1_5.jpeg,1,0.020632511,0,modificate,,sushi,insetti,gpt_image_1_5
/content/drive/MyDrive/DatasetVerifoto/images/whatsapp_vale_id/modificate/sushi/insetti/gpt_image_1_5/m6xrm3um_sushi_buono_gpt_image_1_5.jpeg,1,0.018456932,0,modificate,,sushi,insetti,gpt_image_1_5
/content/drive/MyDrive/DatasetVerifoto/images/whatsapp_vale_id/modificate/sushi/insetti/gpt_image_1_5/mw2pvbjq_sushi_buono_gpt_image_1_5.jpeg,1,0.014682428,0,modificate,,sushi,insetti,gpt_image_1_5
/content/drive/MyDrive/DatasetVerifoto/images/whatsapp_vale_id/modificate/sushi/crudo/gpt_image_1_5/3fty3yfq_sushi_buono_gpt_image_1_5.jpeg,1,0.09129269,0,modificate,,sushi,crudo,gpt_image_1_5
/content/drive/MyDrive/DatasetVerifoto/images/whatsapp_vale_id/modificate/zuppa/marcio/gpt_image_1_5/2yabfsbs_zuppa_buono_gpt_image_1_5.jpeg,1,0.9890515,1,modificate,,zuppa,marcio,gpt_image_1_5
/content/drive/MyDrive/DatasetVerifoto/images/whatsapp_vale_id/originali/buono/altro/bpoz7nxx_altro_buono.jpeg,0,0.016999226,0,originali,buono,altro,,
/content/drive/MyDrive/DatasetVerifoto/images/whatsapp_vale_id/originali/buono/altro/wd3lojvd_altro_buono.jpeg,0,0.011647328,0,originali,buono,altro,,
/content/drive/MyDrive/DatasetVerifoto/images/whatsapp_vale_id/originali/buono/altro/wsko4qco_altro_dubbio.jpeg,0,0.9573639,1,originali,buono,altro,,
/content/drive/MyDrive/DatasetVerifoto/images/whatsapp_vale_id/originali/buono/altro/u4mtz5r3_altro_buono.jpeg,0,0.013728808,0,originali,buono,altro,,
/content/drive/MyDrive/DatasetVerifoto/images/whatsapp_vale_id/originali/buono/altro/vqw3jetg_altro_buono.jpeg,0,0.008715932,0,originali,buono,altro,,
/content/drive/MyDrive/DatasetVerifoto/images/whatsapp_vale_id/originali/buono/altro/hqr72nd2_altro_buono.jpg,0,0.00738033,0,originali,buono,altro,,
/content/drive/MyDrive/DatasetVerifoto/images/whatsapp_vale_id/originali/buono/altro/q3qd5clw_altro_buono.jpeg,0,0.030650955,0,originali,buono,altro,,
/content/drive/MyDrive/DatasetVerifoto/images/whatsapp_vale_id/originali/buono/altro/jgrgz7xu_altro_buono.jpeg,0,0.022883208,0,originali,buono,altro,,
/content/drive/MyDrive/DatasetVerifoto/images/whatsapp_vale_id/originali/buono/altro/zpu56j2e_altro_buono.jpeg,0,0.021074343,0,originali,buono,altro,,
/content/drive/MyDrive/DatasetVerifoto/images/whatsapp_vale_id/originali/buono/altro/3ouebiyo_altro_buono.jpeg,0,0.84651583,1,originali,buono,altro,,
/content/drive/MyDrive/DatasetVerifoto/images/whatsapp_vale_id/originali/buono/altro/ztu4nswa_altro_buono.jpeg,0,0.079665,0,originali,buono,altro,,
/content/drive/MyDrive/DatasetVerifoto/images/whatsapp_vale_id/originali/buono/altro/vuus5m6g_altro_buono.jpg,0,0.01861913,0,originali,buono,altro,,
/content/drive/MyDrive/DatasetVerifoto/images/whatsapp_vale_id/originali/buono/altro/3ny4ybrn_altro_buono.jpeg,0,0.043020915,0,originali,buono,altro,,
/content/drive/MyDrive/DatasetVerifoto/images/whatsapp_vale_id/originali/buono/altro/gul7rtua_altro_buono.jpeg,0,0.011720764,0,originali,buono,altro,,
/content/drive/MyDrive/DatasetVerifoto/images/whatsapp_vale_id/originali/buono/altro/3ibv5meg_altro_buono.jpeg,0,0.833613,1,originali,buono,altro,,
/content/drive/MyDrive/DatasetVerifoto/images/whatsapp_vale_id/originali/buono/altro/lk5uuzmn_altro_buono.jpeg,0,0.025131792,0,originali,buono,altro,,
/content/drive/MyDrive/DatasetVerifoto/images/whatsapp_vale_id/originali/buono/altro/merbyufk_altro_buono.jpeg,0,0.006897561,0,originali,buono,altro,,
/content/drive/MyDrive/DatasetVerifoto/images/whatsapp_vale_id/originali/buono/altro/o3trcwpr_altro_buono.jpeg,0,0.009097581,0,originali,buono,altro,,
/content/drive/MyDrive/DatasetVerifoto/images/whatsapp_vale_id/originali/buono/altro/k4ikqfrz_altro_buono.jpeg,0,0.009198278,0,originali,buono,altro,,
/content/drive/MyDrive/DatasetVerifoto/images/whatsapp_vale_id/originali/buono/altro/eggrfhgy_altro_buono.jpeg,0,0.025513314,0,originali,buono,altro,,
/content/drive/MyDrive/DatasetVerifoto/images/whatsapp_vale_id/originali/buono/altro/oyfjj3si_altro_buono.jpeg,0,0.98328906,1,originali,buono,altro,,
/content/drive/MyDrive/DatasetVerifoto/images/whatsapp_vale_id/originali/buono/altro/pewnxqer_altro_buono.jpeg,0,0.024349798,0,originali,buono,altro,,
/content/drive/MyDrive/DatasetVerifoto/images/whatsapp_vale_id/originali/buono/altro/buakq3ew_altro_buono.jpeg,0,0.50563836,1,originali,buono,altro,,
/content/drive/MyDrive/DatasetVerifoto/images/whatsapp_vale_id/originali/buono/altro/avk5mamu_altro_buono.jpeg,0,0.7095982,1,originali,buono,altro,,
/content/drive/MyDrive/DatasetVerifoto/images/whatsapp_vale_id/originali/buono/altro/qposus4o_altro_buono.jpeg,0,0.014339712,0,originali,buono,altro,,
/content/drive/MyDrive/DatasetVerifoto/images/whatsapp_vale_id/originali/buono/altro/yodxel7a_altro_buono.jpeg,0,0.044880584,0,originali,buono,altro,,
/content/drive/MyDrive/DatasetVerifoto/images/whatsapp_vale_id/originali/buono/altro/ylo6pug6_altro_buono.jpeg,0,0.04505974,0,originali,buono,altro,,
/content/drive/MyDrive/DatasetVerifoto/images/whatsapp_vale_id/originali/buono/altro/eaqahksl_altro_buono.jpeg,0,0.010130426,0,originali,buono,altro,,
/content/drive/MyDrive/DatasetVerifoto/images/whatsapp_vale_id/originali/buono/altro/5r4hbtsa_altro_buono.jpeg,0,0.0075888573,0,originali,buono,altro,,
/content/drive/MyDrive/DatasetVerifoto/images/whatsapp_vale_id/originali/buono/altro/uprvh6oz_altro_buono.jpeg,0,0.104386546,0,originali,buono,altro,,
/content/drive/MyDrive/DatasetVerifoto/images/whatsapp_vale_id/originali/buono/altro/v272ozug_altro_buono.jpeg,0,0.014277624,0,originali,buono,altro,,
/content/drive/MyDrive/DatasetVerifoto/images/whatsapp_vale_id/originali/buono/altro/pb426xgw_altro_buono.jpeg,0,0.0077033234,0,originali,buono,altro,,
/content/drive/MyDrive/DatasetVerifoto/images/whatsapp_vale_id/originali/buono/altro/yws6lzb7_altro_buono.jpeg,0,0.02666752,0,originali,buono,altro,,
/content/drive/MyDrive/DatasetVerifoto/images/whatsapp_vale_id/originali/buono/altro/b5jckknv_altro_buono.jpeg,0,0.008022581,0,originali,buono,altro,,
/content/drive/MyDrive/DatasetVerifoto/images/whatsapp_vale_id/originali/buono/altro/buqukcd4_altro_buono.jpeg,0,0.013935049,0,originali,buono,altro,,
/content/drive/MyDrive/DatasetVerifoto/images/whatsapp_vale_id/originali/buono/altro/qhgc5x7y_altro_buono.jpeg,0,0.013633096,0,originali,buono,altro,,
/content/drive/MyDrive/DatasetVerifoto/images/whatsapp_vale_id/originali/buono/altro/wid2gozj_altro_buono.jpeg,0,0.039203405,0,originali,buono,altro,,
/content/drive/MyDrive/DatasetVerifoto/images/whatsapp_vale_id/originali/buono/fritti/jikjaigw_fritti_buono.jpeg,0,0.008878574,0,originali,buono,fritti,,
/content/drive/MyDrive/DatasetVerifoto/images/whatsapp_vale_id/originali/buono/fritti/vglmlqeg_fritti_buono.jpeg,0,0.026093787,0,originali,buono,fritti,,
/content/drive/MyDrive/DatasetVerifoto/images/whatsapp_vale_id/originali/buono/fritti/ccchjknu_fritti_buono.jpeg,0,0.07825292,0,originali,buono,fritti,,
/content/drive/MyDrive/DatasetVerifoto/images/whatsapp_vale_id/originali/buono/fritti/p7faib4p_fritti_buono.jpg,0,0.008509101,0,originali,buono,fritti,,
/content/drive/MyDrive/DatasetVerifoto/images/whatsapp_vale_id/originali/buono/fritti/o7ast4ev_fritti_buono.jpeg,0,0.013744007,0,originali,buono,fritti,,
/content/drive/MyDrive/DatasetVerifoto/images/whatsapp_vale_id/originali/buono/fritti/jf4uensh_fritti_buono.jpeg,0,0.015159151,0,originali,buono,fritti,,
/content/drive/MyDrive/DatasetVerifoto/images/whatsapp_vale_id/originali/buono/fritti/rnoj2jyt_fritti_buono.jpeg,0,0.016551927,0,originali,buono,fritti,,
/content/drive/MyDrive/DatasetVerifoto/images/whatsapp_vale_id/originali/buono/fritti/kgsvd7x6_fritti_buono.jpeg,0,0.98773193,1,originali,buono,fritti,,
/content/drive/MyDrive/DatasetVerifoto/images/whatsapp_vale_id/originali/buono/insalata/tpuly2yq_insalata_buono.jpeg,0,0.046698503,0,originali,buono,insalata,,
/content/drive/MyDrive/DatasetVerifoto/images/whatsapp_vale_id/originali/buono/insalata/4s5mjp6b_insalata_buono.jpeg,0,0.014466216,0,originali,buono,insalata,,
/content/drive/MyDrive/DatasetVerifoto/images/whatsapp_vale_id/originali/buono/burger_panino/7v274iku_burger_panino_buono.jpeg,0,0.008327423,0,originali,buono,burger_panino,,
/content/drive/MyDrive/DatasetVerifoto/images/whatsapp_vale_id/originali/buono/burger_panino/yomeyzcw_burger_panino_buono.jpeg,0,0.013849438,0,originali,buono,burger_panino,,
/content/drive/MyDrive/DatasetVerifoto/images/whatsapp_vale_id/originali/buono/burger_panino/tmdn4jjm_burger_panino_buono.jpg,0,0.76295555,1,originali,buono,burger_panino,,
/content/drive/MyDrive/DatasetVerifoto/images/whatsapp_vale_id/originali/buono/burger_panino/5b7ml2rn_burger_panino_buono.jpeg,0,0.00978834,0,originali,buono,burger_panino,,
/content/drive/MyDrive/DatasetVerifoto/images/whatsapp_vale_id/originali/buono/burger_panino/b67bcfvb_burger_panino_buono.jpeg,0,0.12860467,0,originali,buono,burger_panino,,
/content/drive/MyDrive/DatasetVerifoto/images/whatsapp_vale_id/originali/buono/burger_panino/vnsaljpo_burger_panino_buono.jpeg,0,0.015177298,0,originali,buono,burger_panino,,
/content/drive/MyDrive/DatasetVerifoto/images/whatsapp_vale_id/originali/buono/burger_panino/eranznxa_burger_panino_buono.jpeg,0,0.010837582,0,originali,buono,burger_panino,,
/content/drive/MyDrive/DatasetVerifoto/images/whatsapp_vale_id/originali/buono/burger_panino/33dpwset_burger_panino_buono.jpeg,0,0.5974102,1,originali,buono,burger_panino,,
/content/drive/MyDrive/DatasetVerifoto/images/whatsapp_vale_id/originali/buono/burger_panino/sjcafoo3_burger_panino_buono.jpeg,0,0.027029427,0,originali,buono,burger_panino,,
/content/drive/MyDrive/DatasetVerifoto/images/whatsapp_vale_id/originali/buono/burger_panino/okfr7ke3_burger_panino_buono.jpeg,0,0.02504834,0,originali,buono,burger_panino,,
/content/drive/MyDrive/DatasetVerifoto/images/whatsapp_vale_id/originali/buono/burger_panino/hzt5uwka_burger_panino_dubbio.jpeg,0,0.03446733,0,originali,buono,burger_panino,,
/content/drive/MyDrive/DatasetVerifoto/images/whatsapp_vale_id/originali/buono/burger_panino/gngfmahz_burger_panino_buono.jpeg,0,0.021626,0,originali,buono,burger_panino,,
/content/drive/MyDrive/DatasetVerifoto/images/whatsapp_vale_id/originali/buono/burger_panino/j2tkevht_burger_panino_dubbio.jpeg,0,0.01189001,0,originali,buono,burger_panino,,
/content/drive/MyDrive/DatasetVerifoto/images/whatsapp_vale_id/originali/buono/burger_panino/4er2jqz2_burger_panino_buono.jpeg,0,0.037589822,0,originali,buono,burger_panino,,
/content/drive/MyDrive/DatasetVerifoto/images/whatsapp_vale_id/originali/buono/dessert/3upejkx2_dessert_buono.jpeg,0,0.8957516,1,originali,buono,dessert,,
/content/drive/MyDrive/DatasetVerifoto/images/whatsapp_vale_id/originali/buono/dessert/z6dfizdc_dessert_buono.jpeg,0,0.17025386,0,originali,buono,dessert,,
/content/drive/MyDrive/DatasetVerifoto/images/whatsapp_vale_id/originali/buono/dessert/zzfm2gfx_dessert_buono.jpeg,0,0.013827365,0,originali,buono,dessert,,
/content/drive/MyDrive/DatasetVerifoto/images/whatsapp_vale_id/originali/buono/dessert/rmjo3puu_dessert_buono.jpeg,0,0.0792118,0,originali,buono,dessert,,
/content/drive/MyDrive/DatasetVerifoto/images/whatsapp_vale_id/originali/buono/dessert/rxiifv5b_dessert_buono.jpeg,0,0.48108953,1,originali,buono,dessert,,
/content/drive/MyDrive/DatasetVerifoto/images/whatsapp_vale_id/originali/buono/dessert/vth2k6r5_dessert_buono.jpeg,0,0.042225216,0,originali,buono,dessert,,
/content/drive/MyDrive/DatasetVerifoto/images/whatsapp_vale_id/originali/buono/dessert/mdysvf7k_dessert_buono.jpeg,0,0.021618793,0,originali,buono,dessert,,
/content/drive/MyDrive/DatasetVerifoto/images/whatsapp_vale_id/originali/buono/dessert/wtgflhdn_dessert_buono.jpeg,0,0.008252312,0,originali,buono,dessert,,
/content/drive/MyDrive/DatasetVerifoto/images/whatsapp_vale_id/originali/buono/dessert/eyvw27ut_dessert_buono.jpeg,0,0.93123597,1,originali,buono,dessert,,
/content/drive/MyDrive/DatasetVerifoto/images/whatsapp_vale_id/originali/buono/dessert/hnnnkjg5_dessert_buono.jpeg,0,0.032280784,0,originali,buono,dessert,,
/content/drive/MyDrive/DatasetVerifoto/images/whatsapp_vale_id/originali/buono/dessert/husvoflj_dessert_buono.jpeg,0,0.10369167,0,originali,buono,dessert,,
/content/drive/MyDrive/DatasetVerifoto/images/whatsapp_vale_id/originali/buono/dessert/5nsuylnm_dessert_buono.jpeg,0,0.016659953,0,originali,buono,dessert,,
/content/drive/MyDrive/DatasetVerifoto/images/whatsapp_vale_id/originali/buono/dessert/chku7snl_dessert_buono.jpeg,0,0.04453269,0,originali,buono,dessert,,
/content/drive/MyDrive/DatasetVerifoto/images/whatsapp_vale_id/originali/buono/dessert/6mvklk2v_dessert_buono.jpeg,0,0.008185239,0,originali,buono,dessert,,
/content/drive/MyDrive/DatasetVerifoto/images/whatsapp_vale_id/originali/buono/dessert/xjivei55_dessert_buono.jpeg,0,0.021675339,0,originali,buono,dessert,,
/content/drive/MyDrive/DatasetVerifoto/images/whatsapp_vale_id/originali/buono/dessert/hqd6b4nc_dessert_buono.jpeg,0,0.6973293,1,originali,buono,dessert,,
/content/drive/MyDrive/DatasetVerifoto/images/whatsapp_vale_id/originali/buono/dessert/7fowmd6k_dessert_buono.jpeg,0,0.022100748,0,originali,buono,dessert,,
/content/drive/MyDrive/DatasetVerifoto/images/whatsapp_vale_id/originali/buono/dessert/37exednt_dessert_buono.jpeg,0,0.029314755,0,originali,buono,dessert,,
/content/drive/MyDrive/DatasetVerifoto/images/whatsapp_vale_id/originali/buono/dessert/kqmkhwkw_dessert_buono.jpeg,0,0.012633429,0,originali,buono,dessert,,
/content/drive/MyDrive/DatasetVerifoto/images/whatsapp_vale_id/originali/buono/kebab/wjwoxwss_kebab_buono.jpeg,0,0.012559264,0,originali,buono,kebab,,
/content/drive/MyDrive/DatasetVerifoto/images/whatsapp_vale_id/originali/buono/patatine/2qncxob4_patatine_buono.jpeg,0,0.035341036,0,originali,buono,patatine,,
/content/drive/MyDrive/DatasetVerifoto/images/whatsapp_vale_id/originali/buono/patatine/pi3wewch_patatine_buono.jpg,0,0.3743773,1,originali,buono,patatine,,
/content/drive/MyDrive/DatasetVerifoto/images/whatsapp_vale_id/originali/buono/patatine/a3d45z5e_patatine_buono.jpeg,0,0.00732488,0,originali,buono,patatine,,
/content/drive/MyDrive/DatasetVerifoto/images/whatsapp_vale_id/originali/buono/patatine/kaob64gl_patatine_buono.jpeg,0,0.019639993,0,originali,buono,patatine,,
/content/drive/MyDrive/DatasetVerifoto/images/whatsapp_vale_id/originali/buono/patatine/r6m7xzja_patatine_buono.jpeg,0,0.022006568,0,originali,buono,patatine,,
/content/drive/MyDrive/DatasetVerifoto/images/whatsapp_vale_id/originali/buono/patatine/gej3etmn_patatine_buono.jpeg,0,0.012393696,0,originali,buono,patatine,,
/content/drive/MyDrive/DatasetVerifoto/images/whatsapp_vale_id/originali/buono/frutta_verdura/6vfvvtko_altro_dubbio.jpg,0,0.013516621,0,originali,buono,frutta_verdura,,
/content/drive/MyDrive/DatasetVerifoto/images/whatsapp_vale_id/originali/buono/frutta_verdura/fcwftur3_frutta_verdura_buono.jpeg,0,0.013049071,0,originali,buono,frutta_verdura,,
/content/drive/MyDrive/DatasetVerifoto/images/whatsapp_vale_id/originali/buono/frutta_verdura/ruktwoyf_frutta_verdura_buono.jpeg,0,0.025233798,0,originali,buono,frutta_verdura,,
/content/drive/MyDrive/DatasetVerifoto/images/whatsapp_vale_id/originali/buono/pizza/dgiubwuv_pizza_buono.jpeg,0,0.10073537,0,originali,buono,pizza,,
/content/drive/MyDrive/DatasetVerifoto/images/whatsapp_vale_id/originali/buono/pizza/4jwzrfu5_pizza_buono.jpeg,0,0.31593874,1,originali,buono,pizza,,
/content/drive/MyDrive/DatasetVerifoto/images/whatsapp_vale_id/originali/buono/pizza/xug674ak_pizza_buono.jpeg,0,0.10652165,0,originali,buono,pizza,,
/content/drive/MyDrive/DatasetVerifoto/images/whatsapp_vale_id/originali/buono/pizza/7iiw6qr3_pizza_buono.jpeg,0,0.03817307,0,originali,buono,pizza,,
/content/drive/MyDrive/DatasetVerifoto/images/whatsapp_vale_id/originali/buono/pizza/hwxf35gs_pizza_buono.jpeg,0,0.17655519,0,originali,buono,pizza,,
/content/drive/MyDrive/DatasetVerifoto/images/whatsapp_vale_id/originali/buono/pizza/cne25by3_pizza_buono.jpeg,0,0.02166295,0,originali,buono,pizza,,
/content/drive/MyDrive/DatasetVerifoto/images/whatsapp_vale_id/originali/buono/pizza/pdw3legi_pizza_buono.jpeg,0,0.014521646,0,originali,buono,pizza,,
/content/drive/MyDrive/DatasetVerifoto/images/whatsapp_vale_id/originali/buono/pizza/zw44t2ev_pizza_buono.jpeg,0,0.14923126,0,originali,buono,pizza,,
/content/drive/MyDrive/DatasetVerifoto/images/whatsapp_vale_id/originali/buono/pizza/gvwifk3b_pizza_buono.jpeg,0,0.031771947,0,originali,buono,pizza,,
/content/drive/MyDrive/DatasetVerifoto/images/whatsapp_vale_id/originali/buono/pizza/i2wghnm5_pizza_buono.jpeg,0,0.25917032,1,originali,buono,pizza,,
/content/drive/MyDrive/DatasetVerifoto/images/whatsapp_vale_id/originali/buono/pizza/u7k6diu6_pizza_bruciato_cattivo.jpeg,0,0.036691733,0,originali,buono,pizza,,
/content/drive/MyDrive/DatasetVerifoto/images/whatsapp_vale_id/originali/buono/pizza/a66h4khn_pizza_bruciato_cattivo.jpeg,0,0.2456109,1,originali,buono,pizza,,
/content/drive/MyDrive/DatasetVerifoto/images/whatsapp_vale_id/originali/buono/pizza/yox2boly_pizza_buono.jpeg,0,0.06567896,0,originali,buono,pizza,,
/content/drive/MyDrive/DatasetVerifoto/images/whatsapp_vale_id/originali/buono/carne/ir2ivmzc_carne_buono.jpeg,0,0.0074735535,0,originali,buono,carne,,
/content/drive/MyDrive/DatasetVerifoto/images/whatsapp_vale_id/originali/buono/carne/khhteut7_carne_buono.jpeg,0,0.023778347,0,originali,buono,carne,,
/content/drive/MyDrive/DatasetVerifoto/images/whatsapp_vale_id/originali/buono/carne/hd42dw5b_carne_buono.jpeg,0,0.59280556,1,originali,buono,carne,,
/content/drive/MyDrive/DatasetVerifoto/images/whatsapp_vale_id/originali/buono/carne/sg542pgh_carne_buono.jpeg,0,0.7288902,1,originali,buono,carne,,
/content/drive/MyDrive/DatasetVerifoto/images/whatsapp_vale_id/originali/buono/carne/thhrvpb2_carne_bruciato_cattivo.jpeg,0,0.0088828765,0,originali,buono,carne,,
/content/drive/MyDrive/DatasetVerifoto/images/whatsapp_vale_id/originali/buono/carne/inmzieee_carne_buono.jpeg,0,0.013277578,0,originali,buono,carne,,
/content/drive/MyDrive/DatasetVerifoto/images/whatsapp_vale_id/originali/buono/carne/nb4af4w6_carne_buono.jpeg,0,0.084658206,0,originali,buono,carne,,
/content/drive/MyDrive/DatasetVerifoto/images/whatsapp_vale_id/originali/buono/carne/lxcdeyho_carne_dubbio.jpeg,0,0.035461813,0,originali,buono,carne,,
/content/drive/MyDrive/DatasetVerifoto/images/whatsapp_vale_id/originali/buono/carne/s47trq3s_carne_buono.jpeg,0,0.3882337,1,originali,buono,carne,,
/content/drive/MyDrive/DatasetVerifoto/images/whatsapp_vale_id/originali/buono/carne/hxz26ddn_carne_buono.jpeg,0,0.012743334,0,originali,buono,carne,,
/content/drive/MyDrive/DatasetVerifoto/images/whatsapp_vale_id/originali/buono/carne/fxvyn6pk_carne_buono.jpeg,0,0.0061291917,0,originali,buono,carne,,
/content/drive/MyDrive/DatasetVerifoto/images/whatsapp_vale_id/originali/buono/carne/3gzqje6t_carne_bruciato_cattivo.jpeg,0,0.74738765,1,originali,buono,carne,,
/content/drive/MyDrive/DatasetVerifoto/images/whatsapp_vale_id/originali/buono/carne/75tgz63f_carne_buono.jpeg,0,0.030445723,0,originali,buono,carne,,
/content/drive/MyDrive/DatasetVerifoto/images/whatsapp_vale_id/originali/buono/carne/qif4j4os_carne_buono.jpeg,0,0.008899553,0,originali,buono,carne,,
/content/drive/MyDrive/DatasetVerifoto/images/whatsapp_vale_id/originali/buono/carne/tc3kj22z_carne_buono.jpeg,0,0.008648555,0,originali,buono,carne,,
/content/drive/MyDrive/DatasetVerifoto/images/whatsapp_vale_id/originali/buono/carne/fntev4lt_carne_buono.jpeg,0,0.011708902,0,originali,buono,carne,,
/content/drive/MyDrive/DatasetVerifoto/images/whatsapp_vale_id/originali/buono/carne/nztfcvoq_carne_buono.jpeg,0,0.0158231,0,originali,buono,carne,,
/content/drive/MyDrive/DatasetVerifoto/images/whatsapp_vale_id/originali/buono/carne/akcnhjob_carne_buono.jpeg,0,0.011484507,0,originali,buono,carne,,
/content/drive/MyDrive/DatasetVerifoto/images/whatsapp_vale_id/originali/buono/carne/3gelre7d_carne_buono.jpeg,0,0.022522807,0,originali,buono,carne,,
/content/drive/MyDrive/DatasetVerifoto/images/whatsapp_vale_id/originali/buono/carne/vwvukcj7_carne_buono.jpeg,0,0.85743815,1,originali,buono,carne,,
/content/drive/MyDrive/DatasetVerifoto/images/whatsapp_vale_id/originali/buono/carne/o7qrpspp_carne_dubbio.jpeg,0,0.0073763058,0,originali,buono,carne,,
/content/drive/MyDrive/DatasetVerifoto/images/whatsapp_vale_id/originali/buono/carne/tbuhtgq4_carne_buono.jpeg,0,0.78844285,1,originali,buono,carne,,
/content/drive/MyDrive/DatasetVerifoto/images/whatsapp_vale_id/originali/buono/carne/s6pkncaj_carne_buono.jpeg,0,0.009970038,0,originali,buono,carne,,
/content/drive/MyDrive/DatasetVerifoto/images/whatsapp_vale_id/originali/buono/pasta/3whu6udg_pasta_buono.jpeg,0,0.9213396,1,originali,buono,pasta,,
/content/drive/MyDrive/DatasetVerifoto/images/whatsapp_vale_id/originali/buono/pasta/3ohh5bjo_pasta_buono.jpeg,0,0.52585346,1,originali,buono,pasta,,
/content/drive/MyDrive/DatasetVerifoto/images/whatsapp_vale_id/originali/buono/pasta/mynrb6wk_pasta_buono.jpeg,0,0.22150278,1,originali,buono,pasta,,
/content/drive/MyDrive/DatasetVerifoto/images/whatsapp_vale_id/originali/buono/pasta/mtbhkxb3_pasta_buono.jpeg,0,0.05287905,0,originali,buono,pasta,,
/content/drive/MyDrive/DatasetVerifoto/images/whatsapp_vale_id/originali/buono/pasta/stk6fwdh_pasta_buono.jpeg,0,0.92295116,1,originali,buono,pasta,,
/content/drive/MyDrive/DatasetVerifoto/images/whatsapp_vale_id/originali/buono/pasta/lkl5tlbh_pasta_buono.jpeg,0,0.015173992,0,originali,buono,pasta,,
/content/drive/MyDrive/DatasetVerifoto/images/whatsapp_vale_id/originali/buono/pasta/tlyaphyx_pasta_buono.jpeg,0,0.010602451,0,originali,buono,pasta,,
/content/drive/MyDrive/DatasetVerifoto/images/whatsapp_vale_id/originali/buono/pasta/ubwhdhnp_pasta_buono.jpeg,0,0.018801223,0,originali,buono,pasta,,
/content/drive/MyDrive/DatasetVerifoto/images/whatsapp_vale_id/originali/buono/pasta/aq2cqxoq_pasta_buono.jpeg,0,0.8972096,1,originali,buono,pasta,,
/content/drive/MyDrive/DatasetVerifoto/images/whatsapp_vale_id/originali/buono/pasta/u3lipaqm_pasta_buono.jpeg,0,0.027686125,0,originali,buono,pasta,,
/content/drive/MyDrive/DatasetVerifoto/images/whatsapp_vale_id/originali/buono/pasta/pei3tbjd_pasta_buono.jpeg,0,0.9787324,1,originali,buono,pasta,,
/content/drive/MyDrive/DatasetVerifoto/images/whatsapp_vale_id/originali/buono/pasta/okj5nfvq_pasta_buono.jpeg,0,0.03203265,0,originali,buono,pasta,,
/content/drive/MyDrive/DatasetVerifoto/images/whatsapp_vale_id/originali/buono/pasta/yuhs2ykg_pasta_buono.jpeg,0,0.014667382,0,originali,buono,pasta,,
/content/drive/MyDrive/DatasetVerifoto/images/whatsapp_vale_id/originali/buono/pasta/sqpixmd5_pasta_buono.jpeg,0,0.019610478,0,originali,buono,pasta,,
/content/drive/MyDrive/DatasetVerifoto/images/whatsapp_vale_id/originali/buono/pasta/umxcmuxg_pasta_buono.jpeg,0,0.064937495,0,originali,buono,pasta,,
/content/drive/MyDrive/DatasetVerifoto/images/whatsapp_vale_id/originali/buono/pasta/fxnfeuxy_pasta_buono.jpeg,0,0.008448183,0,originali,buono,pasta,,
/content/drive/MyDrive/DatasetVerifoto/images/whatsapp_vale_id/originali/buono/pasta/p45iostw_pasta_buono.jpg,0,0.05693186,0,originali,buono,pasta,,
/content/drive/MyDrive/DatasetVerifoto/images/whatsapp_vale_id/originali/buono/pasta/4szy2xcf_pasta_buono.jpeg,0,0.11193348,0,originali,buono,pasta,,
/content/drive/MyDrive/DatasetVerifoto/images/whatsapp_vale_id/originali/buono/pasta/l2wy2e4p_pasta_buono.jpeg,0,0.0778702,0,originali,buono,pasta,,
/content/drive/MyDrive/DatasetVerifoto/images/whatsapp_vale_id/originali/buono/pasta/kye76mxj_pasta_buono.jpeg,0,0.13850811,0,originali,buono,pasta,,
/content/drive/MyDrive/DatasetVerifoto/images/whatsapp_vale_id/originali/buono/pasta/32aagow7_pasta_buono.jpeg,0,0.97085685,1,originali,buono,pasta,,
/content/drive/MyDrive/DatasetVerifoto/images/whatsapp_vale_id/originali/buono/pasta/22vza2fr_pasta_buono.jpeg,0,0.9256859,1,originali,buono,pasta,,
/content/drive/MyDrive/DatasetVerifoto/images/whatsapp_vale_id/originali/buono/pasta/wqlepvuu_pasta_buono.jpeg,0,0.7706541,1,originali,buono,pasta,,
/content/drive/MyDrive/DatasetVerifoto/images/whatsapp_vale_id/originali/buono/pasta/pm46vzag_pasta_buono.jpeg,0,0.04056399,0,originali,buono,pasta,,
/content/drive/MyDrive/DatasetVerifoto/images/whatsapp_vale_id/originali/buono/pasta/gleub5m7_pasta_buono.jpeg,0,0.007472517,0,originali,buono,pasta,,
/content/drive/MyDrive/DatasetVerifoto/images/whatsapp_vale_id/originali/buono/pasta/5z2uinku_pasta_buono.jpeg,0,0.9877934,1,originali,buono,pasta,,
/content/drive/MyDrive/DatasetVerifoto/images/whatsapp_vale_id/originali/buono/pasta/jj4odgnd_pasta_buono.jpeg,0,0.013582591,0,originali,buono,pasta,,
/content/drive/MyDrive/DatasetVerifoto/images/whatsapp_vale_id/originali/buono/pasta/ni6smdiw_pasta_buono.jpeg,0,0.40226904,1,originali,buono,pasta,,
/content/drive/MyDrive/DatasetVerifoto/images/whatsapp_vale_id/originali/buono/pasta/uboeqqou_pasta_buono.jpeg,0,0.04146503,0,originali,buono,pasta,,
/content/drive/MyDrive/DatasetVerifoto/images/whatsapp_vale_id/originali/buono/pasta/h2jkdnmr_pasta_buono.jpeg,0,0.015901636,0,originali,buono,pasta,,
/content/drive/MyDrive/DatasetVerifoto/images/whatsapp_vale_id/originali/buono/pasta/cam5yw2i_pasta_buono.jpeg,0,0.14737798,0,originali,buono,pasta,,
/content/drive/MyDrive/DatasetVerifoto/images/whatsapp_vale_id/originali/buono/pasta/pvvcboi4_pasta_buono.jpeg,0,0.87714916,1,originali,buono,pasta,,
/content/drive/MyDrive/DatasetVerifoto/images/whatsapp_vale_id/originali/buono/pasta/inepugah_pasta_buono.jpeg,0,0.02149667,0,originali,buono,pasta,,
/content/drive/MyDrive/DatasetVerifoto/images/whatsapp_vale_id/originali/buono/pasta/72cup6rg_pasta_buono.jpeg,0,0.02065872,0,originali,buono,pasta,,
/content/drive/MyDrive/DatasetVerifoto/images/whatsapp_vale_id/originali/buono/pasta/zq4fcm43_pasta_buono.jpeg,0,0.9092975,1,originali,buono,pasta,,
/content/drive/MyDrive/DatasetVerifoto/images/whatsapp_vale_id/originali/buono/riso_paella/2ji2unpp_riso_paella_buono.jpg,0,0.88112503,1,originali,buono,riso_paella,,
/content/drive/MyDrive/DatasetVerifoto/images/whatsapp_vale_id/originali/buono/riso_paella/gii6pzha_riso_paella_buono.jpeg,0,0.52213264,1,originali,buono,riso_paella,,
/content/drive/MyDrive/DatasetVerifoto/images/whatsapp_vale_id/originali/buono/riso_paella/5yfa4b3d_riso_paella_buono.jpeg,0,0.01810799,0,originali,buono,riso_paella,,
/content/drive/MyDrive/DatasetVerifoto/images/whatsapp_vale_id/originali/buono/riso_paella/zogkeadk_riso_paella_buono.jpeg,0,0.05513632,0,originali,buono,riso_paella,,
/content/drive/MyDrive/DatasetVerifoto/images/whatsapp_vale_id/originali/buono/riso_paella/6lwwqikn_riso_paella_buono.jpeg,0,0.87605083,1,originali,buono,riso_paella,,
/content/drive/MyDrive/DatasetVerifoto/images/whatsapp_vale_id/originali/buono/riso_paella/ryzrpqgf_riso_paella_buono.jpeg,0,0.038331546,0,originali,buono,riso_paella,,
/content/drive/MyDrive/DatasetVerifoto/images/whatsapp_vale_id/originali/buono/riso_paella/zl5laivc_riso_paella_buono.jpeg,0,0.09344343,0,originali,buono,riso_paella,,
/content/drive/MyDrive/DatasetVerifoto/images/whatsapp_vale_id/originali/buono/riso_paella/h46x6wgh_riso_paella_buono.jpeg,0,0.045593143,0,originali,buono,riso_paella,,
/content/drive/MyDrive/DatasetVerifoto/images/whatsapp_vale_id/originali/buono/riso_paella/slqgr66e_riso_paella_buono.jpeg,0,0.0076821274,0,originali,buono,riso_paella,,
/content/drive/MyDrive/DatasetVerifoto/images/whatsapp_vale_id/originali/buono/riso_paella/bkx63ana_riso_paella_dubbio.jpeg,0,0.0528338,0,originali,buono,riso_paella,,
/content/drive/MyDrive/DatasetVerifoto/images/whatsapp_vale_id/originali/buono/riso_paella/pjmv5mu6_riso_paella_bruciato_cattivo.jpeg,0,0.041702714,0,originali,buono,riso_paella,,
/content/drive/MyDrive/DatasetVerifoto/images/whatsapp_vale_id/originali/buono/riso_paella/gc2q5n3c_riso_paella_dubbio.jpeg,0,0.022866305,0,originali,buono,riso_paella,,
/content/drive/MyDrive/DatasetVerifoto/images/whatsapp_vale_id/originali/buono/riso_paella/tinugczo_riso_paella_buono.jpeg,0,0.32648823,1,originali,buono,riso_paella,,
/content/drive/MyDrive/DatasetVerifoto/images/whatsapp_vale_id/originali/buono/riso_paella/fwue3tir_riso_paella_buono.jpeg,0,0.02190418,0,originali,buono,riso_paella,,
/content/drive/MyDrive/DatasetVerifoto/images/whatsapp_vale_id/originali/buono/riso_paella/la5faddp_riso_paella_buono.jpeg,0,0.9591282,1,originali,buono,riso_paella,,
/content/drive/MyDrive/DatasetVerifoto/images/whatsapp_vale_id/originali/buono/zuppa/2yabfsbs_zuppa_buono.jpeg,0,0.010533881,0,originali,buono,zuppa,,
/content/drive/MyDrive/DatasetVerifoto/images/whatsapp_vale_id/originali/buono/sushi/3fty3yfq_sushi_buono.jpeg,0,0.30353016,1,originali,buono,sushi,,
/content/drive/MyDrive/DatasetVerifoto/images/whatsapp_vale_id/originali/buono/sushi/jdzs2vpb_sushi_buono.jpeg,0,0.016585313,0,originali,buono,sushi,,
/content/drive/MyDrive/DatasetVerifoto/images/whatsapp_vale_id/originali/buono/sushi/afeqtdbm_sushi_buono.jpeg,0,0.013546458,0,originali,buono,sushi,,
/content/drive/MyDrive/DatasetVerifoto/images/whatsapp_vale_id/originali/buono/sushi/mw2pvbjq_sushi_buono.jpeg,0,0.07992228,0,originali,buono,sushi,,
/content/drive/MyDrive/DatasetVerifoto/images/whatsapp_vale_id/originali/buono/sushi/yap36qyd_sushi_buono.jpeg,0,0.016713187,0,originali,buono,sushi,,
/content/drive/MyDrive/DatasetVerifoto/images/whatsapp_vale_id/originali/buono/sushi/bvwvkj2b_sushi_buono.jpeg,0,0.015312364,0,originali,buono,sushi,,
/content/drive/MyDrive/DatasetVerifoto/images/whatsapp_vale_id/originali/buono/sushi/m6xrm3um_sushi_buono.jpeg,0,0.013865023,0,originali,buono,sushi,,
