defect_type,n_samples,n_pos,n_neg,accuracy,precision,recall,f1,roc_auc,pr_auc,tp,fp,tn,fn
bruciato,176,160,16,0.7727272727272727,1.0,0.75,0.8571428571428571,0.965625,0.9965401639686218,120,0,16,40
crudo,120,120,0,0.7583333333333333,1.0,0.7583333333333333,0.8625592417061612,,,91,0,0,29
marcio,96,88,8,0.7604166666666666,1.0,0.7386363636363636,0.8496732026143791,1.0,1.0,65,0,8,23
insetti,8,8,0,0.0,0.0,0.0,0.0,,,0,0,0,8
