generator,n_samples,n_pos,n_neg,accuracy,precision,recall,f1,roc_auc,pr_auc,tp,fp,tn,fn
gpt_image_1_mini,192,192,0,0.9583333333333334,1.0,0.9583333333333334,0.9787234042553191,,,184,0,0,8
gpt_image_1_5,184,184,0,0.5,1.0,0.5,0.6666666666666666,,,92,0,0,92
