{
  "aggregation": "mean",
  "n_photos": 3,
  "original_threshold": {
    "threshold": 0.9000000000000002,
    "n_photos": 3,
    "n_positive": 2.0,
    "n_negative": 1.0,
    "accuracy": 0.3333333333333333,
    "precision": 0.0,
    "recall": 0.0,
    "f1": 0.0,
    "roc_auc": 0.0,
    "pr_auc": 0.5833333333333333,
    "tn": 1,
    "fp": 0,
    "fn": 2,
    "tp": 0
  },
  "optimal_f1_threshold": {
    "threshold": 0.1,
    "n_photos": 3,
    "n_positive": 2.0,
    "n_negative": 1.0,
    "accuracy": 0.6666666666666666,
    "precision": 0.6666666666666666,
    "recall": 1.0,
    "f1": 0.8,
    "roc_auc": 0.0,
    "pr_auc": 0.5833333333333333,
    "tn": 0,
    "fp": 1,
    "fn": 0,
    "tp": 2
  },
  "optimal_precision_threshold": {
    "threshold": 0.1,
    "n_photos": 3,
    "n_positive": 2.0,
    "n_negative": 1.0,
    "accuracy": 0.6666666666666666,
    "precision": 0.6666666666666666,
    "recall": 1.0,
    "f1": 0.8,
    "roc_auc": 0.0,
    "pr_auc": 0.5833333333333333,
    "tn": 0,
    "fp": 1,
    "fn": 0,
    "tp": 2
  },
  "consistency": {
    "avg_std": 0.35326713309693725,
    "median_std": 0.3055310763822736,
    "max_std": 0.5325592331959926,
    "photos_std_lt_0.01": 0.0,
    "photos_std_lt_0.02": 0.0,
    "photos_std_lt_0.05": 0.0,
    "pct_std_lt_0.05": 0.0
  }
}