{
  "f1_optimal": 0.7000000000000001,
  "precision_optimal_recall_90": 0.7000000000000001,
  "recommendation": 0.7000000000000001,
  "rationale": "Use precision-optimal if precision > 0.75, otherwise use F1-optimal"
}