defect_type,n_samples,n_pos,n_neg,accuracy,precision,recall,f1,roc_auc,pr_auc,tp,fp,tn,fn
bruciato,176,160,16,1.0,1.0,1.0,1.0,1.0,1.0,160,0,16,0
crudo,120,120,0,1.0,1.0,1.0,1.0,,,120,0,0,0
marcio,96,88,8,0.9895833333333334,1.0,0.9886363636363636,0.9942857142857143,1.0,1.0,87,0,8,1
insetti,8,8,0,1.0,1.0,1.0,1.0,,,8,0,0,0
